"divipola","departamento","municipio","vigencia","femenino","masculino","no binario","género no responde","primera infancia 0 a 5 años","infancia 6 a 11 años","adolescencia 12 a 17 años","juventud 18 a 29 años","adultez 29 a 59 años","personas mayores 60 o más años","negros, afrocolombianos, raizales y palenqueros","indígenas","rrom","urbano","rural","LGBTIQ+","personas con discapacidad","personas defensoras de derechos humanos y liderazgo social","personas campesinas","persona en proceso de reincorporacion","víctimas","total personas de atendidas","Centroide del municipio"
"05364","Antioquia","Jardín","2,024","160","166","0","0","2","202","119","2","1","0","0","1","0","0","0","0","5","0","0","0","0","326","POINT (-75.818982 5.597542)"
"66440","Risaralda","Marsella","2,024","429","460","0","0","7","421","422","38","1","0","3","235","0","0","0","0","12","0","0","0","0","889","POINT (-75.738576 4.935559)"
"52381","Nariño","La Florida","2,024","3","3","0","2","0","0","0","3","5","0","0","0","0","0","0","0","0","0","0","0","0","8","POINT (-77.407372 1.299257)"
"05059","Antioquia","Armenia","2,023","88","78","0","0","0","91","64","1","10","0","10","5","0","0","0","0","1","0","0","0","0","166","POINT (-75.787072 6.155889)"
"05690","Antioquia","Santo Domingo","2,026","174","163","0","0","20","243","74","0","0","0","0","0","0","0","0","0","0","0","337","0","0","337","POINT (-75.167142 6.475646)"
"08558","Atlántico","Polonuevo","2,026","103","137","0","0","0","127","113","0","0","0","2","0","0","0","0","0","2","0","0","0","0","240","POINT (-74.854029 10.777894)"
"13442","Bolívar","María la Baja","2,026","400","320","0","0","13","386","318","3","0","0","720","0","0","0","0","0","0","0","120","0","0","720","POINT (-75.300528 9.982441)"
"70429","Sucre","Majagual","2,026","121","98","0","0","0","60","157","2","0","0","0","0","0","0","0","0","0","0","219","0","0","219","POINT (-74.628077 8.541163)"
"15455","Boyacá","Miraflores","2,023","3","0","0","0","0","0","0","0","3","0","0","0","0","0","0","0","0","0","0","0","0","3","POINT (-73.14563 5.196515)"
"41548","Huila","Pital","2,025","2","0","0","0","0","0","0","0","2","0","0","0","0","0","0","0","0","0","0","0","0","2","POINT (-75.805174 2.26752)"
"15212","Boyacá","Coper","2,026","1","0","0","0","0","0","0","0","1","0","0","0","0","0","0","0","0","0","0","0","0","1","POINT (-74.045636 5.475074)"
"25324","Cundinamarca","Guataquí","2,023","0","0","0","0","0","0","0","0","0","0","0","0","0","0","0","0","0","0","0","0","0","0","POINT (-74.790058 4.517517)"
"25506","Cundinamarca","Venecia","2,024","0","0","0","0","0","0","0","0","0","0","0","0","0","0","0","0","0","0","0","0","0","0","POINT (-74.478301 4.089056)"
"05353","Antioquia","Hispania","2,025","0","0","0","0","0","0","0","0","0","0","0","0","0","0","0","0","0","0","0","0","0","0","POINT (-75.906587 5.799461)"
"25596","Cundinamarca","Quipile","2,025","0","0","0","0","0","0","0","0","0","0","0","0","0","0","0","0","0","0","0","0","0","0","POINT (-74.533705 4.74481)"
"41885","Huila","Yaguará","2,026","0","0","0","0","0","0","0","0","0","0","0","0","0","0","0","0","0","0","0","0","0","0","POINT (-75.518023 2.664694)"
"50287","Meta","Fuentedeoro","2,026","0","0","0","0","0","0","0","0","0","0","0","0","0","0","0","0","0","0","0","0","0","0","POINT (-73.618121 3.462875)"
"76736","Valle del Cauca","Sevilla","2,026","0","0","0","0","0","0","0","0","0","0","0","0","0","0","0","0","0","0","0","0","0","0","POINT (-75.930941 4.267033)"
"91669","Amazonas","Puerto Santander (Anm)","2,026","0","0","0","0","0","0","0","0","0","0","0","0","0","0","0","0","0","0","0","0","0","0","POINT (-72.384213 -0.621184)"
"94884","Guainía","Puerto Colombia (Anm)","2,026","0","0","0","0","0","0","0","0","0","0","0","0","0","0","0","0","0","0","0","0","0","0","POINT (-67.566774 2.726438)"
"70204","Sucre","Colosó","2,025","180","241","0","0","12","305","100","3","1","0","0","1","0","0","0","0","8","0","227","0","0","421","POINT (-75.353256 9.494192)"
"25181","Cundinamarca","Choachí","2,025","148","151","0","2","44","144","99","2","8","4","0","0","0","0","0","0","7","0","225","0","0","301","POINT (-73.922894 4.527048)"
"25506","Cundinamarca","Venecia","2,025","7","0","0","0","0","0","0","0","7","0","2","0","0","0","0","0","5","0","3","0","0","7","POINT (-74.478301 4.089056)"
"13654","Bolívar","San Jacinto","2,024","218","262","0","1","1","340","129","5","4","2","111","0","0","0","0","0","0","0","0","0","0","481","POINT (-75.12105 9.830275)"
"25293","Cundinamarca","Gachalá","2,024","7","3","0","0","0","0","0","2","8","0","0","0","0","0","0","0","0","0","0","0","0","10","POINT (-73.520161 4.693579)"
"70742","Sucre","San Luis de Sincé","2,024","6","1","0","1","0","0","0","6","2","0","0","2","0","0","0","1","0","0","0","0","0","8","POINT (-75.145995 9.244307)"
"15466","Boyacá","Monguí","2,023","107","94","0","0","199","0","0","2","0","0","0","0","0","0","0","0","0","0","0","0","0","201","POINT (-72.849292 5.723486)"
"47001","Magdalena","Santa Marta","2,023","167","164","2","0","0","119","164","19","25","6","3","3","0","0","0","0","1","0","0","0","0","333","POINT (-74.200077 11.204685)"
"70235","Sucre","Galeras","2,023","15","17","0","0","0","0","0","22","10","0","3","3","0","0","0","0","0","0","0","0","0","32","POINT (-75.048576 9.159583)"
"52210","Nariño","Contadero","2,023","4","0","0","0","0","0","0","2","2","0","0","0","0","0","0","0","0","0","0","0","0","4","POINT (-77.549409 0.910458)"
"66045","Risaralda","Apía","2,023","1","2","0","0","0","0","0","3","0","0","1","0","0","0","0","0","0","0","0","0","0","3","POINT (-75.941931 5.105739)"
"73226","Tolima","Cunday","2,023","0","0","0","0","0","0","0","0","0","0","0","0","0","0","0","0","0","0","0","0","0","0","POINT (-74.692227 4.059259)"
"17867","Caldas","Victoria","2,026","0","0","0","0","0","0","0","0","0","0","0","0","0","0","0","0","0","0","0","0","0","0","POINT (-74.911239 5.317437)"
"25518","Cundinamarca","Paime","2,026","0","0","0","0","0","0","0","0","0","0","0","0","0","0","0","0","0","0","0","0","0","0","POINT (-74.152213 5.370487)"
"86571","Putumayo","Puerto Guzmán","2,025","576","613","0","0","82","677","409","21","0","0","18","316","0","0","0","0","10","0","787","0","0","1,189","POINT (-76.407274 0.962684)"
"13654","Bolívar","San Jacinto","2,025","475","424","0","0","11","602","279","2","5","0","145","0","0","0","0","0","0","0","276","0","0","899","POINT (-75.12105 9.830275)"
"73408","Tolima","Lérida","2,025","161","169","0","0","24","132","170","4","0","0","0","0","0","0","0","0","7","0","0","0","0","330","POINT (-74.910716 4.862046)"
"25394","Cundinamarca","La Palma","2,025","54","49","0","0","7","52","34","3","7","0","0","0","0","0","0","0","0","0","0","0","0","103","POINT (-74.391022 5.358816)"
"05129","Antioquia","Caldas","2,025","319","338","0","0","2","541","109","2","3","0","0","0","0","0","0","0","0","0","0","0","0","657","POINT (-75.633619 6.091296)"
"54599","Norte de Santander","Ragonvalia","2,024","10","4","0","0","0","0","0","2","12","0","0","0","0","0","0","0","0","0","0","0","0","14","POINT (-72.476708 7.577861)"
"70204","Sucre","Colosó","2,024","11","7","0","0","0","7","3","4","4","0","0","1","0","0","0","0","0","0","0","0","0","18","POINT (-75.353256 9.494192)"
"19300","Cauca","Guachené","2,024","216","230","0","0","0","18","385","38","4","1","446","0","0","0","0","0","0","0","0","0","0","446","POINT (-76.392189 3.134153)"
"54498","Norte de Santander","Ocaña","2,024","189","215","0","3","6","261","94","25","20","1","2","0","0","0","0","1","11","0","0","0","0","407","POINT (-73.355889 8.247588)"
"41660","Huila","Saladoblanco","2,024","9","3","0","0","0","0","0","3","7","2","0","0","0","0","0","0","0","0","0","0","0","12","POINT (-76.044141 1.992495)"
"15861","Boyacá","Ventaquemada","2,024","52","67","0","0","0","119","0","0","0","0","0","0","0","0","0","0","0","0","0","0","0","119","POINT (-73.522368 5.368739)"
"47318","Magdalena","Guamal","2,026","111","129","0","0","1","118","118","3","0","0","0","0","0","0","0","0","0","0","0","0","0","240","POINT (-74.223689 9.144354)"
"20787","Cesar","Tamalameque","2,023","1","2","0","0","0","0","0","2","1","0","0","0","0","0","0","0","0","0","0","0","0","3","POINT (-73.812172 8.861725)"
"68322","Santander","Guapotá","2,025","2","0","0","0","0","0","0","2","0","0","0","0","0","0","0","0","0","0","0","0","0","2","POINT (-73.320699 6.308588)"
"25873","Cundinamarca","Villapinzón","2,023","0","0","0","0","0","0","0","0","0","0","0","0","0","0","0","0","0","0","0","0","0","0","POINT (-73.595704 5.216393)"
"73520","Tolima","Palocabildo","2,024","0","0","0","0","0","0","0","0","0","0","0","0","0","0","0","0","0","0","0","0","0","0","POINT (-75.022198 5.120972)"
"94883","Guainía","San Felipe (Anm)","2,024","0","0","0","0","0","0","0","0","0","0","0","0","0","0","0","0","0","0","0","0","0","0","POINT (-67.067848 1.912495)"
"68211","Santander","Contratación","2,026","0","0","0","0","0","0","0","0","0","0","0","0","0","0","0","0","0","0","0","0","0","0","POINT (-73.474426 6.290561)"
"73622","Tolima","Roncesvalles","2,026","0","0","0","0","0","0","0","0","0","0","0","0","0","0","0","0","0","0","0","0","0","0","POINT (-75.606561 4.012888)"
"05364","Antioquia","Jardín","2,025","278","284","0","8","87","360","102","11","7","3","2","0","0","0","0","0","7","0","191","0","0","570","POINT (-75.818982 5.597542)"
"17877","Caldas","Viterbo","2,025","346","415","0","0","29","381","327","12","11","1","1","7","0","0","0","0","19","0","157","0","0","761","POINT (-75.87061 5.062664)"
"66440","Risaralda","Marsella","2,025","663","727","0","0","106","774","462","39","9","0","5","269","0","0","0","0","38","0","604","0","0","1,390","POINT (-75.738576 4.935559)"
"17653","Caldas","Salamina","2,025","260","260","0","1","38","214","254","12","3","0","0","0","0","0","0","0","17","0","25","0","0","521","POINT (-75.487223 5.403025)"
"54599","Norte de Santander","Ragonvalia","2,025","181","207","0","0","13","318","55","0","2","0","0","0","0","0","0","0","0","0","123","0","0","388","POINT (-72.476708 7.577861)"
"13430","Bolívar","Magangué","2,024","445","399","0","0","1","130","620","46","35","12","51","4","0","0","0","0","0","0","0","0","0","844","POINT (-74.770175 9.26854)"
"25394","Cundinamarca","La Palma","2,024","4","3","0","0","0","0","0","3","3","1","0","0","0","0","0","0","0","0","0","0","0","7","POINT (-74.391022 5.358816)"
"41548","Huila","Pital","2,024","3","1","0","0","0","0","0","4","0","0","0","0","0","0","0","0","0","0","0","0","0","4","POINT (-75.805174 2.26752)"
"70215","Sucre","Corozal","2,024","119","80","0","0","0","158","17","5","13","6","7","9","0","0","0","0","0","0","0","0","0","199","POINT (-75.293067 9.31875)"
"17541","Caldas","Pensilvania","2,024","299","269","0","0","28","434","100","6","0","0","0","0","0","0","0","0","0","0","0","0","0","568","POINT (-75.160299 5.383281)"
"68770","Santander","Suaita","2,024","194","216","0","0","13","226","145","23","3","0","0","0","0","0","0","0","0","0","0","0","0","410","POINT (-73.438416 6.103542)"
"15690","Boyacá","Santa María","2,023","4","0","0","0","0","0","0","0","4","0","0","0","0","0","0","0","0","0","0","0","0","4","POINT (-73.263518 4.857193)"
"13655","Bolívar","San Jacinto del Cauca","2,026","61","62","0","0","0","17","103","3","0","0","0","0","0","0","0","0","0","0","123","0","0","123","POINT (-74.721083 8.251599)"
"23300","Córdoba","Cotorra","2,026","242","287","0","0","69","267","166","27","0","0","1","74","0","0","0","0","1","0","57","0","0","529","POINT (-75.799216 9.037163)"
"68547","Santander","Piedecuesta","2,026","214","246","0","0","0","161","299","0","0","0","1","0","0","0","0","0","7","0","11","0","0","460","POINT (-73.054493 6.997272)"
"25862","Cundinamarca","Vergara","2,023","0","0","0","0","0","0","0","0","0","0","0","0","0","0","0","0","0","0","0","0","0","0","POINT (-74.346163 5.117258)"
"05790","Antioquia","Tarazá","2,025","0","0","0","0","0","0","0","0","0","0","0","0","0","0","0","0","0","0","0","0","0","0","POINT (-75.401407 7.580127)"
"15425","Boyacá","Macanal","2,026","0","0","0","0","0","0","0","0","0","0","0","0","0","0","0","0","0","0","0","0","0","0","POINT (-73.319593 4.972464)"
"68872","Santander","Villanueva","2,026","0","0","0","0","0","0","0","0","0","0","0","0","0","0","0","0","0","0","0","0","0","0","POINT (-73.174307 6.670078)"
"76400","Valle del Cauca","La Unión","2,026","0","0","0","0","0","0","0","0","0","0","0","0","0","0","0","0","0","0","0","0","0","0","POINT (-76.099661 4.533869)"
"70215","Sucre","Corozal","2,025","627","547","0","0","27","738","399","5","4","1","0","3","0","0","0","0","17","0","443","0","0","1,174","POINT (-75.293067 9.31875)"
"17541","Caldas","Pensilvania","2,025","439","409","0","0","44","562","240","2","0","0","0","0","0","0","0","0","2","0","173","0","0","848","POINT (-75.160299 5.383281)"
"25148","Cundinamarca","Caparrapí","2,025","4","0","0","0","0","0","0","0","4","0","0","0","0","0","0","0","0","0","0","0","0","4","POINT (-74.490708 5.34901)"
"63594","Quindío","Quimbaya","2,024","211","218","0","0","8","227","183","7","4","0","3","2","0","0","0","0","0","0","0","0","0","429","POINT (-75.765074 4.624387)"
"05854","Antioquia","Valdivia","2,023","4","2","0","0","0","1","1","2","2","0","0","0","0","0","0","0","0","0","0","0","0","6","POINT (-75.439274 7.1652)"
"47460","Magdalena","Nueva Granada","2,023","0","6","0","0","0","0","0","0","6","0","0","0","0","0","0","0","0","0","0","0","0","6","POINT (-74.391841 9.80186)"
"15600","Boyacá","Ráquira","2,023","4","1","0","0","0","0","0","4","1","0","1","0","0","0","0","0","0","0","0","0","0","5","POINT (-73.632543 5.539136)"
"08520","Atlántico","Palmar de Varela","2,023","10","19","0","0","0","0","0","27","2","0","0","1","0","0","0","0","1","0","0","0","0","29","POINT (-74.754765 10.738591)"
"25772","Cundinamarca","Suesca","2,023","17","4","0","0","0","1","0","8","12","0","0","0","0","0","0","0","2","0","0","0","0","21","POINT (-73.798227 5.103495)"
"52079","Nariño","Barbacoas","2,026","106","110","0","0","0","84","130","2","0","0","126","58","0","0","0","0","1","0","130","0","0","216","POINT (-78.139425 1.670423)"
"17777","Caldas","Supía","2,026","0","1","0","0","0","0","0","1","0","0","0","0","0","0","0","0","0","0","1","0","0","1","POINT (-75.64966 5.446843)"
"20175","Cesar","Chimichagua","2,026","0","1","0","0","0","0","0","0","1","0","0","0","0","0","0","0","0","0","0","0","0","1","POINT (-73.813278 9.25875)"
"97001","Vaupés","Mitú","2,026","1","0","0","0","0","0","0","1","0","0","0","0","0","0","0","0","0","0","0","0","0","1","POINT (-70.232641 1.253151)"
"47258","Magdalena","El Piñón","2,023","0","0","0","0","0","0","0","0","0","0","0","0","0","0","0","0","0","0","0","0","0","0","POINT (-74.823263 10.403071)"
"25260","Cundinamarca","El Rosal","2,024","0","0","0","0","0","0","0","0","0","0","0","0","0","0","0","0","0","0","0","0","0","0","POINT (-74.263767 4.85226)"
"41078","Huila","Baraya","2,025","0","0","0","0","0","0","0","0","0","0","0","0","0","0","0","0","0","0","0","0","0","0","POINT (-75.055253 3.152983)"
"05264","Antioquia","Entrerríos","2,026","0","0","0","0","0","0","0","0","0","0","0","0","0","0","0","0","0","0","0","0","0","0","POINT (-75.517685 6.566273)"
"66687","Risaralda","Santuario","2,026","0","0","0","0","0","0","0","0","0","0","0","0","0","0","0","0","0","0","0","0","0","0","POINT (-75.962196 5.072762)"
"73319","Tolima","Guamo","2,026","0","0","0","0","0","0","0","0","0","0","0","0","0","0","0","0","0","0","0","0","0","0","POINT (-74.968135 4.030992)"
"63001","Quindío","Armenia","2,025","2,029","2,019","0","6","19","2,182","1,777","32","41","3","33","26","2","0","0","0","247","0","0","0","0","4,054","POINT (-75.680787 4.53598)"
"41660","Huila","Saladoblanco","2,025","1","7","0","0","0","0","0","0","8","0","0","0","0","0","0","0","0","0","3","0","0","8","POINT (-76.044141 1.992495)"
"13744","Bolívar","Simití","2,025","381","405","0","0","16","420","330","9","11","0","1","0","0","0","0","0","0","0","574","0","0","786","POINT (-73.946715 7.9546)"
"73520","Tolima","Palocabildo","2,025","50","56","0","0","17","78","11","0","0","0","0","0","0","0","0","0","0","0","36","0","0","106","POINT (-75.022198 5.120972)"
"25148","Cundinamarca","Caparrapí","2,024","4","0","0","0","0","0","0","0","4","0","0","0","0","0","0","0","0","0","0","0","0","4","POINT (-74.490708 5.34901)"
"41078","Huila","Baraya","2,024","5","4","0","0","0","0","0","9","0","0","0","0","0","0","0","0","0","0","0","0","0","9","POINT (-75.055253 3.152983)"
"15835","Boyacá","Turmequé","2,023","6","0","0","0","0","0","0","0","6","0","0","0","0","0","0","0","0","0","0","0","0","6","POINT (-73.491825 5.323261)"
"68689","Santander","San Vicente de Chucurí","2,023","9","2","0","0","0","0","0","5","6","0","0","0","0","0","0","0","0","0","0","0","0","11","POINT (-73.411024 6.880383)"
"27430","Chocó","Medio Baudó","2,023","2","2","0","0","0","0","0","2","2","0","4","0","0","0","0","0","0","0","0","0","0","4","POINT (-76.950891 5.192471)"
"68162","Santander","Cerrito","2,023","1","1","0","0","0","0","0","2","0","0","0","0","0","0","0","0","0","0","0","0","0","2","POINT (-72.692345 6.844244)"
"19533","Cauca","Piamonte","2,023","0","0","0","0","0","0","0","0","0","0","0","0","0","0","0","0","0","0","0","0","0","0","POINT (-76.327892 1.119414)"
"25436","Cundinamarca","Manta","2,023","0","0","0","0","0","0","0","0","0","0","0","0","0","0","0","0","0","0","0","0","0","0","POINT (-73.540444 5.009008)"
"15839","Boyacá","Tutazá","2,025","0","0","0","0","0","0","0","0","0","0","0","0","0","0","0","0","0","0","0","0","0","0","POINT (-72.856035 6.032608)"
"19290","Cauca","Florencia","2,026","0","0","0","0","0","0","0","0","0","0","0","0","0","0","0","0","0","0","0","0","0","0","POINT (-77.072547 1.682535)"
"85250","Casanare","Paz de Ariporo","2,026","0","0","0","0","0","0","0","0","0","0","0","0","0","0","0","0","0","0","0","0","0","0","POINT (-71.890348 5.879827)"
"05656","Antioquia","San Jerónimo","2,025","382","348","0","0","78","251","392","5","4","0","45","58","0","0","0","0","1","0","318","0","0","730","POINT (-75.726975 6.44809)"
"70742","Sucre","San Luis de Sincé","2,025","138","121","0","0","36","84","121","10","6","2","0","26","0","0","0","0","0","0","130","0","0","259","POINT (-75.145995 9.244307)"
"47161","Magdalena","Cerro de San Antonio","2,025","313","302","0","0","3","196","389","15","12","0","100","0","0","0","0","0","1","0","165","0","0","615","POINT (-74.868481 10.325621)"
"25293","Cundinamarca","Gachalá","2,025","56","48","0","0","10","57","37","0","0","0","0","0","0","0","0","0","6","0","1","0","0","104","POINT (-73.520161 4.693579)"
"08770","Atlántico","Suan","2,025","184","237","0","0","0","186","205","9","21","0","4","0","0","0","0","0","0","0","1","0","0","421","POINT (-74.881687 10.335432)"
"47205","Magdalena","Concordia","2,025","255","290","0","0","3","246","290","3","1","2","1","0","0","0","0","0","3","0","336","0","0","545","POINT (-74.83303 10.257314)"
"44001","La Guajira","Riohacha","2,024","668","684","0","2","3","590","690","60","7","4","108","356","0","0","0","0","4","0","0","0","0","1,354","POINT (-72.911797 11.528588)"
"17653","Caldas","Salamina","2,024","236","209","0","0","26","97","295","26","1","0","0","0","0","0","0","0","0","0","0","0","0","445","POINT (-75.487223 5.403025)"
"63001","Quindío","Armenia","2,024","313","282","0","2","0","280","281","21","13","2","18","3","0","0","0","1","0","0","0","0","0","597","POINT (-75.680787 4.53598)"
"17001","Caldas","Manizales","2,023","125","128","0","0","0","138","51","21","43","1","1","0","0","0","0","0","1","0","0","0","0","254","POINT (-75.491018 5.057655)"
"54518","Norte de Santander","Pamplona","2,023","20","18","1","0","0","0","0","31","8","0","0","0","0","0","0","0","0","0","0","0","0","39","POINT (-72.647715 7.372816)"
"13688","Bolívar","Santa Rosa del Sur","2,026","312","329","0","0","36","293","309","3","0","0","0","0","0","0","0","0","0","0","581","0","0","641","POINT (-74.052943 7.963626)"
"15051","Boyacá","Arcabuco","2,023","2","1","0","0","0","0","0","2","1","0","0","0","0","0","0","0","0","0","0","0","0","3","POINT (-73.438111 5.755381)"
"68498","Santander","Ocamonte","2,023","0","2","0","0","0","0","0","2","0","0","0","0","0","0","0","0","0","0","0","0","0","2","POINT (-73.122563 6.339988)"
"73461","Tolima","Murillo","2,023","0","1","0","0","0","0","0","0","1","0","0","0","0","0","0","0","0","0","0","0","0","1","POINT (-75.170787 4.875071)"
"85015","Casanare","Chámeza","2,026","1","0","0","0","0","0","0","0","1","0","0","0","0","0","0","0","0","0","1","0","0","1","POINT (-72.87016 5.214527)"
"05652","Antioquia","San Francisco","2,023","0","0","0","0","0","0","0","0","0","0","0","0","0","0","0","0","0","0","0","0","0","0","POINT (-75.101467 5.961785)"
"05667","Antioquia","San Rafael","2,024","0","0","0","0","0","0","0","0","0","0","0","0","0","0","0","0","0","0","0","0","0","0","POINT (-75.02849 6.293759)"
"15514","Boyacá","Páez","2,024","0","0","0","0","0","0","0","0","0","0","0","0","0","0","0","0","0","0","0","0","0","0","POINT (-73.054496 5.094621)"
"15537","Boyacá","Paz de Río","2,026","0","0","0","0","0","0","0","0","0","0","0","0","0","0","0","0","0","0","0","0","0","0","POINT (-72.749137 5.987645)"
"15638","Boyacá","Sáchica","2,026","0","0","0","0","0","0","0","0","0","0","0","0","0","0","0","0","0","0","0","0","0","0","POINT (-73.542539 5.584305)"
"54174","Norte de Santander","Chitagá","2,026","0","0","0","0","0","0","0","0","0","0","0","0","0","0","0","0","0","0","0","0","0","0","POINT (-72.665468 7.138187)"
"44001","La Guajira","Riohacha","2,025","1,648","1,688","0","7","58","1,792","1,373","50","57","13","296","1,409","0","0","0","0","8","0","240","0","0","3,343","POINT (-72.911797 11.528588)"
"19300","Cauca","Guachené","2,025","223","207","0","0","0","226","193","0","10","1","428","0","0","0","0","0","0","0","0","0","0","430","POINT (-76.392189 3.134153)"
"54520","Norte de Santander","Pamplonita","2,025","284","372","0","0","19","379","251","3","4","0","0","1","0","0","0","0","17","0","345","0","0","656","POINT (-72.63925 7.436775)"
"19513","Cauca","Padilla","2,024","269","285","0","0","12","220","309","12","1","0","352","0","0","0","0","0","13","0","0","0","0","554","POINT (-76.313265 3.220984)"
"68669","Santander","San Andrés","2,024","326","300","0","0","3","131","455","37","0","0","28","0","0","0","0","0","20","0","0","0","0","626","POINT (-72.848696 6.812318)"
"05129","Antioquia","Caldas","2,024","168","142","0","0","24","157","114","7","7","1","0","0","0","0","0","0","6","0","0","0","0","310","POINT (-75.633619 6.091296)"
"13248","Bolívar","El Guamo","2,023","5","5","0","0","0","3","2","2","2","1","1","0","0","0","0","0","0","0","0","0","0","10","POINT (-74.976102 10.030874)"
"66594","Risaralda","Quinchía","2,023","17","5","1","0","0","0","15","8","0","0","0","1","0","0","0","0","1","0","0","0","0","23","POINT (-75.730431 5.340456)"
"68322","Santander","Guapotá","2,024","1","1","0","1","0","0","0","3","0","0","0","0","0","0","0","0","0","0","0","0","0","3","POINT (-73.320699 6.308588)"
"73024","Tolima","Alpujarra","2,023","2","0","0","0","0","0","0","0","2","0","0","0","0","0","0","0","0","0","0","0","0","2","POINT (-74.9329 3.391548)"
"25335","Cundinamarca","Guayabetal","2,023","0","0","0","0","0","0","0","0","0","0","0","0","0","0","0","0","0","0","0","0","0","0","POINT (-73.815107 4.215306)"
"25596","Cundinamarca","Quipile","2,024","0","0","0","0","0","0","0","0","0","0","0","0","0","0","0","0","0","0","0","0","0","0","POINT (-74.533705 4.74481)"
"52381","Nariño","La Florida","2,025","0","0","0","0","0","0","0","0","0","0","0","0","0","0","0","0","0","0","0","0","0","0","POINT (-77.407372 1.299257)"
"23580","Córdoba","Puerto Libertador","2,025","643","609","0","0","0","284","959","9","0","0","2","66","0","0","0","0","8","0","0","0","0","1,252","POINT (-75.671761 7.888859)"
"25126","Cundinamarca","Cajicá","2,025","222","302","0","0","12","183","314","11","4","0","0","0","0","0","0","0","39","0","0","0","0","524","POINT (-74.02298 4.920009)"
"25214","Cundinamarca","Cota","2,025","100","73","0","0","0","49","111","1","10","2","0","0","0","0","0","0","3","0","2","0","0","173","POINT (-74.102694 4.812817)"
"15367","Boyacá","Jenesano","2,025","0","0","0","4","0","0","0","4","0","0","0","0","0","0","0","0","0","0","0","0","0","4","POINT (-73.363738 5.385813)"
"25326","Cundinamarca","Guatavita","2,024","8","15","0","0","0","0","2","3","14","4","1","0","0","0","0","0","0","0","0","0","0","23","POINT (-73.832893 4.934214)"
"13744","Bolívar","Simití","2,024","248","261","0","0","12","220","243","28","5","1","1","0","0","0","0","0","1","0","0","0","0","509","POINT (-73.946715 7.9546)"
"54720","Norte de Santander","Sardinata","2,023","16","15","0","0","0","1","7","15","8","0","0","0","0","0","0","0","0","0","0","0","0","31","POINT (-72.800577 8.082105)"
"68167","Santander","Charalá","2,026","52","46","0","0","8","48","41","1","0","0","0","0","0","0","0","0","0","0","98","0","0","98","POINT (-73.146873 6.284339)"
"52019","Nariño","Albán","2,023","0","0","0","0","0","0","0","0","0","0","0","0","0","0","0","0","0","0","0","0","0","0","POINT (-77.080712 1.474978)"
"76250","Valle del Cauca","El Dovio","2,023","0","0","0","0","0","0","0","0","0","0","0","0","0","0","0","0","0","0","0","0","0","0","POINT (-76.237084 4.510452)"
"05321","Antioquia","Guatapé","2,026","0","0","0","0","0","0","0","0","0","0","0","0","0","0","0","0","0","0","0","0","0","0","POINT (-75.162293 6.232669)"
"52685","Nariño","San Bernardo","2,026","0","0","0","0","0","0","0","0","0","0","0","0","0","0","0","0","0","0","0","0","0","0","POINT (-77.047412 1.514298)"
"76869","Valle del Cauca","Vijes","2,025","143","166","0","0","0","148","160","0","1","0","0","14","0","0","0","0","5","0","0","0","0","309","POINT (-76.441804 3.698686)"
"86885","Putumayo","Villagarzón","2,024","289","301","0","0","3","256","273","27","30","1","2","100","0","0","0","0","5","0","0","0","0","590","POINT (-76.61721 1.028821)"
"85440","Casanare","Villanueva","2,024","216","364","0","0","1","344","214","18","3","0","0","0","0","0","0","0","0","0","0","0","0","580","POINT (-72.927446 4.610006)"
"68397","Santander","La Paz","2,023","3","3","0","0","0","0","0","6","0","0","0","0","0","0","0","0","0","0","0","0","0","6","POINT (-73.58959 6.178509)"
"68296","Santander","Galán","2,023","5","0","0","0","0","0","0","1","4","0","0","0","0","0","0","0","0","0","0","0","0","5","POINT (-73.287765 6.638415)"
"76834","Valle del Cauca","Tuluá","2,023","17","12","0","0","0","0","0","10","15","4","0","0","0","0","0","0","0","0","0","0","0","29","POINT (-76.19761 4.085335)"
"27075","Chocó","Bahía Solano","2,026","159","154","0","0","40","190","69","14","0","0","195","99","0","0","0","0","2","0","221","0","0","313","POINT (-77.401633 6.22127)"
"70508","Sucre","Ovejas","2,026","195","266","0","0","20","250","190","0","1","0","0","3","0","0","0","0","3","0","220","0","0","461","POINT (-75.229037 9.527176)"
"05856","Antioquia","Valparaíso","2,024","1","2","0","0","0","0","0","3","0","0","0","0","0","0","0","0","0","0","0","0","0","3","POINT (-75.624452 5.614555)"
"27050","Chocó","Atrato","2,023","2","0","0","0","0","0","0","2","0","0","2","0","0","0","0","0","0","0","0","0","0","2","POINT (-76.635674 5.531419)"
"05138","Antioquia","Cañasgordas","2,023","1","1","0","0","0","0","0","2","0","0","0","0","0","0","0","0","0","0","0","0","0","2","POINT (-76.03221 6.759478)"
"15804","Boyacá","Tibaná","2,024","1","0","0","0","0","0","0","0","1","0","0","0","0","0","0","0","0","0","0","0","0","1","POINT (-73.396457 5.317251)"
"13810","Bolívar","Tiquisio","2,024","0","0","0","0","0","0","0","0","0","0","0","0","0","0","0","0","0","0","0","0","0","0","POINT (-74.26338 8.557966)"
"15580","Boyacá","Quípama","2,024","0","0","0","0","0","0","0","0","0","0","0","0","0","0","0","0","0","0","0","0","0","0","POINT (-74.177729 5.51837)"
"15480","Boyacá","Muzo","2,026","0","0","0","0","0","0","0","0","0","0","0","0","0","0","0","0","0","0","0","0","0","0","POINT (-74.10269 5.532758)"
"73152","Tolima","Casabianca","2,026","0","0","0","0","0","0","0","0","0","0","0","0","0","0","0","0","0","0","0","0","0","0","POINT (-75.120966 5.078465)"
"19256","Cauca","El Tambo","2,025","393","404","0","0","51","364","356","11","10","5","3","9","0","0","0","0","3","0","695","0","0","797","POINT (-76.810911 2.451409)"
"86885","Putumayo","Villagarzón","2,025","558","526","0","0","39","651","369","14","10","1","9","331","0","0","0","0","12","0","365","0","0","1,084","POINT (-76.61721 1.028821)"
"63594","Quindío","Quimbaya","2,025","453","407","0","0","22","702","131","0","5","0","97","3","0","0","0","0","18","0","5","0","0","860","POINT (-75.765074 4.624387)"
"85440","Casanare","Villanueva","2,025","303","495","0","0","1","551","213","17","16","0","0","0","0","0","0","0","0","0","21","0","0","798","POINT (-72.927446 4.610006)"
"68502","Santander","Onzaga","2,024","14","2","0","0","0","0","1","3","11","1","0","0","0","0","0","0","0","0","0","0","0","16","POINT (-72.816766 6.344104)"
"47161","Magdalena","Cerro de San Antonio","2,024","154","154","0","0","0","54","236","12","6","0","0","0","0","0","0","0","0","0","0","0","0","308","POINT (-74.868481 10.325621)"
"23580","Córdoba","Puerto Libertador","2,024","514","476","0","0","0","204","772","9","5","0","0","1","0","0","0","0","0","0","0","0","0","990","POINT (-75.671761 7.888859)"
"18479","Caquetá","Morelia","2,023","7","9","0","0","0","3","2","7","2","2","0","0","0","0","0","0","0","0","0","0","0","16","POINT (-75.724581 1.487623)"
"27250","Chocó","El Litoral del San Juan","2,023","73","119","0","0","148","0","0","0","8","36","5","186","0","0","0","0","0","0","0","0","0","192","POINT (-77.35989 4.256823)"
"54810","Norte de Santander","Tibú","2,023","89","88","0","0","0","124","42","7","4","0","0","1","0","0","0","0","3","0","0","0","0","177","POINT (-72.734496 8.639891)"
"52696","Nariño","Santa Bárbara","2,026","112","84","0","0","0","15","152","29","0","0","193","3","0","0","0","0","1","0","194","0","0","196","POINT (-77.979916 2.449653)"
"15097","Boyacá","Boavita","2,023","2","0","0","0","0","0","0","0","2","0","0","0","0","0","0","0","0","0","0","0","0","2","POINT (-72.584905 6.330703)"
"15580","Boyacá","Quípama","2,025","1","0","0","0","0","0","0","1","0","0","0","0","0","0","0","0","0","0","0","0","0","1","POINT (-74.177729 5.51837)"
"13810","Bolívar","Tiquisio","2,025","0","0","0","0","0","0","0","0","0","0","0","0","0","0","0","0","0","0","0","0","0","0","POINT (-74.26338 8.557966)"
"25799","Cundinamarca","Tenjo","2,026","0","0","0","0","0","0","0","0","0","0","0","0","0","0","0","0","0","0","0","0","0","0","POINT (-74.14392 4.871887)"
"52573","Nariño","Puerres","2,026","0","0","0","0","0","0","0","0","0","0","0","0","0","0","0","0","0","0","0","0","0","0","POINT (-77.504211 0.885125)"
"68468","Santander","Molagavita","2,026","0","0","0","0","0","0","0","0","0","0","0","0","0","0","0","0","0","0","0","0","0","0","POINT (-72.809177 6.674326)"
"25438","Cundinamarca","Medina","2,024","5","7","0","0","0","0","0","12","0","0","0","0","0","0","0","0","0","0","0","0","0","12","POINT (-73.348449 4.506298)"
"25899","Cundinamarca","Zipaquirá","2,024","12","7","0","0","0","0","0","16","3","0","0","1","0","0","0","0","0","0","0","0","0","19","POINT (-73.994434 5.02544)"
"05656","Antioquia","San Jerónimo","2,024","207","205","0","0","2","238","168","2","2","0","0","0","0","0","0","0","3","0","0","0","0","412","POINT (-75.726975 6.44809)"
"05250","Antioquia","El Bagre","2,023","5","6","0","0","0","0","0","11","0","0","3","0","0","0","0","0","0","0","0","0","0","11","POINT (-74.799097 7.5975)"
"15646","Boyacá","Samacá","2,023","99","87","0","0","0","0","184","2","0","0","0","0","0","0","0","0","0","0","0","0","0","186","POINT (-73.485589 5.492161)"
"52390","Nariño","La Tola","2,023","21","12","0","0","0","0","5","6","17","5","19","1","0","0","0","0","0","0","0","0","0","33","POINT (-78.189821 2.399689)"
"54261","Norte de Santander","El Zulia","2,023","2","1","0","0","0","0","0","2","0","1","0","0","0","0","0","0","0","0","0","0","0","3","POINT (-72.604805 7.938529)"
"25214","Cundinamarca","Cota","2,024","1","1","0","0","0","0","0","0","2","0","0","0","0","0","0","0","0","0","0","0","0","2","POINT (-74.102694 4.812817)"
"76845","Valle del Cauca","Ulloa","2,023","2","0","0","0","0","0","0","0","2","0","0","0","0","0","0","0","0","0","0","0","0","2","POINT (-75.737748 4.702514)"
"73270","Tolima","Falan","2,023","0","1","0","0","0","0","0","0","1","0","0","0","0","0","0","0","0","0","0","0","0","1","POINT (-74.953007 5.123104)"
"15368","Boyacá","Jericó","2,026","0","1","0","0","0","0","0","0","1","0","0","0","0","0","0","0","0","0","0","0","0","1","POINT (-72.57073 6.145902)"
"15681","Boyacá","San Pablo de Borbur","2,025","0","0","0","0","0","0","0","0","0","0","0","0","0","0","0","0","0","0","0","0","0","0","POINT (-74.069963 5.650743)"
"68266","Santander","Enciso","2,026","0","0","0","0","0","0","0","0","0","0","0","0","0","0","0","0","0","0","0","0","0","0","POINT (-72.699647 6.668034)"
"73352","Tolima","Icononzo","2,026","0","0","0","0","0","0","0","0","0","0","0","0","0","0","0","0","0","0","0","0","0","0","POINT (-74.531969 4.176487)"
"85430","Casanare","Trinidad","2,026","0","0","0","0","0","0","0","0","0","0","0","0","0","0","0","0","0","0","0","0","0","0","POINT (-71.662812 5.412178)"
"86001","Putumayo","Mocoa","2,026","0","0","0","0","0","0","0","0","0","0","0","0","0","0","0","0","0","0","0","0","0","0","POINT (-76.650271 1.152296)"
"25899","Cundinamarca","Zipaquirá","2,025","253","270","0","12","82","396","39","13","3","2","0","0","0","0","0","0","2","0","94","0","0","535","POINT (-73.994434 5.02544)"
"52001","Nariño","Pasto","2,025","603","709","0","10","14","1,031","204","13","48","12","21","10","0","0","0","0","10","0","2","0","0","1,322","POINT (-77.278597 1.212022)"
"68669","Santander","San Andrés","2,025","415","374","0","1","49","287","428","22","2","2","0","0","0","0","0","0","17","0","265","0","0","790","POINT (-72.848696 6.812318)"
"54553","Norte de Santander","Puerto Santander","2,025","4","2","0","0","0","0","0","0","5","1","0","0","0","0","0","0","0","0","2","0","0","6","POINT (-72.411363 8.359993)"
"68770","Santander","Suaita","2,025","220","258","0","0","68","303","96","5","6","0","0","4","0","0","0","0","4","0","460","0","0","478","POINT (-73.438416 6.103542)"
"08849","Atlántico","Usiacurí","2,025","11","2","0","0","0","0","1","0","11","1","0","3","0","0","0","0","0","0","2","0","0","13","POINT (-74.976985 10.74298)"
"68500","Santander","Oiba","2,024","4","1","0","1","0","0","0","6","0","0","1","0","0","0","0","0","0","0","0","0","0","6","POINT (-73.299786 6.265175)"
"47541","Magdalena","Pedraza","2,024","216","210","0","0","0","112","304","4","6","0","203","0","0","0","0","0","0","0","0","0","0","426","POINT (-74.915458 10.188206)"
"15189","Boyacá","Ciénega","2,024","135","142","0","0","0","215","62","0","0","0","0","0","0","0","0","0","3","0","0","0","0","277","POINT (-73.296049 5.408694)"
"20238","Cesar","El Copey","2,023","3","3","0","0","0","0","0","4","2","0","0","0","0","0","0","0","1","0","0","0","0","6","POINT (-73.962751 10.149626)"
"54250","Norte de Santander","El Tarra","2,023","6","5","0","0","0","0","1","7","3","0","0","0","0","0","0","0","0","0","0","0","0","11","POINT (-73.09614 8.574281)"
"50350","Meta","La Macarena","2,023","12","2","0","0","0","0","1","2","10","1","0","2","0","0","0","0","0","0","0","0","0","14","POINT (-73.78661 2.177143)"
"18001","Caquetá","Florencia","2,026","368","280","0","0","26","321","299","2","0","0","1","4","0","0","0","0","5","0","104","0","0","648","POINT (-75.609796 1.618234)"
"17616","Caldas","Risaralda","2,023","0","0","0","0","0","0","0","0","0","0","0","0","0","0","0","0","0","0","0","0","0","0","POINT (-75.76722 5.164509)"
"52480","Nariño","Nariño","2,023","0","0","0","0","0","0","0","0","0","0","0","0","0","0","0","0","0","0","0","0","0","0","POINT (-77.357972 1.288979)"
"05040","Antioquia","Anorí","2,026","0","0","0","0","0","0","0","0","0","0","0","0","0","0","0","0","0","0","0","0","0","0","POINT (-75.148355 7.074703)"
"66318","Risaralda","Guática","2,026","0","0","0","0","0","0","0","0","0","0","0","0","0","0","0","0","0","0","0","0","0","0","POINT (-75.799324 5.316251)"
"68861","Santander","Vélez","2,026","0","0","0","0","0","0","0","0","0","0","0","0","0","0","0","0","0","0","0","0","0","0","POINT (-73.666299 6.010953)"
"15861","Boyacá","Ventaquemada","2,025","211","247","0","0","8","424","24","2","0","0","0","0","0","0","0","0","1","0","321","0","0","458","POINT (-73.522368 5.368739)"
"08849","Atlántico","Usiacurí","2,024","12","1","0","0","0","0","0","8","5","0","0","4","0","0","0","0","0","0","0","0","0","13","POINT (-74.976985 10.74298)"
"76869","Valle del Cauca","Vijes","2,024","3","4","0","0","0","0","0","0","4","3","0","0","0","0","0","0","0","0","0","0","0","7","POINT (-76.441804 3.698686)"
"08770","Atlántico","Suan","2,024","102","114","0","0","0","130","50","9","22","5","35","0","0","0","0","0","0","0","0","0","0","216","POINT (-74.881687 10.335432)"
"25126","Cundinamarca","Cajicá","2,024","6","10","0","1","0","0","0","8","9","0","0","0","0","0","0","1","0","0","0","0","0","17","POINT (-74.02298 4.920009)"
"63111","Quindío","Buenavista","2,023","2","4","0","0","0","0","0","4","2","0","0","0","0","0","0","0","0","0","0","0","0","6","POINT (-75.739693 4.360121)"
"63401","Quindío","La Tebaida","2,023","4","9","0","0","0","0","0","10","2","1","0","0","0","0","0","0","1","0","0","0","0","13","POINT (-75.786887 4.453755)"
"25805","Cundinamarca","Tibacuy","2,023","0","4","0","0","0","0","0","1","1","2","0","0","0","0","0","0","1","0","0","0","0","4","POINT (-74.452344 4.348315)"
"05051","Antioquia","Arboletes","2,026","177","180","0","0","6","169","177","5","0","0","94","0","0","0","0","0","0","0","149","0","0","357","POINT (-76.426708 8.849317)"
"70418","Sucre","Los Palmitos","2,026","256","326","0","0","19","438","124","0","1","0","0","0","0","0","0","0","1","0","25","0","0","582","POINT (-75.268716 9.380269)"
"54553","Norte de Santander","Puerto Santander","2,024","1","2","0","0","0","0","0","0","2","1","0","0","0","0","0","0","0","0","0","0","0","3","POINT (-72.411363 8.359993)"
"15185","Boyacá","Chitaraque","2,023","2","0","0","0","0","0","0","2","0","0","0","0","0","0","0","0","0","0","0","0","0","2","POINT (-73.4471 6.027425)"
"54239","Norte de Santander","Durania","2,023","2","0","0","0","0","0","0","0","2","0","0","0","0","0","0","0","0","0","0","0","0","2","POINT (-72.658491 7.714804)"
"05237","Antioquia","Donmatías","2,023","1","0","0","0","0","0","0","1","0","0","0","0","0","0","0","0","0","0","0","0","0","1","POINT (-75.39263 6.485603)"
"25328","Cundinamarca","Guayabal de Síquima","2,024","1","0","0","0","0","0","0","0","1","0","1","0","0","0","0","0","0","0","0","0","0","1","POINT (-74.467437 4.877968)"
"25594","Cundinamarca","Quetame","2,023","0","0","0","0","0","0","0","0","0","0","0","0","0","0","0","0","0","0","0","0","0","0","POINT (-73.863214 4.329884)"
"94883","Guainía","San Felipe (Anm)","2,025","0","0","0","0","0","0","0","0","0","0","0","0","0","0","0","0","0","0","0","0","0","0","POINT (-67.067848 1.912495)"
"15469","Boyacá","Moniquirá","2,026","0","0","0","0","0","0","0","0","0","0","0","0","0","0","0","0","0","0","0","0","0","0","POINT (-73.573374 5.876331)"
"68077","Santander","Barbosa","2,026","0","0","0","0","0","0","0","0","0","0","0","0","0","0","0","0","0","0","0","0","0","0","POINT (-73.616016 5.932699)"
"76377","Valle del Cauca","La Cumbre","2,025","213","222","0","0","21","213","180","11","10","0","2","0","0","0","0","0","10","0","135","0","0","435","POINT (-76.56805 3.649268)"
"13430","Bolívar","Magangué","2,025","606","635","0","0","0","405","825","8","3","0","0","4","0","0","0","0","6","0","398","0","0","1,241","POINT (-74.770175 9.26854)"
"52203","Nariño","Colón","2,025","4","0","0","0","0","0","0","0","4","0","0","0","0","0","0","0","0","0","0","0","0","4","POINT (-77.019777 1.643878)"
"13160","Bolívar","Cantagallo","2,024","109","85","0","0","0","81","87","14","12","0","5","0","0","0","0","0","4","0","0","0","0","194","POINT (-73.914626 7.378247)"
"23670","Córdoba","San Andrés de Sotavento","2,024","262","240","0","0","2","233","238","24","4","1","0","475","0","0","0","0","1","0","0","0","0","502","POINT (-75.508817 9.145345)"
"15681","Boyacá","San Pablo de Borbur","2,024","13","6","0","0","0","8","0","5","6","0","0","0","0","0","0","0","0","0","0","0","0","19","POINT (-74.069963 5.650743)"
"19364","Cauca","Jambaló","2,023","113","88","0","0","0","19","172","5","3","2","0","193","0","0","0","0","0","0","0","0","0","201","POINT (-76.323877 2.777834)"
"41298","Huila","Garzón","2,023","42","29","0","0","0","32","20","15","4","0","0","1","0","0","0","0","0","0","0","0","0","71","POINT (-75.627694 2.196994)"
"15380","Boyacá","La Capilla","2,025","2","0","0","0","0","1","0","1","0","0","0","0","0","0","0","0","0","0","0","0","0","2","POINT (-73.444347 5.095687)"
"68867","Santander","Vetas","2,023","0","2","0","0","0","0","0","1","1","0","0","0","0","0","0","0","0","0","0","0","0","2","POINT (-72.871041 7.30981)"
"15660","Boyacá","San Eduardo","2,026","0","0","0","0","0","0","0","0","0","0","0","0","0","0","0","0","0","0","0","0","0","0","POINT (-73.07713 5.223969)"
"15761","Boyacá","Somondoco","2,026","0","0","0","0","0","0","0","0","0","0","0","0","0","0","0","0","0","0","0","0","0","0","POINT (-73.433393 4.985726)"
"20443","Cesar","Manaure Balcón del Cesar","2,026","0","0","0","0","0","0","0","0","0","0","0","0","0","0","0","0","0","0","0","0","0","0","POINT (-73.02832 10.390899)"
"25898","Cundinamarca","Zipacón","2,026","0","0","0","0","0","0","0","0","0","0","0","0","0","0","0","0","0","0","0","0","0","0","POINT (-74.379566 4.759932)"
"52786","Nariño","Taminango","2,026","0","0","0","0","0","0","0","0","0","0","0","0","0","0","0","0","0","0","0","0","0","0","POINT (-77.2808 1.570358)"
"54051","Norte de Santander","Arboledas","2,026","0","0","0","0","0","0","0","0","0","0","0","0","0","0","0","0","0","0","0","0","0","0","POINT (-72.798952 7.642985)"
"70820","Sucre","Santiago de Tolú","2,026","0","0","0","0","0","0","0","0","0","0","0","0","0","0","0","0","0","0","0","0","0","0","POINT (-75.581284 9.525454)"
"47541","Magdalena","Pedraza","2,025","231","248","0","0","23","125","323","8","0","0","360","0","0","0","0","0","0","0","240","0","0","479","POINT (-74.915458 10.188206)"
"15189","Boyacá","Ciénega","2,025","303","307","0","0","57","330","220","2","1","0","0","0","0","0","0","0","3","0","283","0","0","610","POINT (-73.296049 5.408694)"
"63212","Quindío","Córdoba","2,023","5","2","0","0","0","0","0","2","4","1","2","0","0","0","0","0","0","0","0","0","0","7","POINT (-75.687866 4.392485)"
"41770","Huila","Suaza","2,023","5","3","0","0","0","0","0","5","3","0","0","0","0","0","0","0","0","0","0","0","0","8","POINT (-75.79525 1.976051)"
"85225","Casanare","Nunchía","2,023","7","1","0","0","0","0","0","0","8","0","0","0","0","0","0","0","0","0","0","0","0","8","POINT (-72.195319 5.636469)"
"50150","Meta","Castilla la Nueva","2,023","7","4","0","0","0","1","0","2","8","0","1","0","0","0","0","0","0","0","0","0","0","11","POINT (-73.687237 3.826992)"
"23464","Córdoba","Momil","2,023","32","23","0","0","0","1","0","47","4","3","2","38","0","0","0","0","0","0","0","0","0","55","POINT (-75.67796 9.240707)"
"73349","Tolima","Honda","2,023","2","2","0","0","0","0","0","2","2","0","0","0","0","0","0","0","0","0","0","0","0","4","POINT (-74.741367 5.201633)"
"41483","Huila","Nátaga","2,026","104","125","0","0","0","203","26","0","0","0","0","0","0","0","0","0","1","0","126","0","0","229","POINT (-75.808756 2.5451)"
"70708","Sucre","San Marcos","2,026","147","153","0","0","0","190","108","2","0","0","0","300","0","0","0","0","0","0","300","0","0","300","POINT (-75.132078 8.664585)"
"25326","Cundinamarca","Guatavita","2,025","2","0","0","0","0","0","0","0","2","0","0","0","0","0","0","0","0","0","0","0","0","2","POINT (-73.832893 4.934214)"
"05353","Antioquia","Hispania","2,024","1","0","0","0","0","0","0","0","1","0","0","0","0","0","0","0","0","0","0","0","0","1","POINT (-75.906587 5.799461)"
"19760","Cauca","Sotará Paispamba","2,026","1","0","0","0","0","0","0","0","1","0","0","0","0","0","0","0","0","0","1","0","0","1","POINT (-76.613365 2.253156)"
"15380","Boyacá","La Capilla","2,024","0","0","0","0","0","0","0","0","0","0","0","0","0","0","0","0","0","0","0","0","0","0","POINT (-73.444347 5.095687)"
"76377","Valle del Cauca","La Cumbre","2,024","0","0","0","0","0","0","0","0","0","0","0","0","0","0","0","0","0","0","0","0","0","0","POINT (-76.56805 3.649268)"
"68377","Santander","La Belleza","2,025","0","0","0","0","0","0","0","0","0","0","0","0","0","0","0","0","0","0","0","0","0","0","POINT (-73.965494 5.85925)"
"13620","Bolívar","San Cristóbal","2,026","0","0","0","0","0","0","0","0","0","0","0","0","0","0","0","0","0","0","0","0","0","0","POINT (-75.065076 10.392836)"
"18785","Caquetá","Solita","2,026","0","0","0","0","0","0","0","0","0","0","0","0","0","0","0","0","0","0","0","0","0","0","POINT (-75.619902 0.87654)"
"52885","Nariño","Yacuanquer","2,026","0","0","0","0","0","0","0","0","0","0","0","0","0","0","0","0","0","0","0","0","0","0","POINT (-77.402824 1.114556)"
"19548","Cauca","Piendamó - Tunía","2,025","395","438","0","0","32","488","273","13","26","1","0","50","0","0","0","0","10","0","495","0","0","833","POINT (-76.528615 2.64228)"
"25754","Cundinamarca","Soacha","2,025","1,238","1,270","0","0","0","1,677","785","19","26","1","14","5","1","0","0","0","93","0","23","0","0","2,508","POINT (-74.215456 4.579298)"
"52427","Nariño","Magüí","2,025","2","4","0","0","0","0","0","3","3","0","6","0","0","0","0","0","0","0","0","0","0","6","POINT (-78.183024 1.76523)"
"15837","Boyacá","Tuta","2,025","174","179","0","0","19","285","22","0","27","0","0","0","0","0","0","0","0","0","129","0","0","353","POINT (-73.225178 5.690906)"
"41359","Huila","Isnos","2,025","237","229","0","0","12","383","70","1","0","0","0","0","0","0","0","0","2","0","171","0","0","466","POINT (-76.217637 1.929467)"
"41524","Huila","Palermo","2,024","63","49","0","0","0","22","83","4","3","0","0","1","0","0","0","0","4","0","0","0","0","112","POINT (-75.434329 2.888246)"
"08421","Atlántico","Luruaco","2,024","189","177","0","0","0","169","190","4","3","0","108","0","0","0","0","0","1","0","0","0","0","366","POINT (-75.142023 10.610652)"
"73283","Tolima","Fresno","2,024","54","58","0","0","0","22","84","2","4","0","0","0","0","0","0","0","3","0","0","0","0","112","POINT (-75.035722 5.153576)"
"50150","Meta","Castilla la Nueva","2,024","272","255","0","0","0","350","173","2","2","0","1","3","0","0","0","0","7","0","0","0","0","527","POINT (-73.687237 3.826992)"
"52693","Nariño","San Pablo","2,024","6","2","0","0","0","0","0","1","6","1","0","0","0","0","0","0","0","0","0","0","0","8","POINT (-77.013984 1.669429)"
"54239","Norte de Santander","Durania","2,024","5","3","0","0","0","0","0","2","6","0","0","0","0","0","0","0","0","0","0","0","0","8","POINT (-72.658491 7.714804)"
"47798","Magdalena","Tenerife","2,023","7","0","0","0","0","0","0","2","5","0","4","0","0","0","0","0","0","0","0","0","0","7","POINT (-74.860757 9.897759)"
"27160","Chocó","Cértegui","2,023","5","6","0","0","0","2","0","6","3","0","10","0","0","0","0","0","0","0","0","0","0","11","POINT (-76.607483 5.370117)"
"05318","Antioquia","Guarne","2,023","178","140","0","0","316","0","0","1","1","0","0","0","0","0","0","0","0","0","0","0","0","318","POINT (-75.441612 6.27787)"
"52612","Nariño","Ricaurte","2,023","193","117","0","0","78","0","1","8","6","217","0","14","0","0","0","0","3","0","0","0","0","310","POINT (-77.995153 1.212492)"
"76364","Valle del Cauca","Jamundí","2,023","122","80","1","0","0","29","0","69","100","5","15","3","0","0","0","0","3","0","0","0","0","203","POINT (-76.539785 3.260449)"
"27413","Chocó","Lloró","2,026","0","96","0","0","0","25","54","17","0","0","0","96","0","0","0","0","0","0","96","0","0","96","POINT (-76.545238 5.498161)"
"25572","Cundinamarca","Puerto Salgar","2,024","1","0","0","0","0","0","0","0","1","0","0","0","0","0","0","0","0","0","0","0","0","1","POINT (-74.65277 5.46499)"
"73678","Tolima","San Luis","2,024","1","0","0","0","0","0","0","0","1","0","0","0","0","0","0","0","0","0","0","0","0","1","POINT (-75.095804 4.133721)"
"15022","Boyacá","Almeida","2,024","0","0","0","0","0","0","0","0","0","0","0","0","0","0","0","0","0","0","0","0","0","0","POINT (-73.378933 4.970857)"
"68245","Santander","El Guacamayo","2,024","0","0","0","0","0","0","0","0","0","0","0","0","0","0","0","0","0","0","0","0","0","0","POINT (-73.496893 6.245119)"
"13600","Bolívar","Río Viejo","2,026","0","0","0","0","0","0","0","0","0","0","0","0","0","0","0","0","0","0","0","0","0","0","POINT (-73.840466 8.58795)"
"25867","Cundinamarca","Vianí","2,026","0","0","0","0","0","0","0","0","0","0","0","0","0","0","0","0","0","0","0","0","0","0","POINT (-74.56132 4.875208)"
"41797","Huila","Tesalia","2,026","0","0","0","0","0","0","0","0","0","0","0","0","0","0","0","0","0","0","0","0","0","0","POINT (-75.730271 2.486364)"
"85125","Casanare","Hato Corozal","2,026","0","0","0","0","0","0","0","0","0","0","0","0","0","0","0","0","0","0","0","0","0","0","POINT (-71.764184 6.154097)"
"50251","Meta","El Castillo","2,025","78","76","0","0","0","62","67","7","6","12","0","0","0","0","0","0","7","0","9","0","0","154","POINT (-73.794225 3.563907)"
"15176","Boyacá","Chiquinquirá","2,025","135","121","0","0","1","145","94","3","12","1","0","0","0","0","0","0","1","0","0","0","0","256","POINT (-73.818745 5.61379)"
"15299","Boyacá","Garagoa","2,025","2","0","0","2","0","0","0","2","2","0","0","0","0","0","0","0","0","0","0","0","0","4","POINT (-73.364413 5.083234)"
"15187","Boyacá","Chivatá","2,024","2","4","0","0","0","0","0","3","3","0","0","0","0","0","0","0","0","0","0","0","0","6","POINT (-73.282529 5.558949)"
"52693","Nariño","San Pablo","2,023","10","1","0","0","0","0","0","6","0","5","0","0","0","0","0","0","0","0","0","0","0","11","POINT (-77.013984 1.669429)"
"68276","Santander","Floridablanca","2,023","36","34","0","0","0","6","12","32","19","1","1","0","0","0","0","0","50","0","0","0","0","70","POINT (-73.098991 7.072385)"
"50711","Meta","Vistahermosa","2,026","90","90","0","0","25","99","56","0","0","0","0","0","0","0","0","0","0","0","180","0","0","180","POINT (-73.750911 3.125577)"
"17495","Caldas","Norcasia","2,023","2","0","0","0","0","0","0","0","2","0","0","0","0","0","0","0","0","0","0","0","0","2","POINT (-74.889546 5.574796)"
"85315","Casanare","Sácama","2,024","1","0","0","0","0","0","0","0","1","0","0","0","0","0","0","0","0","0","0","0","0","1","POINT (-72.250157 6.096738)"
"15879","Boyacá","Viracachá","2,023","0","0","0","0","0","0","0","0","0","0","0","0","0","0","0","0","0","0","0","0","0","0","POINT (-73.296894 5.436833)"
"25653","Cundinamarca","San Cayetano","2,024","0","0","0","0","0","0","0","0","0","0","0","0","0","0","0","0","0","0","0","0","0","0","POINT (-74.024754 5.332938)"
"08758","Atlántico","Soledad","2,026","0","0","0","0","0","0","0","0","0","0","0","0","0","0","0","0","0","0","0","0","0","0","POINT (-74.785829 10.909999)"
"25307","Cundinamarca","Girardot","2,026","0","0","0","0","0","0","0","0","0","0","0","0","0","0","0","0","0","0","0","0","0","0","POINT (-74.797949 4.313103)"
"23466","Córdoba","Montelíbano","2,025","569","719","0","0","1","398","859","30","0","0","37","210","0","0","0","0","3","0","396","0","0","1,288","POINT (-75.416818 7.973777)"
"86760","Putumayo","Santiago","2,025","407","413","0","0","33","509","258","13","7","0","5","586","0","0","0","0","15","0","487","0","0","820","POINT (-77.002641 1.147076)"
"54250","Norte de Santander","El Tarra","2,025","922","915","0","0","107","1,017","675","21","17","0","0","1","0","0","0","0","2","0","1,814","0","0","1,837","POINT (-73.09614 8.574281)"
"05318","Antioquia","Guarne","2,025","168","200","0","0","6","306","54","2","0","0","0","0","0","0","0","0","0","0","135","0","0","368","POINT (-75.441612 6.27787)"
"20710","Cesar","San Alberto","2,024","252","214","0","0","4","196","264","0","2","0","2","0","0","0","0","0","2","0","0","0","0","466","POINT (-73.39389 7.761109)"
"85225","Casanare","Nunchía","2,024","120","126","0","0","6","139","93","8","0","0","2","2","0","0","0","0","5","0","0","0","0","246","POINT (-72.195319 5.636469)"
"85001","Casanare","Yopal","2,024","801","768","0","2","0","941","582","36","11","1","0","0","0","0","0","0","3","0","0","0","0","1,571","POINT (-72.394588 5.332863)"
"68298","Santander","Gámbita","2,024","131","122","0","0","1","170","68","5","8","1","0","1","0","0","0","0","3","0","0","0","0","253","POINT (-73.344184 5.945981)"
"05847","Antioquia","Urrao","2,024","93","81","0","0","0","141","33","0","0","0","0","0","0","0","0","0","0","0","0","0","0","174","POINT (-76.133951 6.317343)"
"68217","Santander","Coromoro","2,023","4","2","0","0","0","0","0","4","1","1","0","0","0","0","0","0","0","0","0","0","0","6","POINT (-73.040816 6.294999)"
"15218","Boyacá","Covarachía","2,023","5","2","0","0","0","0","0","7","0","0","0","0","0","0","0","0","0","0","0","0","0","7","POINT (-72.738978 6.500177)"
"08634","Atlántico","Sabanagrande","2,023","5","3","0","0","0","0","5","1","1","1","0","0","0","0","0","0","0","0","0","0","0","8","POINT (-74.75847 10.791063)"
"52256","Nariño","El Rosario","2,023","9","2","0","0","0","1","7","0","3","0","0","0","0","0","0","0","0","0","0","0","0","11","POINT (-77.334566 1.742476)"
"52287","Nariño","Funes","2,023","3","0","0","0","0","0","0","2","0","1","0","1","0","0","0","0","0","0","0","0","0","3","POINT (-77.448913 1.001159)"
"15442","Boyacá","Maripí","2,023","0","0","0","0","0","0","0","0","0","0","0","0","0","0","0","0","0","0","0","0","0","0","POINT (-74.00405 5.550091)"
"15837","Boyacá","Tuta","2,023","0","0","0","0","0","0","0","0","0","0","0","0","0","0","0","0","0","0","0","0","0","0","POINT (-73.225178 5.690906)"
"52540","Nariño","Policarpa","2,026","0","0","0","0","0","0","0","0","0","0","0","0","0","0","0","0","0","0","0","0","0","0","POINT (-77.459265 1.628139)"
"68176","Santander","Chima","2,026","0","0","0","0","0","0","0","0","0","0","0","0","0","0","0","0","0","0","0","0","0","0","POINT (-73.373656 6.344348)"
"73555","Tolima","Planadas","2,025","403","326","0","0","16","324","359","24","4","2","0","183","0","0","0","0","2","0","339","0","0","729","POINT (-75.644163 3.197911)"
"68368","Santander","Jesús María","2,025","99","130","0","0","16","108","103","2","0","0","0","0","0","0","0","0","5","0","139","0","0","229","POINT (-73.783396 5.876497)"
"17495","Caldas","Norcasia","2,025","269","291","0","0","16","258","277","8","1","0","0","0","0","0","0","0","0","0","52","0","0","560","POINT (-74.889546 5.574796)"
"41807","Huila","Timaná","2,024","93","64","0","0","0","0","129","24","4","0","0","0","0","0","0","0","0","0","0","0","0","157","POINT (-75.932167 1.974539)"
"52203","Nariño","Colón","2,024","12","10","0","0","0","0","0","3","11","8","19","0","0","0","0","0","0","0","0","0","0","22","POINT (-77.019777 1.643878)"
"27006","Chocó","Acandí","2,024","128","95","0","0","0","55","154","7","5","2","210","3","0","0","0","0","0","0","0","0","0","223","POINT (-77.279951 8.512178)"
"73443","Tolima","San Sebastián de Mariquita","2,024","200","198","0","0","0","51","324","18","5","0","0","2","0","0","0","0","0","0","0","0","0","398","POINT (-74.889276 5.199708)"
"68755","Santander","Socorro","2,023","3","4","0","0","0","0","0","0","7","0","0","0","0","0","0","0","0","0","0","0","0","7","POINT (-73.261198 6.46387)"
"68500","Santander","Oiba","2,023","9","0","0","0","0","0","0","7","2","0","1","0","0","0","0","0","0","0","0","0","0","9","POINT (-73.299786 6.265175)"
"17873","Caldas","Villamaría","2,023","2","6","1","0","0","0","0","7","4","0","0","1","0","0","0","1","0","0","0","0","0","11","POINT (-75.513761 5.043614)"
"05360","Antioquia","Itagüí","2,023","6","5","2","0","0","0","0","7","6","0","0","0","0","0","0","0","0","0","0","0","0","13","POINT (-75.614359 6.169598)"
"19845","Cauca","Villa Rica","2,023","225","224","1","0","359","74","4","10","1","2","59","2","0","0","0","0","1","0","0","0","0","450","POINT (-76.458025 3.17762)"
"54800","Norte de Santander","Teorama","2,026","14","1","0","0","0","0","0","1","11","3","0","0","0","0","0","0","0","0","0","0","0","15","POINT (-73.287409 8.436377)"
"68500","Santander","Oiba","2,025","1","0","0","0","0","0","0","0","1","0","0","0","0","0","0","0","0","0","0","0","0","1","POINT (-73.299786 6.265175)"
"68522","Santander","Palmar","2,025","0","0","0","0","0","0","0","0","0","0","0","0","0","0","0","0","0","0","0","0","0","0","POINT (-73.29109 6.537789)"
"05890","Antioquia","Yolombó","2,026","0","0","0","0","0","0","0","0","0","0","0","0","0","0","0","0","0","0","0","0","0","0","POINT (-75.013385 6.594511)"
"52683","Nariño","Sandoná","2,026","0","0","0","0","0","0","0","0","0","0","0","0","0","0","0","0","0","0","0","0","0","0","POINT (-77.469571 1.286137)"
"52480","Nariño","Nariño","2,025","1","5","0","5","0","2","1","5","2","1","0","5","0","0","0","0","0","0","0","0","0","11","POINT (-77.357972 1.288979)"
"19100","Cauca","Bolívar","2,025","205","208","0","0","50","258","94","5","6","0","292","0","0","0","0","0","8","0","119","0","0","413","POINT (-76.966215 1.837538)"
"63548","Quindío","Pijao","2,025","119","101","0","0","33","158","25","2","2","0","2","0","0","0","0","0","8","0","5","0","0","220","POINT (-75.703329 4.335036)"
"47745","Magdalena","Sitionuevo","2,025","371","415","0","0","2","281","486","10","6","1","2","0","0","0","0","0","0","0","102","0","0","786","POINT (-74.720021 10.775285)"
"25785","Cundinamarca","Tabio","2,025","12","11","0","0","0","0","0","8","14","1","0","0","0","0","0","0","0","0","0","0","0","23","POINT (-74.096461 4.916832)"
"25183","Cundinamarca","Chocontá","2,025","197","231","0","0","11","401","14","0","2","0","0","0","0","0","0","0","0","0","0","0","0","428","POINT (-73.683533 5.145224)"
"25530","Cundinamarca","Paratebueno","2,025","96","102","0","0","1","114","80","1","2","0","0","0","0","0","0","0","1","0","101","0","0","198","POINT (-73.212825 4.374832)"
"08634","Atlántico","Sabanagrande","2,025","99","23","0","0","0","21","98","0","3","0","0","0","0","0","0","0","0","0","0","0","0","122","POINT (-74.75847 10.791063)"
"68276","Santander","Floridablanca","2,024","254","337","0","6","7","232","292","41","24","1","3","0","0","0","0","3","13","0","0","0","0","597","POINT (-73.098991 7.072385)"
"86749","Putumayo","Sibundoy","2,024","187","184","0","0","7","169","87","98","9","1","3","237","0","0","0","0","0","0","0","0","0","371","POINT (-76.917814 1.20026)"
"91798","Amazonas","Tarapacá (Anm)","2,023","3","3","0","0","0","0","0","6","0","0","0","6","0","0","0","0","0","0","0","0","0","6","POINT (-69.741745 -2.890126)"
"15187","Boyacá","Chivatá","2,023","10","2","0","0","0","0","0","7","4","1","0","0","0","0","0","0","0","0","0","0","0","12","POINT (-73.282529 5.558949)"
"86760","Putumayo","Santiago","2,023","26","11","0","0","0","0","0","27","8","2","0","28","0","0","0","0","0","0","0","0","0","37","POINT (-77.002641 1.147076)"
"99001","Vichada","Puerto Carreño","2,023","77","67","0","0","0","102","38","0","4","0","1","4","0","0","0","0","0","0","0","0","0","144","POINT (-67.487095 6.186636)"
"05154","Antioquia","Caucasia","2,026","232","217","0","0","0","324","124","1","0","0","3","3","0","0","0","0","3","0","1","0","0","449","POINT (-75.197996 7.977278)"
"25339","Cundinamarca","Gutiérrez","2,024","1","0","0","0","0","0","0","0","1","0","0","1","0","0","0","0","0","0","0","0","0","1","POINT (-74.003042 4.254679)"
"05125","Antioquia","Caicedo","2,023","0","0","0","0","0","0","0","0","0","0","0","0","0","0","0","0","0","0","0","0","0","0","POINT (-75.98293 6.405607)"
"13650","Bolívar","San Fernando","2,023","0","0","0","0","0","0","0","0","0","0","0","0","0","0","0","0","0","0","0","0","0","0","POINT (-74.323867 9.214179)"
"47605","Magdalena","Remolino","2,023","0","0","0","0","0","0","0","0","0","0","0","0","0","0","0","0","0","0","0","0","0","0","POINT (-74.716172 10.701952)"
"25168","Cundinamarca","Chaguaní","2,024","0","0","0","0","0","0","0","0","0","0","0","0","0","0","0","0","0","0","0","0","0","0","POINT (-74.593455 4.948916)"
"63212","Quindío","Córdoba","2,024","0","0","0","0","0","0","0","0","0","0","0","0","0","0","0","0","0","0","0","0","0","0","POINT (-75.687866 4.392485)"
"05858","Antioquia","Vegachí","2,025","0","0","0","0","0","0","0","0","0","0","0","0","0","0","0","0","0","0","0","0","0","0","POINT (-74.798714 6.773525)"
"13780","Bolívar","Talaigua Nuevo","2,026","0","0","0","0","0","0","0","0","0","0","0","0","0","0","0","0","0","0","0","0","0","0","POINT (-74.567628 9.304889)"
"15673","Boyacá","San Mateo","2,026","0","0","0","0","0","0","0","0","0","0","0","0","0","0","0","0","0","0","0","0","0","0","POINT (-72.555264 6.401683)"
"50568","Meta","Puerto Gaitán","2,026","0","0","0","0","0","0","0","0","0","0","0","0","0","0","0","0","0","0","0","0","0","0","POINT (-72.085275 4.315025)"
"50577","Meta","Puerto Lleras","2,026","0","0","0","0","0","0","0","0","0","0","0","0","0","0","0","0","0","0","0","0","0","0","POINT (-73.373743 3.269732)"
"23670","Córdoba","San Andrés de Sotavento","2,025","379","323","0","0","0","461","220","11","10","0","0","673","0","0","0","0","7","0","163","0","0","702","POINT (-75.508817 9.145345)"
"68895","Santander","Zapatoca","2,025","287","319","0","0","18","422","164","2","0","0","0","0","0","0","0","0","16","0","375","0","0","606","POINT (-73.268034 6.814387)"
"76364","Valle del Cauca","Jamundí","2,024","11","25","0","0","0","0","0","23","7","6","4","0","0","0","0","0","0","0","0","0","0","36","POINT (-76.539785 3.260449)"
"25258","Cundinamarca","El Peñón","2,024","9","2","0","0","0","0","1","4","6","0","0","1","0","0","0","0","0","0","0","0","0","11","POINT (-74.290207 5.248747)"
"63302","Quindío","Génova","2,024","5","2","0","0","0","0","0","2","4","1","2","0","0","0","0","0","1","0","0","0","0","7","POINT (-75.789584 4.207537)"
"66170","Risaralda","Dosquebradas","2,024","422","466","0","2","9","679","191","8","2","1","5","2","0","0","0","0","13","0","0","0","0","890","POINT (-75.682469 4.8272)"
"15299","Boyacá","Garagoa","2,023","6","1","0","0","0","0","0","3","4","0","0","0","0","0","0","0","4","0","0","0","0","7","POINT (-73.364413 5.083234)"
"19050","Cauca","Argelia","2,023","4","8","0","0","0","0","0","5","6","1","0","0","0","0","0","0","2","0","0","0","0","12","POINT (-77.24905 2.257427)"
"05490","Antioquia","Necoclí","2,026","254","274","0","0","12","174","339","3","0","0","53","101","0","0","0","0","0","0","431","0","0","528","POINT (-76.784588 8.426139)"
"05837","Antioquia","Turbo","2,026","579","640","0","0","175","879","161","3","1","0","432","0","0","0","0","0","4","0","266","0","0","1,219","POINT (-76.725988 8.093955)"
"08433","Atlántico","Malambo","2,026","497","600","0","0","33","732","329","3","0","0","3","88","0","0","0","0","26","0","6","0","0","1,097","POINT (-74.778892 10.851407)"
"44035","La Guajira","Albania","2,026","257","223","0","0","4","246","223","7","0","0","0","248","0","0","0","0","5","0","0","0","0","480","POINT (-72.598522 11.157489)"
"47058","Magdalena","Ariguaní","2,023","3","0","0","0","0","0","0","2","1","0","0","0","0","0","0","0","0","0","0","0","0","3","POINT (-74.236515 9.847048)"
"15106","Boyacá","Briceño","2,023","2","0","0","0","0","0","0","0","2","0","0","0","0","0","0","0","0","0","0","0","0","2","POINT (-73.92326 5.690879)"
"05206","Antioquia","Concepción","2,023","1","1","0","0","0","0","0","2","0","0","1","0","0","0","0","0","0","0","0","0","0","2","POINT (-75.257587 6.394348)"
"15367","Boyacá","Jenesano","2,024","0","0","0","1","0","0","0","0","1","0","0","0","0","0","0","0","0","0","0","0","0","1","POINT (-73.363738 5.385813)"
"05004","Antioquia","Abriaquí","2,023","0","0","0","0","0","0","0","0","0","0","0","0","0","0","0","0","0","0","0","0","0","0","POINT (-76.064703 6.631806)"
"68533","Santander","Páramo","2,024","0","0","0","0","0","0","0","0","0","0","0","0","0","0","0","0","0","0","0","0","0","0","POINT (-73.170394 6.416465)"
"68209","Santander","Confines","2,026","0","0","0","0","0","0","0","0","0","0","0","0","0","0","0","0","0","0","0","0","0","0","POINT (-73.240554 6.357327)"
"68235","Santander","El Carmen de Chucurí","2,026","0","0","0","0","0","0","0","0","0","0","0","0","0","0","0","0","0","0","0","0","0","0","POINT (-73.511268 6.697907)"
"23189","Córdoba","Ciénaga de Oro","2,025","1,219","1,216","0","0","38","924","1,411","41","21","0","31","21","0","0","0","0","1","0","558","0","0","2,435","POINT (-75.620807 8.875794)"
"05665","Antioquia","San Pedro de Urabá","2,025","308","358","0","0","1","134","502","14","14","1","155","0","0","0","0","0","1","0","60","0","0","666","POINT (-76.380567 8.276884)"
"19693","Cauca","San Sebastián","2,025","139","148","0","0","18","117","147","4","1","0","91","1","0","0","0","0","1","0","195","0","0","287","POINT (-76.769467 1.838451)"
"47798","Magdalena","Tenerife","2,025","54","65","0","0","11","44","54","2","5","3","3","0","0","0","0","0","0","0","3","0","0","119","POINT (-74.860757 9.897759)"
"18753","Caquetá","San Vicente del Caguán","2,025","956","916","0","0","145","916","785","18","8","0","1","0","0","0","0","0","0","0","1,414","0","0","1,872","POINT (-74.766451 2.11965)"
"47170","Magdalena","Chivolo","2,025","341","386","0","0","24","314","379","9","1","0","0","0","0","0","0","0","0","0","125","0","0","727","POINT (-74.622842 10.026803)"
"54206","Norte de Santander","Convención","2,023","100","86","0","0","0","135","39","11","1","0","1","2","0","0","0","0","1","0","0","0","0","186","POINT (-73.3372 8.470374)"
"54553","Norte de Santander","Puerto Santander","2,023","2","2","0","0","0","0","0","0","4","0","0","0","0","0","0","0","0","0","0","0","0","4","POINT (-72.411363 8.359993)"
"27615","Chocó","Riosucio","2,026","162","124","0","0","0","104","175","7","0","0","269","3","0","0","0","0","0","0","194","0","0","286","POINT (-77.113156 7.436704)"
"25535","Cundinamarca","Pasca","2,023","3","0","0","0","0","1","0","0","1","1","0","0","0","0","0","0","0","0","0","0","0","3","POINT (-74.302276 4.308979)"
"25743","Cundinamarca","Silvania","2,024","1","1","0","0","0","0","0","0","2","0","0","0","0","0","0","0","0","0","0","0","0","2","POINT (-74.405534 4.381981)"
"25592","Cundinamarca","Quebradanegra","2,023","0","2","0","0","0","0","0","0","2","0","0","0","0","0","0","0","0","0","0","0","0","2","POINT (-74.48014 5.118076)"
"19355","Cauca","Inzá","2,025","1","0","0","0","0","0","0","0","1","0","0","0","0","0","0","0","0","0","1","0","0","1","POINT (-76.063503 2.549183)"
"25328","Cundinamarca","Guayabal de Síquima","2,025","1","0","0","0","0","0","0","0","1","0","0","0","0","0","0","0","0","0","1","0","0","1","POINT (-74.467437 4.877968)"
"25594","Cundinamarca","Quetame","2,024","0","0","0","0","0","0","0","0","0","0","0","0","0","0","0","0","0","0","0","0","0","0","POINT (-73.863214 4.329884)"
"05400","Antioquia","La Unión","2,026","0","0","0","0","0","0","0","0","0","0","0","0","0","0","0","0","0","0","0","0","0","0","POINT (-75.360874 5.973845)"
"05756","Antioquia","Sonsón","2,026","0","0","0","0","0","0","0","0","0","0","0","0","0","0","0","0","0","0","0","0","0","0","POINT (-75.309596 5.714851)"
"76670","Valle del Cauca","San Pedro","2,026","0","0","0","0","0","0","0","0","0","0","0","0","0","0","0","0","0","0","0","0","0","0","POINT (-76.228692 3.995073)"
"17442","Caldas","Marmato","2,025","225","269","0","0","16","300","172","2","4","0","39","41","0","0","0","0","2","0","68","0","0","494","POINT (-75.600049 5.47422)"
"13006","Bolívar","Achí","2,025","509","605","0","0","42","419","629","24","0","0","296","0","0","0","0","0","0","0","1,114","0","0","1,114","POINT (-74.557065 8.569113)"
"68320","Santander","Guadalupe","2,025","255","258","0","0","40","253","219","1","0","0","0","0","0","0","0","0","12","0","346","0","0","513","POINT (-73.419292 6.245847)"
"13160","Bolívar","Cantagallo","2,025","288","223","0","0","11","222","263","10","5","0","0","0","0","0","0","0","0","0","154","0","0","511","POINT (-73.914626 7.378247)"
"25295","Cundinamarca","Gachancipá","2,025","149","121","0","0","0","238","25","2","1","4","0","0","0","0","0","0","0","0","0","0","0","270","POINT (-73.873464 4.990947)"
"52001","Nariño","Pasto","2,024","717","684","0","8","1","693","458","184","67","6","86","8","1","0","0","3","63","0","0","0","0","1,409","POINT (-77.278597 1.212022)"
"76109","Valle del Cauca","Buenaventura","2,024","484","449","0","0","0","505","255","110","60","3","836","1","0","0","0","0","61","0","0","0","0","933","POINT (-77.01074 3.875708)"
"19397","Cauca","La Vega","2,023","5","2","0","0","0","4","0","0","3","0","0","0","0","0","0","0","0","0","0","0","0","7","POINT (-76.779032 2.001109)"
"47660","Magdalena","Sabanas de San Ángel","2,023","6","2","0","0","0","0","0","3","5","0","0","0","0","0","0","0","0","0","0","0","0","8","POINT (-74.213958 10.032532)"
"68298","Santander","Gámbita","2,023","16","4","0","0","0","0","0","8","12","0","0","0","0","0","0","0","0","0","0","0","0","20","POINT (-73.344184 5.945981)"
"68307","Santander","Girón","2,023","11","11","0","0","0","0","0","12","8","2","0","0","0","0","0","0","0","0","0","0","0","22","POINT (-73.168257 7.072749)"
"27077","Chocó","Bajo Baudó","2,026","130","137","0","0","19","129","107","12","0","0","223","29","0","0","0","0","0","0","267","0","0","267","POINT (-77.365717 4.954576)"
"66383","Risaralda","La Celia","2,023","1","2","0","0","0","0","0","2","1","0","0","0","0","0","0","0","0","0","0","0","0","3","POINT (-76.0032 5.002787)"
"63111","Quindío","Buenavista","2,025","0","0","0","0","0","0","0","0","0","0","0","0","0","0","0","0","0","0","0","0","0","0","POINT (-75.739693 4.360121)"
"05310","Antioquia","Gómez Plata","2,026","0","0","0","0","0","0","0","0","0","0","0","0","0","0","0","0","0","0","0","0","0","0","POINT (-75.220018 6.683269)"
"15236","Boyacá","Chivor","2,026","0","0","0","0","0","0","0","0","0","0","0","0","0","0","0","0","0","0","0","0","0","0","POINT (-73.366894 4.887782)"
"25777","Cundinamarca","Supatá","2,026","0","0","0","0","0","0","0","0","0","0","0","0","0","0","0","0","0","0","0","0","0","0","POINT (-74.235403 5.06162)"
"76233","Valle del Cauca","Dagua","2,026","0","0","0","0","0","0","0","0","0","0","0","0","0","0","0","0","0","0","0","0","0","0","POINT (-76.68886 3.657318)"
"76834","Valle del Cauca","Tuluá","2,025","212","237","0","0","0","286","157","1","5","0","27","2","0","0","0","0","12","0","0","0","0","449","POINT (-76.19761 4.085335)"
"68432","Santander","Málaga","2,025","771","819","0","2","11","680","862","32","6","1","0","2","0","0","0","0","82","0","142","0","0","1,592","POINT (-72.732089 6.703081)"
"15244","Boyacá","El Cocuy","2,025","252","252","0","0","25","200","273","6","0","0","1","4","0","0","0","0","4","0","130","0","0","504","POINT (-72.444537 6.407738)"
"44855","La Guajira","Urumita","2,025","141","201","0","0","1","187","151","3","0","0","0","0","0","0","0","0","0","0","107","0","0","342","POINT (-73.012507 10.560169)"
"20310","Cesar","González","2,024","4","1","0","0","0","0","0","3","1","1","0","0","0","0","0","0","0","0","0","0","0","5","POINT (-73.38004 8.389604)"
"76243","Valle del Cauca","El Águila","2,024","1","3","0","1","0","0","0","4","1","0","0","0","0","0","0","1","0","0","0","0","0","5","POINT (-76.041317 4.909568)"
"27491","Chocó","Nóvita","2,024","150","167","0","0","7","158","125","14","13","0","316","0","0","0","0","0","0","0","0","0","0","317","POINT (-76.607118 4.956097)"
"50330","Meta","Mesetas","2,024","126","117","0","0","11","195","28","1","8","0","0","2","0","0","0","0","0","0","0","0","0","243","POINT (-74.044519 3.383813)"
"15839","Boyacá","Tutazá","2,024","9","1","0","0","0","0","0","1","9","0","0","0","0","0","0","0","0","0","0","0","0","10","POINT (-72.856035 6.032608)"
"20295","Cesar","Gamarra","2,023","6","9","0","0","0","0","0","13","0","2","1","0","0","0","0","0","0","0","0","0","0","15","POINT (-73.74376 8.320449)"
"44078","La Guajira","Barrancas","2,023","103","110","0","0","164","0","0","2","11","36","5","1","0","0","0","0","0","0","0","0","0","213","POINT (-72.793574 10.958663)"
"27580","Chocó","Río Iró","2,026","148","159","0","0","0","133","157","17","0","0","205","102","0","0","0","0","0","0","307","0","0","307","POINT (-76.472925 5.1863)"
"73483","Tolima","Natagaima","2,023","0","0","0","0","0","0","0","0","0","0","0","0","0","0","0","0","0","0","0","0","0","0","POINT (-75.093182 3.624324)"
"19533","Cauca","Piamonte","2,024","0","0","0","0","0","0","0","0","0","0","0","0","0","0","0","0","0","0","0","0","0","0","POINT (-76.327892 1.119414)"
"25001","Cundinamarca","Agua de Dios","2,024","0","0","0","0","0","0","0","0","0","0","0","0","0","0","0","0","0","0","0","0","0","0","POINT (-74.669221 4.375309)"
"68425","Santander","Macaravita","2,024","0","0","0","0","0","0","0","0","0","0","0","0","0","0","0","0","0","0","0","0","0","0","POINT (-72.593105 6.50658)"
"05107","Antioquia","Briceño","2,025","0","0","0","0","0","0","0","0","0","0","0","0","0","0","0","0","0","0","0","0","0","0","POINT (-75.54813 7.114883)"
"54377","Norte de Santander","Labateca","2,025","0","0","0","0","0","0","0","0","0","0","0","0","0","0","0","0","0","0","0","0","0","0","POINT (-72.495983 7.298414)"
"05576","Antioquia","Pueblorrico","2,026","0","0","0","0","0","0","0","0","0","0","0","0","0","0","0","0","0","0","0","0","0","0","POINT (-75.83737 5.792984)"
"25841","Cundinamarca","Ubaque","2,026","0","0","0","0","0","0","0","0","0","0","0","0","0","0","0","0","0","0","0","0","0","0","POINT (-73.933477 4.483788)"
"52720","Nariño","Sapuyes","2,026","0","0","0","0","0","0","0","0","0","0","0","0","0","0","0","0","0","0","0","0","0","0","POINT (-77.62028 1.037536)"
"68101","Santander","Bolívar","2,026","0","0","0","0","0","0","0","0","0","0","0","0","0","0","0","0","0","0","0","0","0","0","POINT (-73.771346 5.988953)"
"05579","Antioquia","Puerto Berrío","2,025","343","403","0","0","4","488","233","4","9","8","9","2","0","0","0","0","9","0","82","0","0","746","POINT (-74.409962 6.48701)"
"66001","Risaralda","Pereira","2,025","1,919","2,110","0","0","89","2,151","1,760","26","3","0","139","24","0","0","0","0","194","0","1","0","0","4,029","POINT (-75.71715 4.805492)"
"76520","Valle del Cauca","Palmira","2,025","347","164","0","0","20","376","87","2","25","1","71","105","0","0","0","0","12","0","0","0","0","511","POINT (-76.298568 3.532355)"
"17486","Caldas","Neira","2,025","465","495","0","0","75","481","389","15","0","0","0","1","0","0","0","0","77","0","141","0","0","960","POINT (-75.519886 5.166799)"
"25875","Cundinamarca","Villeta","2,025","134","134","0","0","12","124","130","0","1","1","0","0","0","0","0","0","2","0","0","0","0","268","POINT (-74.469686 5.012754)"
"27050","Chocó","Atrato","2,024","205","157","0","0","1","145","181","11","18","6","356","6","0","0","0","0","0","0","0","0","0","362","POINT (-76.635674 5.531419)"
"54720","Norte de Santander","Sardinata","2,024","625","586","0","0","13","471","681","29","9","8","1","0","0","0","0","0","11","0","0","0","0","1,211","POINT (-72.800577 8.082105)"
"47675","Magdalena","Salamina","2,024","160","181","0","0","7","97","221","14","2","0","0","0","0","0","0","0","0","0","0","0","0","341","POINT (-74.794189 10.491229)"
"68320","Santander","Guadalupe","2,023","5","4","0","0","0","0","0","7","2","0","0","0","0","0","0","0","0","0","0","0","0","9","POINT (-73.419292 6.245847)"
"25269","Cundinamarca","Facatativá","2,023","16","9","0","0","0","1","0","13","11","0","1","0","1","0","0","0","0","0","0","0","0","25","POINT (-74.350151 4.812987)"
"66001","Risaralda","Pereira","2,023","115","111","2","0","0","69","68","54","33","4","11","10","0","0","0","0","16","0","0","0","0","228","POINT (-75.71715 4.805492)"
"44650","La Guajira","San Juan del Cesar","2,026","256","224","0","0","0","243","228","9","0","0","0","241","0","0","0","0","0","0","0","0","0","480","POINT (-73.000629 10.769546)"
"70001","Sucre","Sincelejo","2,026","956","1,060","0","0","6","1,322","652","34","2","0","10","198","0","0","0","0","29","0","362","0","0","2,016","POINT (-75.395445 9.302322)"
"85300","Casanare","Sabanalarga","2,023","0","2","0","0","0","0","0","0","2","0","0","0","0","0","0","0","0","0","0","0","0","2","POINT (-73.038696 4.854787)"
"25662","Cundinamarca","San Juan de Rioseco","2,024","0","0","0","0","0","0","0","0","0","0","0","0","0","0","0","0","0","0","0","0","0","0","POINT (-74.621919 4.847575)"
"44430","La Guajira","Maicao","2,026","0","0","0","0","0","0","0","0","0","0","0","0","0","0","0","0","0","0","0","0","0","0","POINT (-72.241861 11.378319)"
"52260","Nariño","El Tambo","2,025","118","134","0","1","0","168","81","2","2","0","18","5","0","0","0","0","4","0","1","0","0","253","POINT (-77.390774 1.407914)"
"20295","Cesar","Gamarra","2,025","97","83","0","0","0","120","59","0","1","0","0","0","0","0","0","0","3","0","0","0","0","180","POINT (-73.74376 8.320449)"
"52838","Nariño","Túquerres","2,024","327","378","0","0","1","286","382","12","21","3","0","8","0","0","0","0","1","0","0","0","0","705","POINT (-77.61672 1.085044)"
"86573","Putumayo","Puerto Leguízamo","2,024","110","116","0","0","0","10","212","1","3","0","7","34","0","0","0","0","0","0","0","0","0","226","POINT (-74.782473 -0.190921)"
"41770","Huila","Suaza","2,024","162","170","0","0","0","209","120","2","1","0","0","1","0","0","0","0","0","0","0","0","0","332","POINT (-75.79525 1.976051)"
"47570","Magdalena","Puebloviejo","2,023","3","2","0","0","0","0","0","5","0","0","1","0","0","0","0","0","1","0","0","0","0","5","POINT (-74.28253 10.994766)"
"68432","Santander","Málaga","2,023","4","9","0","0","0","0","0","2","7","4","0","0","0","0","0","0","0","0","0","0","0","13","POINT (-72.732089 6.703081)"
"23500","Córdoba","Moñitos","2,026","118","115","0","0","23","186","24","0","0","0","231","0","0","0","0","0","0","0","233","0","0","233","POINT (-76.1291 9.245223)"
"91407","Amazonas","La Pedrera (Anm)","2,023","0","0","0","0","0","0","0","0","0","0","0","0","0","0","0","0","0","0","0","0","0","0","POINT (-69.588421 -1.319313)"
"15224","Boyacá","Cucaita","2,024","0","0","0","0","0","0","0","0","0","0","0","0","0","0","0","0","0","0","0","0","0","0","POINT (-73.454338 5.544452)"
"76845","Valle del Cauca","Ulloa","2,024","0","0","0","0","0","0","0","0","0","0","0","0","0","0","0","0","0","0","0","0","0","0","POINT (-75.737748 4.702514)"
"05467","Antioquia","Montebello","2,025","0","0","0","0","0","0","0","0","0","0","0","0","0","0","0","0","0","0","0","0","0","0","POINT (-75.523455 5.946313)"
"15322","Boyacá","Guateque","2,026","0","0","0","0","0","0","0","0","0","0","0","0","0","0","0","0","0","0","0","0","0","0","POINT (-73.471207 5.007321)"
"25823","Cundinamarca","Topaipí","2,026","0","0","0","0","0","0","0","0","0","0","0","0","0","0","0","0","0","0","0","0","0","0","POINT (-74.302688 5.335973)"
"25845","Cundinamarca","Une","2,026","0","0","0","0","0","0","0","0","0","0","0","0","0","0","0","0","0","0","0","0","0","0","POINT (-74.025183 4.40245)"
"73217","Tolima","Coyaima","2,025","582","681","0","0","76","482","683","22","0","0","0","342","0","0","0","0","0","0","1,064","0","0","1,263","POINT (-75.193862 3.798036)"
"15514","Boyacá","Páez","2,025","101","105","0","0","0","118","84","0","4","0","0","0","0","0","0","0","0","0","204","0","0","206","POINT (-73.054496 5.094621)"
"15332","Boyacá","Güicán de la Sierra","2,024","7","8","0","0","1","0","9","1","4","0","0","0","0","0","0","0","0","0","0","0","0","15","POINT (-72.411763 6.462864)"
"54125","Norte de Santander","Cácota","2,023","3","2","0","0","0","0","0","2","3","0","0","0","0","0","0","0","0","0","0","0","0","5","POINT (-72.642059 7.268705)"
"76520","Valle del Cauca","Palmira","2,023","12","7","0","0","0","0","0","10","9","0","2","2","0","0","0","0","0","0","0","0","0","19","POINT (-76.298568 3.532355)"
"50001","Meta","Villavicencio","2,023","260","262","1","0","1","181","281","33","26","1","1","0","0","0","0","0","8","0","0","0","0","523","POINT (-73.627486 4.127404)"
"05266","Antioquia","Envigado","2,026","295","318","0","0","21","423","167","2","0","0","0","0","0","0","0","0","29","0","0","0","0","613","POINT (-75.582766 6.166891)"
"13062","Bolívar","Arroyohondo","2,026","60","59","0","0","13","96","10","0","0","0","119","0","0","0","0","0","0","0","0","0","0","119","POINT (-75.017193 10.242798)"
"19110","Cauca","Buenos Aires","2,026","296","316","0","0","6","369","234","2","1","0","518","0","0","0","0","0","1","0","105","0","0","612","POINT (-76.642238 3.015382)"
"44874","La Guajira","Villanueva","2,026","112","127","0","0","0","43","194","2","0","0","0","0","0","0","0","0","0","0","120","0","0","239","POINT (-72.977583 10.608774)"
"15681","Boyacá","San Pablo de Borbur","2,023","2","0","0","0","0","0","0","0","2","0","0","0","0","0","0","0","0","0","0","0","0","2","POINT (-74.069963 5.650743)"
"25871","Cundinamarca","Villagómez","2,023","0","0","0","0","0","0","0","0","0","0","0","0","0","0","0","0","0","0","0","0","0","0","POINT (-74.195145 5.273024)"
"05792","Antioquia","Tarso","2,024","0","0","0","0","0","0","0","0","0","0","0","0","0","0","0","0","0","0","0","0","0","0","POINT (-75.823214 5.863296)"
"68524","Santander","Palmas del Socorro","2,024","0","0","0","0","0","0","0","0","0","0","0","0","0","0","0","0","0","0","0","0","0","0","POINT (-73.287764 6.406139)"
"15403","Boyacá","La Uvita","2,026","0","0","0","0","0","0","0","0","0","0","0","0","0","0","0","0","0","0","0","0","0","0","POINT (-72.559982 6.31616)"
"68020","Santander","Albania","2,026","0","0","0","0","0","0","0","0","0","0","0","0","0","0","0","0","0","0","0","0","0","0","POINT (-73.913823 5.758993)"
"17001","Caldas","Manizales","2,025","3,298","3,537","0","26","384","3,730","2,652","81","14","0","7","1","0","0","0","0","266","0","889","0","0","6,861","POINT (-75.491018 5.057655)"
"54206","Norte de Santander","Convención","2,025","780","801","0","0","91","824","648","10","8","0","1","13","0","0","0","0","33","0","638","0","0","1,581","POINT (-73.3372 8.470374)"
"19513","Cauca","Padilla","2,025","209","221","0","0","37","274","117","2","0","0","335","0","0","0","0","0","14","0","137","0","0","430","POINT (-76.313265 3.220984)"
"15806","Boyacá","Tibasosa","2,025","59","51","0","0","1","85","20","0","4","0","0","0","0","0","0","0","12","0","2","0","0","110","POINT (-72.999449 5.74723)"
"13667","Bolívar","San Martín de Loba","2,025","373","414","0","0","23","315","396","53","0","0","1","0","0","0","0","0","2","0","677","0","0","787","POINT (-74.039064 8.937273)"
"25372","Cundinamarca","Junín","2,025","50","49","0","0","6","40","52","1","0","0","0","0","0","0","0","0","0","0","99","0","0","99","POINT (-73.662961 4.79057)"
"52256","Nariño","El Rosario","2,025","102","94","0","0","6","105","83","2","0","0","0","0","0","0","0","0","0","0","113","0","0","196","POINT (-77.334566 1.742476)"
"54810","Norte de Santander","Tibú","2,024","1,173","1,269","0","0","38","1,300","1,017","65","20","2","1","127","0","0","0","0","7","0","0","0","0","2,442","POINT (-72.734496 8.639891)"
"52258","Nariño","El Tablón de Gómez","2,024","209","189","0","0","0","70","315","11","2","0","0","164","0","0","0","0","0","0","0","0","0","398","POINT (-77.097101 1.427277)"
"05665","Antioquia","San Pedro de Urabá","2,023","5","4","0","0","0","0","0","8","1","0","0","0","0","0","0","0","0","0","0","0","0","9","POINT (-76.380567 8.276884)"
"47170","Magdalena","Chivolo","2,023","8","1","0","0","0","0","0","0","9","0","0","0","0","0","0","0","0","0","0","0","0","9","POINT (-74.622842 10.026803)"
"70473","Sucre","Morroa","2,026","143","177","0","0","23","261","36","0","0","0","1","2","0","0","0","0","4","0","0","0","0","320","POINT (-75.305949 9.331395)"
"25368","Cundinamarca","Jerusalén","2,023","3","0","0","0","0","0","0","1","2","0","0","0","0","0","0","0","0","0","0","0","0","3","POINT (-74.695474 4.562273)"
"76041","Valle del Cauca","Ansermanuevo","2,024","2","1","0","0","0","0","0","0","3","0","0","1","0","0","0","0","0","0","0","0","0","3","POINT (-75.992003 4.794984)"
"50006","Meta","Acacías","2,026","3","0","0","0","0","0","0","0","3","0","0","0","0","0","0","0","0","0","0","0","0","3","POINT (-73.765909 3.990024)"
"68132","Santander","California","2,026","1","0","0","0","0","0","0","0","1","0","0","0","0","0","0","0","0","0","0","0","0","1","POINT (-72.946295 7.347829)"
"15897","Boyacá","Zetaquira","2,026","0","0","0","0","0","0","0","0","0","0","0","0","0","0","0","0","0","0","0","0","0","0","POINT (-73.169052 5.282116)"
"44560","La Guajira","Manaure","2,026","0","0","0","0","0","0","0","0","0","0","0","0","0","0","0","0","0","0","0","0","0","0","POINT (-72.439621 11.773891)"
"76130","Valle del Cauca","Candelaria","2,026","0","0","0","0","0","0","0","0","0","0","0","0","0","0","0","0","0","0","0","0","0","0","POINT (-76.346663 3.407761)"
"95200","Guaviare","Miraflores","2,026","0","0","0","0","0","0","0","0","0","0","0","0","0","0","0","0","0","0","0","0","0","0","POINT (-71.950416 1.337539)"
"66383","Risaralda","La Celia","2,025","313","364","0","0","45","456","171","4","1","0","2","22","0","0","0","0","18","0","309","0","0","677","POINT (-76.0032 5.002787)"
"54498","Norte de Santander","Ocaña","2,025","786","719","0","0","41","663","763","24","11","3","0","5","0","0","0","0","10","0","430","0","0","1,505","POINT (-73.355889 8.247588)"
"50400","Meta","Lejanías","2,025","408","429","0","0","85","424","322","2","4","0","0","0","0","0","0","0","6","0","223","0","0","837","POINT (-74.02447 3.526355)"
"25260","Cundinamarca","El Rosal","2,025","9","6","0","0","0","0","0","0","15","0","0","0","0","0","0","0","0","0","0","0","0","15","POINT (-74.263767 4.85226)"
"05197","Antioquia","Cocorná","2,025","44","53","0","0","0","87","10","0","0","0","0","0","0","0","0","0","4","0","2","0","0","97","POINT (-75.185483 6.058295)"
"20400","Cesar","La Jagua de Ibirico","2,024","189","215","0","1","4","210","174","15","2","0","209","0","0","0","0","0","2","0","0","0","0","405","POINT (-73.334143 9.563752)"
"54518","Norte de Santander","Pamplona","2,024","104","126","0","0","0","6","210","8","4","2","0","1","0","0","0","0","6","0","0","0","0","230","POINT (-72.647715 7.372816)"
"73408","Tolima","Lérida","2,024","64","51","0","0","5","43","58","3","4","2","0","0","0","0","0","0","0","0","0","0","0","115","POINT (-74.910716 4.862046)"
"73026","Tolima","Alvarado","2,024","111","133","0","0","0","187","56","0","1","0","0","0","0","0","0","0","0","0","0","0","0","244","POINT (-74.953418 4.567356)"
"66572","Risaralda","Pueblo Rico","2,023","4","12","0","0","0","1","0","11","2","2","11","0","0","0","0","0","0","0","0","0","0","16","POINT (-76.030805 5.222022)"
"95015","Guaviare","Calamar","2,023","11","7","0","0","0","1","3","5","8","1","2","1","0","0","0","0","0","0","0","0","0","18","POINT (-72.655197 1.960982)"
"17662","Caldas","Samaná","2,023","82","75","0","0","0","52","78","27","0","0","0","0","0","0","0","0","0","0","0","0","0","157","POINT (-74.992263 5.41308)"
"68522","Santander","Palmar","2,023","4","0","0","0","0","0","0","4","0","0","0","0","0","0","0","0","0","0","0","0","0","4","POINT (-73.29109 6.537789)"
"15325","Boyacá","Guayatá","2,025","2","0","0","0","0","0","0","1","1","0","0","0","0","0","0","0","0","0","0","0","0","2","POINT (-73.489698 4.967122)"
"17653","Caldas","Salamina","2,023","0","1","0","0","0","0","0","0","1","0","0","0","0","0","0","0","0","0","0","0","0","1","POINT (-75.487223 5.403025)"
"68344","Santander","Hato","2,024","1","0","0","0","0","0","0","0","1","0","0","0","0","0","0","0","0","0","0","0","0","1","POINT (-73.308399 6.543957)"
"05086","Antioquia","Belmira","2,026","0","0","0","0","0","0","0","0","0","0","0","0","0","0","0","0","0","0","0","0","0","0","POINT (-75.667779 6.606319)"
"15223","Boyacá","Cubará","2,026","0","0","0","0","0","0","0","0","0","0","0","0","0","0","0","0","0","0","0","0","0","0","POINT (-72.110688 7.000093)"
"15232","Boyacá","Chíquiza","2,026","0","0","0","0","0","0","0","0","0","0","0","0","0","0","0","0","0","0","0","0","0","0","POINT (-73.449463 5.639834)"
"50689","Meta","San Martín","2,026","0","0","0","0","0","0","0","0","0","0","0","0","0","0","0","0","0","0","0","0","0","0","POINT (-73.695812 3.701899)"
"85162","Casanare","Monterrey","2,026","0","0","0","0","0","0","0","0","0","0","0","0","0","0","0","0","0","0","0","0","0","0","POINT (-72.894068 4.877024)"
"44078","La Guajira","Barrancas","2,025","445","409","0","0","1","252","554","26","21","0","57","188","0","0","0","0","3","0","0","0","0","854","POINT (-72.793574 10.958663)"
"13074","Bolívar","Barranco de Loba","2,025","622","565","0","0","25","458","698","6","0","0","279","0","0","0","0","0","0","0","325","0","0","1,187","POINT (-74.105236 8.947931)"
"63190","Quindío","Circasia","2,024","70","91","0","0","0","55","101","4","1","0","0","0","0","0","0","0","0","0","0","0","0","161","POINT (-75.636533 4.617759)"
"17174","Caldas","Chinchiná","2,024","728","586","0","1","12","806","479","15","3","0","0","0","0","0","0","0","62","0","0","0","0","1,315","POINT (-75.607529 4.985227)"
"19142","Cauca","Caloto","2,024","123","111","0","0","0","54","165","7","6","2","3","112","0","0","0","0","0","0","0","0","0","234","POINT (-76.408941 3.034531)"
"23815","Córdoba","Tuchín","2,024","33","18","0","2","0","0","0","31","21","1","1","30","0","0","0","0","0","0","0","0","0","53","POINT (-75.554451 9.186966)"
"41357","Huila","Íquira","2,024","8","9","0","0","0","0","5","10","2","0","0","13","0","0","0","0","0","0","0","0","0","17","POINT (-75.634497 2.649359)"
"86569","Putumayo","Puerto Caicedo","2,024","81","65","0","1","1","49","69","17","10","1","8","24","0","0","0","0","0","0","0","0","0","147","POINT (-76.605088 0.684854)"
"47980","Magdalena","Zona Bananera","2,024","350","365","0","3","1","156","534","16","10","1","295","0","0","0","0","0","2","0","0","0","0","718","POINT (-74.140091 10.763024)"
"15646","Boyacá","Samacá","2,024","170","182","0","0","0","291","60","0","1","0","0","0","0","0","0","0","0","0","0","0","0","352","POINT (-73.485589 5.492161)"
"63548","Quindío","Pijao","2,023","4","0","0","0","0","0","0","2","2","0","0","0","0","0","0","0","0","0","0","0","0","4","POINT (-75.703329 4.335036)"
"50590","Meta","Puerto Rico","2,026","76","64","0","0","2","63","75","0","0","0","0","0","0","0","0","0","0","0","140","0","0","140","POINT (-73.206314 2.939621)"
"25181","Cundinamarca","Choachí","2,024","2","0","0","0","0","0","0","0","2","0","0","0","0","0","0","0","0","0","0","0","0","2","POINT (-73.922894 4.527048)"
"05674","Antioquia","San Vicente Ferrer","2,023","0","0","0","0","0","0","0","0","0","0","0","0","0","0","0","0","0","0","0","0","0","0","POINT (-75.332616 6.282164)"
"76823","Valle del Cauca","Toro","2,024","0","0","0","0","0","0","0","0","0","0","0","0","0","0","0","0","0","0","0","0","0","0","POINT (-76.076859 4.608085)"
"17272","Caldas","Filadelfia","2,026","0","0","0","0","0","0","0","0","0","0","0","0","0","0","0","0","0","0","0","0","0","0","POINT (-75.562474 5.297091)"
"18247","Caquetá","El Doncello","2,026","0","0","0","0","0","0","0","0","0","0","0","0","0","0","0","0","0","0","0","0","0","0","POINT (-75.283631 1.679951)"
"41244","Huila","Elías","2,026","0","0","0","0","0","0","0","0","0","0","0","0","0","0","0","0","0","0","0","0","0","0","POINT (-75.938301 2.012854)"
"19212","Cauca","Corinto","2,025","132","118","0","0","2","212","20","1","8","7","7","81","41","0","0","0","1","0","6","0","0","250","POINT (-76.261866 3.173854)"
"25269","Cundinamarca","Facatativá","2,025","115","121","0","2","0","209","2","6","11","10","0","0","0","0","0","0","3","0","5","0","0","238","POINT (-74.350151 4.812987)"
"25473","Cundinamarca","Mosquera","2,024","12","5","0","0","0","0","0","13","4","0","0","0","0","0","0","0","0","0","0","0","0","17","POINT (-74.231775 4.711371)"
"15516","Boyacá","Paipa","2,024","204","246","0","0","7","163","266","13","1","0","0","0","0","0","0","0","17","0","0","0","0","450","POINT (-73.117918 5.779949)"
"76318","Valle del Cauca","Guacarí","2,023","9","5","0","0","0","0","0","8","4","2","2","0","0","0","0","0","0","0","0","0","0","14","POINT (-76.331168 3.762678)"
"70670","Sucre","Sampués","2,023","16","7","0","0","0","0","0","17","5","1","0","15","0","0","0","0","0","0","0","0","0","23","POINT (-75.380119 9.183271)"
"88001","Archipiélago de San Andrés, Providencia y Santa Catalina","San Andrés","2,023","152","164","0","0","96","39","165","10","6","0","10","0","0","0","0","0","0","0","0","0","0","316","POINT (-81.696063 12.583014)"
"05670","Antioquia","San Roque","2,026","175","148","0","0","11","199","109","4","0","0","0","0","0","0","0","0","6","0","122","0","0","323","POINT (-75.019109 6.485939)"
"27099","Chocó","Bojayá","2,026","124","117","0","0","0","81","148","12","0","0","201","40","0","0","0","0","2","0","0","0","0","241","POINT (-76.883465 6.556303)"
"05206","Antioquia","Concepción","2,025","0","0","0","3","0","0","0","3","0","0","0","0","0","0","0","0","0","0","0","0","0","3","POINT (-75.257587 6.394348)"
"13160","Bolívar","Cantagallo","2,023","0","1","0","0","0","0","0","0","0","1","0","0","0","0","0","0","0","0","0","0","0","1","POINT (-73.914626 7.378247)"
"68720","Santander","Santa Helena del Opón","2,023","0","0","0","0","0","0","0","0","0","0","0","0","0","0","0","0","0","0","0","0","0","0","POINT (-73.616716 6.339565)"
"05004","Antioquia","Abriaquí","2,025","0","0","0","0","0","0","0","0","0","0","0","0","0","0","0","0","0","0","0","0","0","0","POINT (-76.064703 6.631806)"
"25862","Cundinamarca","Vergara","2,025","0","0","0","0","0","0","0","0","0","0","0","0","0","0","0","0","0","0","0","0","0","0","POINT (-74.346163 5.117258)"
"68324","Santander","Guavatá","2,025","0","0","0","0","0","0","0","0","0","0","0","0","0","0","0","0","0","0","0","0","0","0","POINT (-73.700906 5.954348)"
"05679","Antioquia","Santa Bárbara","2,026","0","0","0","0","0","0","0","0","0","0","0","0","0","0","0","0","0","0","0","0","0","0","POINT (-75.567351 5.875527)"
"15816","Boyacá","Togüí","2,026","0","0","0","0","0","0","0","0","0","0","0","0","0","0","0","0","0","0","0","0","0","0","POINT (-73.513655 5.937438)"
"41518","Huila","Paicol","2,026","0","0","0","0","0","0","0","0","0","0","0","0","0","0","0","0","0","0","0","0","0","0","POINT (-75.772993 2.449527)"
"50680","Meta","San Carlos de Guaroa","2,026","0","0","0","0","0","0","0","0","0","0","0","0","0","0","0","0","0","0","0","0","0","0","POINT (-73.242253 3.71065)"
"73870","Tolima","Villahermosa","2,026","0","0","0","0","0","0","0","0","0","0","0","0","0","0","0","0","0","0","0","0","0","0","POINT (-75.117729 5.030452)"
"54518","Norte de Santander","Pamplona","2,025","543","676","0","3","56","495","628","18","14","11","1","0","0","0","0","0","16","0","155","0","0","1,222","POINT (-72.647715 7.372816)"
"86865","Putumayo","Valle del Guamuez","2,025","732","658","0","0","75","568","723","15","9","0","13","69","0","0","0","0","6","0","1,076","0","0","1,390","POINT (-76.906751 0.423506)"
"20787","Cesar","Tamalameque","2,025","69","56","0","0","0","36","84","1","3","1","5","0","0","0","0","0","0","0","0","0","0","125","POINT (-73.812172 8.861725)"
"25873","Cundinamarca","Villapinzón","2,025","124","114","0","0","42","134","62","0","0","0","0","0","0","0","0","0","3","0","162","0","0","238","POINT (-73.595704 5.216393)"
"63401","Quindío","La Tebaida","2,024","315","192","0","0","0","355","123","10","15","4","3","0","0","0","0","0","15","0","0","0","0","507","POINT (-75.786887 4.453755)"
"68179","Santander","Chipatá","2,024","2","3","0","1","0","0","0","3","3","0","0","0","0","0","0","0","0","0","0","0","0","6","POINT (-73.637111 6.062521)"
"86571","Putumayo","Puerto Guzmán","2,023","5","9","0","0","0","0","4","2","6","2","0","2","0","0","0","0","0","0","0","0","0","14","POINT (-76.407274 0.962684)"
"13430","Bolívar","Magangué","2,023","98","89","0","0","0","52","99","27","7","2","2","1","0","0","0","0","9","0","0","0","0","187","POINT (-74.770175 9.26854)"
"27450","Chocó","Medio San Juan","2,023","30","7","0","0","0","0","0","10","17","10","25","0","0","0","0","0","0","0","0","0","0","37","POINT (-76.694409 5.098291)"
"73408","Tolima","Lérida","2,023","52","48","0","0","0","0","0","5","0","95","0","0","0","0","0","0","0","0","0","0","0","100","POINT (-74.910716 4.862046)"
"13473","Bolívar","Morales","2,026","436","388","0","0","8","256","551","8","1","0","0","0","0","0","0","0","0","0","823","0","0","824","POINT (-73.868178 8.276519)"
"27430","Chocó","Medio Baudó","2,024","0","1","0","0","0","0","0","0","1","0","0","1","0","0","0","0","0","0","0","0","0","1","POINT (-76.950891 5.192471)"
"70400","Sucre","La Unión","2,023","0","0","0","0","0","0","0","0","0","0","0","0","0","0","0","0","0","0","0","0","0","0","POINT (-75.276056 8.853975)"
"70823","Sucre","San José de Toluviejo","2,024","0","0","0","0","0","0","0","0","0","0","0","0","0","0","0","0","0","0","0","0","0","0","POINT (-75.44085 9.451819)"
"73675","Tolima","San Antonio","2,026","0","0","0","0","0","0","0","0","0","0","0","0","0","0","0","0","0","0","0","0","0","0","POINT (-75.481072 3.913072)"
"73030","Tolima","Ambalema","2,025","110","106","0","4","0","100","101","6","5","8","0","0","0","0","0","0","3","0","0","0","0","220","POINT (-74.764429 4.782682)"
"19807","Cauca","Timbío","2,025","307","289","0","0","19","358","209","2","4","4","4","4","0","0","0","0","13","0","177","0","0","596","POINT (-76.676174 2.349249)"
"05854","Antioquia","Valdivia","2,025","12","0","0","0","0","0","0","8","4","0","0","0","0","0","0","0","0","0","9","0","0","12","POINT (-75.439274 7.1652)"
"54109","Norte de Santander","Bucarasica","2,025","104","98","0","0","12","74","115","1","0","0","0","0","0","0","0","0","2","0","116","0","0","202","POINT (-72.868231 8.041299)"
"25649","Cundinamarca","San Bernardo","2,025","6","0","0","0","0","0","0","0","3","3","0","0","0","0","0","0","0","0","4","0","0","6","POINT (-74.42296 4.179433)"
"54344","Norte de Santander","Hacarí","2,024","125","117","0","0","0","98","132","9","3","0","0","1","0","0","0","0","5","0","0","0","0","242","POINT (-73.145997 8.321506)"
"66594","Risaralda","Quinchía","2,024","706","746","0","0","12","753","661","21","5","0","7","89","0","0","0","0","60","0","0","0","0","1,452","POINT (-75.730431 5.340456)"
"19513","Cauca","Padilla","2,023","256","254","0","0","91","256","141","11","0","11","510","0","0","0","0","0","0","0","0","0","0","510","POINT (-76.313265 3.220984)"
"68770","Santander","Suaita","2,023","16","6","0","0","1","2","5","2","12","0","0","0","0","0","0","0","0","0","0","0","0","22","POINT (-73.438416 6.103542)"
"18150","Caquetá","Cartagena del Chairá","2,026","41","49","0","0","8","38","44","0","0","0","1","1","0","0","0","0","0","0","90","0","0","90","POINT (-74.841591 1.33621)"
"19130","Cauca","Cajibío","2,026","325","370","0","0","74","473","148","0","0","0","0","2","0","0","0","0","4","0","692","0","0","695","POINT (-76.570682 2.623371)"
"13248","Bolívar","El Guamo","2,024","3","0","0","0","0","0","0","0","3","0","1","0","0","0","0","0","0","0","0","0","0","3","POINT (-74.976102 10.030874)"
"17541","Caldas","Pensilvania","2,023","2","0","0","0","0","0","0","0","2","0","0","0","0","0","0","0","0","0","0","0","0","2","POINT (-75.160299 5.383281)"
"68322","Santander","Guapotá","2,023","1","1","0","0","0","0","0","2","0","0","0","0","0","0","0","0","0","0","0","0","0","2","POINT (-73.320699 6.308588)"
"15814","Boyacá","Toca","2,026","0","0","0","0","0","0","0","0","0","0","0","0","0","0","0","0","0","0","0","0","0","0","POINT (-73.184794 5.566464)"
"13836","Bolívar","Turbaco","2,025","294","287","0","0","1","242","314","6","6","12","147","0","0","0","0","0","4","0","230","0","0","581","POINT (-75.424387 10.33276)"
"66045","Risaralda","Apía","2,025","326","322","0","0","63","364","214","5","2","0","8","22","0","0","0","0","21","0","415","0","0","648","POINT (-75.941931 5.105739)"
"70823","Sucre","San José de Toluviejo","2,025","119","109","0","0","2","118","100","1","7","0","29","119","0","0","0","0","0","0","107","0","0","228","POINT (-75.44085 9.451819)"
"25436","Cundinamarca","Manta","2,025","5","7","0","0","1","0","1","2","8","0","0","0","0","0","0","0","0","0","0","0","0","12","POINT (-73.540444 5.009008)"
"73055","Tolima","Armero","2,023","6","1","0","0","0","0","0","5","2","0","0","0","0","0","0","0","0","0","0","0","0","7","POINT (-74.884438 5.030744)"
"76147","Valle del Cauca","Cartago","2,023","8","6","0","0","0","0","2","7","3","2","1","0","0","0","0","0","0","0","0","0","0","14","POINT (-75.942264 4.758755)"
"25019","Cundinamarca","Albán","2,023","3","0","0","0","0","0","0","0","3","0","0","0","0","0","0","0","0","0","0","0","0","3","POINT (-74.438261 4.878022)"
"05059","Antioquia","Armenia","2,024","1","2","0","0","0","0","0","2","1","0","0","0","0","0","0","0","0","0","0","0","0","3","POINT (-75.787072 6.155889)"
"15861","Boyacá","Ventaquemada","2,023","2","0","0","0","0","0","0","0","2","0","2","0","0","0","0","0","0","0","0","0","0","2","POINT (-73.522368 5.368739)"
"25260","Cundinamarca","El Rosal","2,023","0","2","0","0","0","0","0","2","0","0","0","0","0","0","0","0","0","0","0","0","0","2","POINT (-74.263767 4.85226)"
"94883","Guainía","San Felipe (Anm)","2,023","0","0","0","0","0","0","0","0","0","0","0","0","0","0","0","0","0","0","0","0","0","0","POINT (-67.067848 1.912495)"
"05658","Antioquia","San José de la Montaña","2,025","0","0","0","0","0","0","0","0","0","0","0","0","0","0","0","0","0","0","0","0","0","0","POINT (-75.683352 6.85009)"
"17388","Caldas","La Merced","2,026","0","0","0","0","0","0","0","0","0","0","0","0","0","0","0","0","0","0","0","0","0","0","POINT (-75.547853 5.394867)"
"50245","Meta","El Calvario","2,026","0","0","0","0","0","0","0","0","0","0","0","0","0","0","0","0","0","0","0","0","0","0","POINT (-73.713325 4.352665)"
"47001","Magdalena","Santa Marta","2,025","1,297","893","0","10","9","1,012","1,058","106","15","0","149","5","0","0","0","0","48","0","3","0","0","2,200","POINT (-74.200077 11.204685)"
"73349","Tolima","Honda","2,025","365","340","0","12","3","370","317","20","7","0","0","1","0","0","0","0","2","0","0","0","0","717","POINT (-74.741367 5.201633)"
"13052","Bolívar","Arjona","2,024","441","437","0","0","4","508","344","11","9","2","481","31","0","0","0","0","1","0","0","0","0","878","POINT (-75.344501 10.256633)"
"08638","Atlántico","Sabanalarga","2,024","209","205","0","0","5","302","97","7","3","0","2","0","0","0","0","0","0","0","0","0","0","414","POINT (-74.92153 10.632291)"
"19300","Cauca","Guachené","2,023","278","318","0","0","0","0","449","2","3","142","594","0","0","0","0","0","0","0","0","0","0","596","POINT (-76.392189 3.134153)"
"23555","Córdoba","Planeta Rica","2,026","337","333","0","0","96","382","186","6","0","0","0","0","0","0","0","0","2","0","423","0","0","670","POINT (-75.583241 8.4082)"
"27745","Chocó","Sipí","2,026","106","128","0","0","14","61","136","23","0","0","234","0","0","0","0","0","0","0","234","0","0","234","POINT (-76.643453 4.65262)"
"52210","Nariño","Contadero","2,025","0","0","0","0","0","0","0","0","0","0","0","0","0","0","0","0","0","0","0","0","0","0","POINT (-77.549409 0.910458)"
"23678","Córdoba","San Carlos","2,026","0","0","0","0","0","0","0","0","0","0","0","0","0","0","0","0","0","0","0","0","0","0","POINT (-75.698799 8.799282)"
"52323","Nariño","Gualmatán","2,026","0","0","0","0","0","0","0","0","0","0","0","0","0","0","0","0","0","0","0","0","0","0","POINT (-77.566815 0.919803)"
"68152","Santander","Carcasí","2,026","0","0","0","0","0","0","0","0","0","0","0","0","0","0","0","0","0","0","0","0","0","0","POINT (-72.627099 6.629016)"
"73686","Tolima","Santa Isabel","2,026","0","0","0","0","0","0","0","0","0","0","0","0","0","0","0","0","0","0","0","0","0","0","POINT (-75.097934 4.713606)"
"19364","Cauca","Jambaló","2,025","128","123","0","0","16","223","12","0","0","0","0","251","0","0","0","0","1","0","0","0","0","251","POINT (-76.323877 2.777834)"
"08436","Atlántico","Manatí","2,025","240","262","0","0","17","368","113","4","0","0","166","0","0","0","0","0","0","0","61","0","0","502","POINT (-74.956867 10.449089)"
"15740","Boyacá","Siachoque","2,025","194","225","0","0","10","316","93","0","0","0","0","0","0","0","0","0","0","0","306","0","0","419","POINT (-73.24466 5.511811)"
"73349","Tolima","Honda","2,024","90","42","0","0","0","19","71","11","27","4","0","0","2","0","0","0","0","0","0","0","0","132","POINT (-74.741367 5.201633)"
"52473","Nariño","Mosquera","2,024","26","22","0","1","0","2","29","9","9","0","5","0","0","0","0","1","0","0","0","0","0","49","POINT (-78.452992 2.507139)"
"52227","Nariño","Cumbal","2,024","69","47","0","0","9","13","51","22","21","0","0","102","0","0","0","0","0","0","0","0","0","116","POINT (-77.792279 0.906301)"
"18029","Caquetá","Albania","2,023","7","2","0","0","0","4","0","2","3","1","1","0","0","0","0","0","0","0","0","0","0","10","POINT (-75.878375 1.328526)"
"52678","Nariño","Samaniego","2,023","193","191","0","0","0","247","125","10","2","0","8","18","0","0","0","0","8","0","0","0","0","384","POINT (-77.594341 1.335438)"
"05172","Antioquia","Chigorodó","2,026","259","262","0","0","53","242","225","1","0","0","31","143","0","0","0","0","2","0","276","0","0","521","POINT (-76.681276 7.666199)"
"19573","Cauca","Puerto Tejada","2,026","330","330","0","0","1","296","357","5","1","0","473","0","0","0","0","0","4","0","0","0","0","660","POINT (-76.417673 3.233254)"
"41020","Huila","Algeciras","2,026","125","58","0","0","1","154","28","0","0","0","0","0","0","0","0","0","0","0","91","0","0","183","POINT (-75.315389 2.521674)"
"76606","Valle del Cauca","Restrepo","2,023","2","0","0","0","0","0","0","2","0","0","0","0","0","0","0","0","0","0","0","0","0","2","POINT (-76.523329 3.821351)"
"68160","Santander","Cepitá","2,023","0","0","0","0","0","0","0","0","0","0","0","0","0","0","0","0","0","0","0","0","0","0","POINT (-72.973536 6.753518)"
"05792","Antioquia","Tarso","2,025","0","0","0","0","0","0","0","0","0","0","0","0","0","0","0","0","0","0","0","0","0","0","POINT (-75.823214 5.863296)"
"19701","Cauca","Santa Rosa","2,026","0","0","0","0","0","0","0","0","0","0","0","0","0","0","0","0","0","0","0","0","0","0","POINT (-76.573252 1.700916)"
"25885","Cundinamarca","Yacopí","2,026","0","0","0","0","0","0","0","0","0","0","0","0","0","0","0","0","0","0","0","0","0","0","POINT (-74.33806 5.459272)"
"13052","Bolívar","Arjona","2,025","1,032","893","0","0","12","1,308","575","10","20","0","1,157","32","0","0","0","0","5","0","192","0","0","1,925","POINT (-75.344501 10.256633)"
"73483","Tolima","Natagaima","2,025","228","238","0","0","30","252","176","4","4","0","0","395","0","0","0","0","5","0","183","0","0","466","POINT (-75.093182 3.624324)"
"99624","Vichada","Santa Rosalía","2,025","57","58","0","0","0","11","96","6","2","0","0","113","0","0","0","0","0","0","113","0","0","115","POINT (-70.859499 5.136393)"
"05120","Antioquia","Cáceres","2,025","255","317","0","0","33","323","210","1","5","0","1","2","0","0","0","0","11","0","0","0","0","572","POINT (-75.35205 7.578366)"
"50350","Meta","La Macarena","2,025","180","145","0","0","16","164","139","1","5","0","0","0","0","0","0","0","0","0","113","0","0","325","POINT (-73.78661 2.177143)"
"76318","Valle del Cauca","Guacarí","2,024","2","4","0","0","0","0","0","0","6","0","0","0","0","0","0","0","0","0","0","0","0","6","POINT (-76.331168 3.762678)"
"17662","Caldas","Samaná","2,024","160","184","0","0","0","141","193","4","6","0","0","0","0","0","0","0","0","0","0","0","0","344","POINT (-74.992263 5.41308)"
"27245","Chocó","El Carmen de Atrato","2,024","42","39","0","0","1","30","38","7","2","3","0","75","0","0","0","0","0","0","0","0","0","81","POINT (-76.142112 5.899789)"
"05107","Antioquia","Briceño","2,023","6","6","0","0","0","1","1","3","6","1","0","0","0","0","0","0","0","0","0","0","0","12","POINT (-75.54813 7.114883)"
"68669","Santander","San Andrés","2,023","70","70","0","0","0","116","24","0","0","0","116","0","0","0","0","0","0","0","0","0","0","140","POINT (-72.848696 6.812318)"
"08606","Atlántico","Repelón","2,026","365","355","0","0","71","382","257","10","0","0","120","0","0","0","0","0","2","0","120","0","0","720","POINT (-75.125534 10.493357)"
"23807","Córdoba","Tierralta","2,026","103","52","0","0","0","22","132","1","0","0","0","6","0","0","0","0","0","0","52","0","0","155","POINT (-76.059797 8.170612)"
"23686","Córdoba","San Pelayo","2,023","3","0","0","0","0","0","0","3","0","0","1","0","0","0","0","0","0","0","0","0","0","3","POINT (-75.835125 8.958011)"
"76377","Valle del Cauca","La Cumbre","2,023","1","1","0","0","0","0","0","2","0","0","1","0","0","0","0","0","0","0","0","0","0","2","POINT (-76.56805 3.649268)"
"52233","Nariño","Cumbitara","2,026","1","0","0","0","0","0","0","1","0","0","0","0","0","0","0","0","0","0","0","0","0","1","POINT (-77.578616 1.647163)"
"13268","Bolívar","El Peñón","2,023","0","0","0","0","0","0","0","0","0","0","0","0","0","0","0","0","0","0","0","0","0","0","POINT (-73.949274 8.988271)"
"52036","Nariño","Ancuya","2,025","0","0","0","0","0","0","0","0","0","0","0","0","0","0","0","0","0","0","0","0","0","0","POINT (-77.514512 1.263276)"
"17013","Caldas","Aguadas","2,026","0","0","0","0","0","0","0","0","0","0","0","0","0","0","0","0","0","0","0","0","0","0","POINT (-75.45487 5.610244)"
"20228","Cesar","Curumaní","2,026","0","0","0","0","0","0","0","0","0","0","0","0","0","0","0","0","0","0","0","0","0","0","POINT (-73.540843 9.201716)"
"47551","Magdalena","Pivijay","2,026","0","0","0","0","0","0","0","0","0","0","0","0","0","0","0","0","0","0","0","0","0","0","POINT (-74.613312 10.460707)"
"63401","Quindío","La Tebaida","2,025","559","562","0","0","8","837","273","2","1","0","10","11","0","0","0","0","41","0","3","0","0","1,121","POINT (-75.786887 4.453755)"
"52473","Nariño","Mosquera","2,025","50","65","0","0","4","41","57","7","6","0","115","0","0","0","0","0","0","0","0","0","0","115","POINT (-78.452992 2.507139)"
"95015","Guaviare","Calamar","2,025","75","69","0","0","0","126","14","1","3","0","9","4","0","0","0","0","1","0","0","0","0","144","POINT (-72.655197 1.960982)"
"17662","Caldas","Samaná","2,025","421","447","0","0","31","433","396","8","0","0","0","0","0","0","0","0","5","0","306","0","0","868","POINT (-74.992263 5.41308)"
"18479","Caquetá","Morelia","2,025","4","3","0","0","0","0","1","2","4","0","0","0","0","0","0","0","0","0","0","0","0","7","POINT (-75.724581 1.487623)"
"15494","Boyacá","Nuevo Colón","2,024","139","133","0","0","1","104","163","4","0","0","0","0","0","0","0","0","0","0","0","0","0","272","POINT (-73.456759 5.355317)"
"08520","Atlántico","Palmar de Varela","2,024","258","277","0","0","0","267","238","25","5","0","2","2","0","0","0","0","0","0","0","0","0","535","POINT (-74.754765 10.738591)"
"91405","Amazonas","La Chorrera (Anm)","2,023","5","1","0","0","0","0","0","0","6","0","0","3","0","0","0","0","0","0","0","0","0","6","POINT (-72.7891063836592 -1.4436297845492)"
"25181","Cundinamarca","Choachí","2,023","7","5","0","0","0","0","0","5","7","0","0","0","0","0","0","0","0","0","0","0","0","12","POINT (-73.922894 4.527048)"
"85440","Casanare","Villanueva","2,023","171","183","0","0","0","104","237","9","4","0","3","0","0","0","0","0","2","0","0","0","0","354","POINT (-72.927446 4.610006)"
"52036","Nariño","Ancuya","2,024","0","3","0","0","0","0","0","3","0","0","0","0","0","0","0","0","0","0","0","0","0","3","POINT (-77.514512 1.263276)"
"19785","Cauca","Sucre","2,024","0","2","0","0","0","0","0","0","2","0","0","0","0","0","0","0","0","0","0","0","0","2","POINT (-76.926279 2.038237)"
"25489","Cundinamarca","Nimaima","2,023","1","0","0","0","0","0","0","1","0","0","0","0","0","0","0","0","0","0","0","0","0","1","POINT (-74.38604 5.125992)"
"91536","Amazonas","Puerto Arica (Anm)","2,025","0","0","0","0","0","0","0","0","0","0","0","0","0","0","0","0","0","0","0","0","0","0","POINT (-71.752636 -2.148447)"
"15047","Boyacá","Aquitania","2,026","0","0","0","0","0","0","0","0","0","0","0","0","0","0","0","0","0","0","0","0","0","0","POINT (-72.88399 5.518602)"
"15109","Boyacá","Buenavista","2,026","0","0","0","0","0","0","0","0","0","0","0","0","0","0","0","0","0","0","0","0","0","0","POINT (-73.94217 5.512594)"
"76318","Valle del Cauca","Guacarí","2,025","137","148","0","0","30","226","22","1","4","2","28","0","0","0","0","0","9","0","0","0","0","285","POINT (-76.331168 3.762678)"
"23672","Córdoba","San Antero","2,024","3","3","0","0","0","0","0","4","2","0","2","0","0","0","0","0","0","0","0","0","0","6","POINT (-75.76112 9.376434)"
"86865","Putumayo","Valle del Guamuez","2,024","311","270","0","0","0","246","309","11","15","0","21","6","0","0","0","0","8","0","0","0","0","581","POINT (-76.906751 0.423506)"
"05893","Antioquia","Yondó","2,024","354","380","0","0","3","532","175","17","6","1","15","3","0","0","0","0","1","0","0","0","0","734","POINT (-73.912445 7.00396)"
"25851","Cundinamarca","Útica","2,024","11","5","0","0","0","0","0","7","9","0","0","0","0","0","0","0","0","0","0","0","0","16","POINT (-74.483154 5.19055)"
"73030","Tolima","Ambalema","2,024","42","60","0","0","0","12","78","9","3","0","3","0","0","0","0","0","0","0","0","0","0","102","POINT (-74.764429 4.782682)"
"15740","Boyacá","Siachoque","2,024","50","66","0","0","0","111","2","3","0","0","0","0","0","0","0","0","0","0","0","0","0","116","POINT (-73.24466 5.511811)"
"54377","Norte de Santander","Labateca","2,024","2","2","0","0","0","0","0","1","3","0","0","0","0","0","0","0","0","0","0","0","0","4","POINT (-72.495983 7.298414)"
"05079","Antioquia","Barbosa","2,023","5","4","0","0","0","1","0","0","8","0","0","0","0","0","0","0","0","0","0","0","0","9","POINT (-75.331627 6.439195)"
"76248","Valle del Cauca","El Cerrito","2,023","6","4","0","0","0","1","0","6","3","0","0","0","0","0","0","0","1","0","0","0","0","10","POINT (-76.311909 3.684272)"
"23815","Córdoba","Tuchín","2,023","24","12","0","0","0","0","0","30","6","0","0","32","0","0","0","0","0","0","0","0","0","36","POINT (-75.554451 9.186966)"
"08560","Atlántico","Ponedera","2,026","49","61","0","0","3","54","52","1","0","0","0","0","0","0","0","0","0","0","0","0","0","110","POINT (-74.753885 10.641779)"
"17877","Caldas","Viterbo","2,023","2","0","0","0","0","0","0","0","2","0","0","0","0","0","0","0","0","0","0","0","0","2","POINT (-75.87061 5.062664)"
"15189","Boyacá","Ciénega","2,023","0","0","0","0","0","0","0","0","0","0","0","0","0","0","0","0","0","0","0","0","0","0","POINT (-73.296049 5.408694)"
"47541","Magdalena","Pedraza","2,023","0","0","0","0","0","0","0","0","0","0","0","0","0","0","0","0","0","0","0","0","0","0","POINT (-74.915458 10.188206)"
"15723","Boyacá","Sativasur","2,024","0","0","0","0","0","0","0","0","0","0","0","0","0","0","0","0","0","0","0","0","0","0","POINT (-72.712435 6.093183)"
"15500","Boyacá","Oicatá","2,026","0","0","0","0","0","0","0","0","0","0","0","0","0","0","0","0","0","0","0","0","0","0","POINT (-73.308399 5.595235)"
"25320","Cundinamarca","Guaduas","2,026","0","0","0","0","0","0","0","0","0","0","0","0","0","0","0","0","0","0","0","0","0","0","POINT (-74.603368 5.072026)"
"73585","Tolima","Purificación","2,026","0","0","0","0","0","0","0","0","0","0","0","0","0","0","0","0","0","0","0","0","0","0","POINT (-74.936989 3.853147)"
"91263","Amazonas","El Encanto (Anm)","2,026","0","0","0","0","0","0","0","0","0","0","0","0","0","0","0","0","0","0","0","0","0","0","POINT (-73.208974 -1.746288)"
"20383","Cesar","La Gloria","2,025","326","357","0","0","22","352","293","4","11","1","4","0","0","0","0","0","15","0","355","0","0","683","POINT (-73.80321 8.619298)"
"41298","Huila","Garzón","2,025","375","380","0","0","1","488","257","9","0","0","0","0","0","0","0","0","11","0","744","0","0","755","POINT (-75.627694 2.196994)"
"68572","Santander","Puente Nacional","2,025","140","214","0","1","29","264","61","1","0","0","0","0","0","0","0","0","6","0","1","0","0","355","POINT (-73.677554 5.87836)"
"85139","Casanare","Maní","2,025","417","367","0","1","54","275","420","29","7","0","0","0","0","0","0","0","0","0","5","0","0","785","POINT (-72.281384 4.81681)"
"05138","Antioquia","Cañasgordas","2,025","311","337","0","0","12","367","247","19","1","2","3","4","0","0","0","0","0","0","237","0","0","648","POINT (-76.03221 6.759478)"
"05250","Antioquia","El Bagre","2,024","500","527","0","0","86","388","531","19","3","0","1","0","0","0","0","0","0","0","0","0","0","1,027","POINT (-74.799097 7.5975)"
"50686","Meta","San Juanito","2,024","6","1","0","0","0","0","0","0","7","0","1","0","0","0","0","0","2","0","0","0","0","7","POINT (-73.676699 4.458181)"
"94001","Guainía","Inírida","2,026","165","174","0","0","124","215","0","0","0","0","3","183","0","0","0","0","2","0","0","0","0","339","POINT (-67.918864 3.866324)"
"20550","Cesar","Pelaya","2,023","3","0","0","0","0","0","0","1","2","0","2","0","0","0","0","0","0","0","0","0","0","3","POINT (-73.666451 8.689006)"
"15104","Boyacá","Boyacá","2,023","2","0","0","0","0","0","0","2","0","0","1","0","0","0","0","0","0","0","0","0","0","2","POINT (-73.361945 5.454578)"
"73148","Tolima","Carmen de Apicalá","2,026","0","1","0","0","0","0","0","0","1","0","0","0","0","0","0","0","0","0","0","0","0","1","POINT (-74.716169 4.147912)"
"15238","Boyacá","Duitama","2,026","1","0","0","0","0","0","0","0","1","0","0","0","0","0","0","0","0","0","0","0","0","1","POINT (-73.03063 5.822964)"
"73861","Tolima","Venadillo","2,023","0","0","0","0","0","0","0","0","0","0","0","0","0","0","0","0","0","0","0","0","0","0","POINT (-74.929177 4.717976)"
"15097","Boyacá","Boavita","2,024","0","0","0","0","0","0","0","0","0","0","0","0","0","0","0","0","0","0","0","0","0","0","POINT (-72.584905 6.330703)"
"52506","Nariño","Ospina","2,025","0","0","0","0","0","0","0","0","0","0","0","0","0","0","0","0","0","0","0","0","0","0","POINT (-77.566082 1.058433)"
"25718","Cundinamarca","Sasaima","2,026","0","0","0","0","0","0","0","0","0","0","0","0","0","0","0","0","0","0","0","0","0","0","POINT (-74.432628 4.962167)"
"85139","Casanare","Maní","2,024","89","73","0","0","0","11","139","4","8","0","0","0","0","0","0","0","1","0","0","0","0","162","POINT (-72.281384 4.81681)"
"05142","Antioquia","Caracolí","2,024","5","3","0","0","0","0","0","3","4","1","0","0","0","0","0","0","0","0","0","0","0","8","POINT (-74.757421 6.409829)"
"52317","Nariño","Guachucal","2,024","21","23","0","0","1","0","23","9","10","1","0","38","0","0","0","0","1","0","0","0","0","44","POINT (-77.731589 0.959744)"
"73483","Tolima","Natagaima","2,024","6","3","0","0","0","0","0","0","9","0","0","2","0","0","0","0","0","0","0","0","0","9","POINT (-75.093182 3.624324)"
"47745","Magdalena","Sitionuevo","2,024","164","213","0","0","0","105","262","9","1","0","0","0","0","0","0","0","0","0","0","0","0","377","POINT (-74.720021 10.775285)"
"05674","Antioquia","San Vicente Ferrer","2,024","5","1","0","0","0","0","0","3","2","1","0","0","0","0","0","0","0","0","0","0","0","6","POINT (-75.332616 6.282164)"
"76243","Valle del Cauca","El Águila","2,023","4","1","0","0","0","0","0","2","3","0","0","0","0","0","0","0","0","0","0","0","0","5","POINT (-76.041317 4.909568)"
"63594","Quindío","Quimbaya","2,023","4","5","0","0","0","0","0","3","6","0","0","0","0","0","0","0","0","0","0","0","0","9","POINT (-75.765074 4.624387)"
"25322","Cundinamarca","Guasca","2,023","8","2","0","0","0","0","0","5","3","2","0","0","0","0","0","0","0","0","0","0","0","10","POINT (-73.877143 4.866719)"
"50330","Meta","Mesetas","2,023","9","7","0","0","0","0","3","6","6","1","0","0","0","0","0","0","0","0","0","0","0","16","POINT (-74.044519 3.383813)"
"25875","Cundinamarca","Villeta","2,023","12","7","0","0","2","5","0","11","1","0","0","2","0","0","0","0","1","0","0","0","0","19","POINT (-74.469686 5.012754)"
"68013","Santander","Aguada","2,023","2","93","0","0","0","0","0","41","53","1","0","0","0","0","0","0","91","0","0","0","0","95","POINT (-73.523187 6.162157)"
"91001","Amazonas","Leticia","2,023","113","88","0","0","0","73","93","15","17","4","1","123","0","0","0","0","0","0","0","0","0","202","POINT (-69.941465 -4.199511)"
"13440","Bolívar","Margarita","2,026","56","64","0","0","0","6","110","4","0","0","0","0","0","0","0","0","0","0","0","0","0","120","POINT (-74.280822 9.15555)"
"25386","Cundinamarca","La Mesa","2,026","0","4","0","0","0","0","0","0","4","0","0","0","0","0","0","0","0","0","1","0","0","4","POINT (-74.461588 4.631028)"
"68780","Santander","Suratá","2,026","148","167","0","0","20","176","118","1","0","0","0","0","0","0","0","0","7","0","315","0","0","315","POINT (-72.984232 7.36658)"
"15097","Boyacá","Boavita","2,025","3","0","0","0","0","0","0","1","2","0","0","3","0","0","0","0","0","0","0","0","0","3","POINT (-72.584905 6.330703)"
"17486","Caldas","Neira","2,023","0","0","0","0","0","0","0","0","0","0","0","0","0","0","0","0","0","0","0","0","0","0","POINT (-75.519886 5.166799)"
"54520","Norte de Santander","Pamplonita","2,023","0","0","0","0","0","0","0","0","0","0","0","0","0","0","0","0","0","0","0","0","0","0","POINT (-72.63925 7.436775)"
"25297","Cundinamarca","Gachetá","2,024","0","0","0","0","0","0","0","0","0","0","0","0","0","0","0","0","0","0","0","0","0","0","POINT (-73.637007 4.817022)"
"68397","Santander","La Paz","2,024","0","0","0","0","0","0","0","0","0","0","0","0","0","0","0","0","0","0","0","0","0","0","POINT (-73.58959 6.178509)"
"76845","Valle del Cauca","Ulloa","2,025","0","0","0","0","0","0","0","0","0","0","0","0","0","0","0","0","0","0","0","0","0","0","POINT (-75.737748 4.702514)"
"68147","Santander","Capitanejo","2,026","0","0","0","0","0","0","0","0","0","0","0","0","0","0","0","0","0","0","0","0","0","0","POINT (-72.6992 6.53318)"
"94886","Guainía","Cacahual (Anm)","2,026","0","0","0","0","0","0","0","0","0","0","0","0","0","0","0","0","0","0","0","0","0","0","POINT (-67.413263 3.526372)"
"99524","Vichada","La Primavera","2,026","0","0","0","0","0","0","0","0","0","0","0","0","0","0","0","0","0","0","0","0","0","0","POINT (-70.410515 5.486309)"
"11001","Bogotá, D. C.","Bogotá, D.C.","2,025","495","261","2","32","1","0","3","221","545","20","12","29","0","0","0","0","24","0","15","0","0","790","POINT (-74.107359 4.650173)"
"25245","Cundinamarca","El Colegio","2,025","246","286","0","0","1","365","163","0","3","0","0","0","0","0","0","0","3","0","269","0","0","532","POINT (-74.44221 4.578071)"
"68320","Santander","Guadalupe","2,024","232","234","0","0","5","188","268","3","2","0","0","0","0","0","0","0","0","0","0","0","0","466","POINT (-73.419292 6.245847)"
"54261","Norte de Santander","El Zulia","2,024","354","340","0","0","1","105","545","17","23","3","19","2","0","0","0","0","6","0","0","0","0","694","POINT (-72.604805 7.938529)"
"47545","Magdalena","Pijiño del Carmen","2,024","152","142","0","0","14","98","170","10","2","0","0","0","0","0","0","0","0","0","0","0","0","294","POINT (-74.459257 9.334376)"
"73270","Tolima","Falan","2,024","3","3","0","0","0","0","0","1","5","0","0","0","0","0","0","0","0","0","0","0","0","6","POINT (-74.953007 5.123104)"
"08832","Atlántico","Tubará","2,023","7","3","0","0","0","1","5","3","0","1","0","2","0","0","0","0","0","0","0","0","0","10","POINT (-74.978704 10.873586)"
"15464","Boyacá","Mongua","2,023","6","9","0","0","0","0","0","13","2","0","0","0","0","0","0","0","6","0","0","0","0","15","POINT (-72.79809 5.754242)"
"25214","Cundinamarca","Cota","2,023","12","3","1","0","0","1","0","9","6","0","0","2","0","0","0","0","0","0","0","0","0","16","POINT (-74.102694 4.812817)"
"08573","Atlántico","Puerto Colombia","2,023","20","6","0","0","0","6","1","6","5","8","1","6","0","0","0","0","0","0","0","0","0","26","POINT (-74.851953 11.022918)"
"25899","Cundinamarca","Zipaquirá","2,023","25","16","0","0","0","0","2","15","23","1","1","0","0","0","0","0","0","0","0","0","0","41","POINT (-73.994434 5.02544)"
"68296","Santander","Galán","2,025","0","0","0","1","0","0","0","1","0","0","0","0","0","0","0","0","0","0","0","0","0","1","POINT (-73.287765 6.638415)"
"15248","Boyacá","El Espino","2,025","0","0","0","0","0","0","0","0","0","0","0","0","0","0","0","0","0","0","0","0","0","0","POINT (-72.497007 6.483027)"
"52390","Nariño","La Tola","2,025","51","52","0","0","0","4","94","1","4","0","103","0","0","0","0","0","0","0","0","0","0","103","POINT (-78.189821 2.399689)"
"05030","Antioquia","Amagá","2,025","328","344","0","0","11","630","27","1","3","0","2","0","0","0","0","0","5","0","47","0","0","672","POINT (-75.702041 6.038817)"
"41357","Huila","Íquira","2,023","3","4","0","0","0","0","0","5","2","0","0","5","0","0","0","0","0","0","0","0","0","7","POINT (-75.634497 2.649359)"
"19256","Cauca","El Tambo","2,023","136","143","0","0","13","92","139","25","7","3","4","15","0","0","0","0","11","0","0","0","0","279","POINT (-76.810911 2.451409)"
"86885","Putumayo","Villagarzón","2,023","110","103","0","0","0","96","79","28","10","0","0","42","0","0","0","0","9","0","0","0","0","213","POINT (-76.61721 1.028821)"
"73217","Tolima","Coyaima","2,023","1","0","0","0","0","0","0","0","1","0","0","1","0","0","0","0","0","0","0","0","0","1","POINT (-75.193862 3.798036)"
"13810","Bolívar","Tiquisio","2,023","0","0","0","0","0","0","0","0","0","0","0","0","0","0","0","0","0","0","0","0","0","0","POINT (-74.26338 8.557966)"
"94888","Guainía","Morichal (Anm)","2,023","0","0","0","0","0","0","0","0","0","0","0","0","0","0","0","0","0","0","0","0","0","0","POINT (-69.919404 2.265132)"
"97889","Vaupés","Yavaraté (Anm)","2,024","0","0","0","0","0","0","0","0","0","0","0","0","0","0","0","0","0","0","0","0","0","0","POINT (-69.203337 0.609142)"
"97777","Vaupés","Papunahua (Anm)","2,025","0","0","0","0","0","0","0","0","0","0","0","0","0","0","0","0","0","0","0","0","0","0","POINT (-70.761467 1.907574)"
"05038","Antioquia","Angostura","2,026","0","0","0","0","0","0","0","0","0","0","0","0","0","0","0","0","0","0","0","0","0","0","POINT (-75.335116 6.885175)"
"15763","Boyacá","Sotaquirá","2,026","0","0","0","0","0","0","0","0","0","0","0","0","0","0","0","0","0","0","0","0","0","0","POINT (-73.247334 5.765231)"
"70717","Sucre","San Pedro","2,026","0","0","0","0","0","0","0","0","0","0","0","0","0","0","0","0","0","0","0","0","0","0","POINT (-75.063652 9.396284)"
"18094","Caquetá","Belén de los Andaquíes","2,025","231","206","0","0","18","202","188","6","11","12","0","0","0","0","0","0","6","0","189","0","0","437","POINT (-75.872405 1.415812)"
"25407","Cundinamarca","Lenguazaque","2,025","19","1","0","0","0","0","1","8","11","0","0","0","0","0","0","0","0","0","0","0","0","20","POINT (-73.711512 5.306131)"
"68307","Santander","Girón","2,024","273","289","0","0","3","306","244","4","5","0","43","0","1","0","0","0","32","0","0","0","0","562","POINT (-73.168257 7.072749)"
"15180","Boyacá","Chiscas","2,024","50","76","0","0","6","107","12","1","0","0","0","0","0","0","0","0","0","0","0","0","0","126","POINT (-72.501162 6.553845)"
"70233","Sucre","El Roble","2,023","3","3","0","0","0","0","0","2","4","0","0","0","0","0","0","0","0","0","0","0","0","6","POINT (-75.198831 9.099532)"
"05642","Antioquia","Salgar","2,026","148","165","0","0","16","230","67","0","0","0","0","0","0","0","0","0","3","0","102","0","0","313","POINT (-75.982237 5.965817)"
"73854","Tolima","Valle de San Juan","2,024","2","0","0","0","0","0","0","0","2","0","0","0","0","0","0","0","0","0","0","0","0","2","POINT (-75.115669 4.197494)"
"81220","Arauca","Cravo Norte","2,026","1","0","0","0","0","0","0","0","1","0","0","0","0","0","0","0","0","0","1","0","0","1","POINT (-70.204286 6.303913)"
"15776","Boyacá","Sutamarchán","2,023","0","0","0","0","0","0","0","0","0","0","0","0","0","0","0","0","0","0","0","0","0","0","POINT (-73.620536 5.619781)"
"25394","Cundinamarca","La Palma","2,023","0","0","0","0","0","0","0","0","0","0","0","0","0","0","0","0","0","0","0","0","0","0","POINT (-74.391022 5.358816)"
"68397","Santander","La Paz","2,025","0","0","0","0","0","0","0","0","0","0","0","0","0","0","0","0","0","0","0","0","0","0","POINT (-73.58959 6.178509)"
"20614","Cesar","Río de Oro","2,026","0","0","0","0","0","0","0","0","0","0","0","0","0","0","0","0","0","0","0","0","0","0","POINT (-73.386393 8.292292)"
"52694","Nariño","San Pedro de Cartago","2,026","0","0","0","0","0","0","0","0","0","0","0","0","0","0","0","0","0","0","0","0","0","0","POINT (-77.119189 1.551758)"
"05059","Antioquia","Armenia","2,025","10","8","0","0","0","0","0","0","7","11","0","0","0","0","0","0","11","0","15","0","0","18","POINT (-75.787072 6.155889)"
"47258","Magdalena","El Piñón","2,025","280","256","0","0","5","151","363","9","7","1","9","0","0","0","0","0","0","0","526","0","0","536","POINT (-74.823263 10.403071)"
"95015","Guaviare","Calamar","2,024","97","91","0","0","0","123","51","5","8","1","24","1","0","0","0","0","0","0","0","0","0","188","POINT (-72.655197 1.960982)"
"47058","Magdalena","Ariguaní","2,024","134","177","0","0","0","25","272","9","3","2","2","0","0","0","0","0","0","0","0","0","0","311","POINT (-74.236515 9.847048)"
"15764","Boyacá","Soracá","2,024","2","2","0","0","1","0","0","3","0","0","0","0","0","0","0","0","0","0","0","0","0","4","POINT (-73.332804 5.500898)"
"25513","Cundinamarca","Pacho","2,023","8","9","0","0","0","0","0","15","2","0","0","0","0","0","0","0","0","0","0","0","0","17","POINT (-74.156132 5.136907)"
"47245","Magdalena","El Banco","2,023","11","8","0","0","0","0","0","18","1","0","5","1","0","0","0","0","0","0","0","0","0","19","POINT (-73.97437 9.008503)"
"25785","Cundinamarca","Tabio","2,023","24","11","1","0","0","3","0","4","27","2","0","0","0","0","0","0","0","0","0","0","0","36","POINT (-74.096461 4.916832)"
"70215","Sucre","Corozal","2,023","352","321","0","0","17","212","384","42","7","11","0","33","0","0","0","0","13","0","0","0","0","673","POINT (-75.293067 9.31875)"
"08549","Atlántico","Piojó","2,026","119","121","0","0","34","138","68","0","0","0","0","0","0","0","0","0","0","0","9","0","0","240","POINT (-75.107592 10.749216)"
"15187","Boyacá","Chivatá","2,025","2","0","0","0","0","0","0","2","0","0","0","0","0","0","0","0","0","0","0","0","0","2","POINT (-73.282529 5.558949)"
"25297","Cundinamarca","Gachetá","2,025","1","0","0","0","0","0","0","0","1","0","0","0","0","0","0","0","0","0","0","0","0","1","POINT (-73.637007 4.817022)"
"15367","Boyacá","Jenesano","2,023","0","0","0","0","0","0","0","0","0","0","0","0","0","0","0","0","0","0","0","0","0","0","POINT (-73.363738 5.385813)"
"25436","Cundinamarca","Manta","2,024","0","0","0","0","0","0","0","0","0","0","0","0","0","0","0","0","0","0","0","0","0","0","POINT (-73.540444 5.009008)"
"52110","Nariño","Buesaco","2,026","0","0","0","0","0","0","0","0","0","0","0","0","0","0","0","0","0","0","0","0","0","0","POINT (-77.156463 1.381453)"
"68307","Santander","Girón","2,025","571","623","0","10","52","785","338","13","2","14","20","0","0","0","0","0","32","0","364","0","0","1,204","POINT (-73.168257 7.072749)"
"18094","Caquetá","Belén de los Andaquíes","2,024","205","178","0","0","4","142","219","15","3","0","0","0","0","0","0","0","7","0","0","0","0","383","POINT (-75.872405 1.415812)"
"08296","Atlántico","Galapa","2,024","226","238","0","0","2","218","233","9","2","0","0","116","0","0","0","0","3","0","0","0","0","464","POINT (-74.866938 10.919641)"
"13140","Bolívar","Calamar","2,024","216","153","0","0","0","102","244","17","6","0","369","0","0","0","0","0","0","0","0","0","0","369","POINT (-74.913629 10.251963)"
"05854","Antioquia","Valdivia","2,024","3","2","0","0","0","0","0","2","3","0","0","0","0","0","0","0","0","0","0","0","0","5","POINT (-75.439274 7.1652)"
"13244","Bolívar","El Carmen de Bolívar","2,023","191","160","0","0","2","33","265","44","6","1","1","0","0","0","0","0","1","0","0","0","0","351","POINT (-75.121231 9.718573)"
"18592","Caquetá","Puerto Rico","2,026","13","16","0","0","5","13","11","0","0","0","0","0","0","0","0","0","0","0","29","0","0","29","POINT (-75.157544 1.909071)"
"41660","Huila","Saladoblanco","2,023","2","0","0","0","0","0","0","2","0","0","0","0","0","0","0","0","0","0","0","0","0","2","POINT (-76.044141 1.992495)"
"05347","Antioquia","Heliconia","2,023","0","0","0","0","0","0","0","0","0","0","0","0","0","0","0","0","0","0","0","0","0","0","POINT (-75.734322 6.206757)"
"15090","Boyacá","Berbeo","2,024","0","0","0","0","0","0","0","0","0","0","0","0","0","0","0","0","0","0","0","0","0","0","POINT (-73.12721 5.227451)"
"68318","Santander","Guaca","2,024","0","0","0","0","0","0","0","0","0","0","0","0","0","0","0","0","0","0","0","0","0","0","POINT (-72.856322 6.876563)"
"25335","Cundinamarca","Guayabetal","2,025","0","0","0","0","0","0","0","0","0","0","0","0","0","0","0","0","0","0","0","0","0","0","POINT (-73.815107 4.215306)"
"05604","Antioquia","Remedios","2,026","0","0","0","0","0","0","0","0","0","0","0","0","0","0","0","0","0","0","0","0","0","0","POINT (-74.695944 7.026094)"
"15276","Boyacá","Floresta","2,026","0","0","0","0","0","0","0","0","0","0","0","0","0","0","0","0","0","0","0","0","0","0","POINT (-72.918111 5.859519)"
"73624","Tolima","Rovira","2,026","0","0","0","0","0","0","0","0","0","0","0","0","0","0","0","0","0","0","0","0","0","0","POINT (-75.240648 4.239019)"
"85136","Casanare","La Salina","2,026","0","0","0","0","0","0","0","0","0","0","0","0","0","0","0","0","0","0","0","0","0","0","POINT (-72.334036 6.127816)"
"52385","Nariño","La Llanada","2,025","17","10","0","0","0","0","0","3","17","7","0","0","0","0","0","0","0","0","0","0","0","27","POINT (-77.58091 1.472892)"
"05360","Antioquia","Itagüí","2,025","717","848","0","0","44","1,319","195","2","5","0","296","0","0","0","0","0","16","0","0","0","0","1,565","POINT (-75.614359 6.169598)"
"47058","Magdalena","Ariguaní","2,025","248","388","0","0","14","167","426","25","2","2","109","0","0","0","0","0","0","0","3","0","0","636","POINT (-74.236515 9.847048)"
"54261","Norte de Santander","El Zulia","2,025","418","428","0","0","15","451","379","1","0","0","0","1","0","0","0","0","10","0","61","0","0","846","POINT (-72.604805 7.938529)"
"47460","Magdalena","Nueva Granada","2,024","7","4","0","0","0","0","0","5","6","0","0","0","0","0","0","0","0","0","0","0","0","11","POINT (-74.391841 9.80186)"
"68673","Santander","San Benito","2,024","2","3","0","0","0","0","0","4","1","0","0","0","0","0","0","0","0","0","0","0","0","5","POINT (-73.50907 6.126656)"
"68217","Santander","Coromoro","2,024","13","3","0","0","0","0","2","0","11","3","1","0","0","0","0","0","0","0","0","0","0","16","POINT (-73.040816 6.294999)"
"68572","Santander","Puente Nacional","2,024","282","196","0","0","0","347","117","3","11","0","0","0","0","0","0","0","0","0","0","0","0","478","POINT (-73.677554 5.87836)"
"44001","La Guajira","Riohacha","2,023","345","276","1","0","3","223","316","66","13","2","81","21","0","0","0","0","2","0","0","0","0","623","POINT (-72.911797 11.528588)"
"68498","Santander","Ocamonte","2,024","3","0","0","0","0","0","0","0","3","0","0","0","0","0","0","0","0","0","0","0","0","3","POINT (-73.122563 6.339988)"
"25001","Cundinamarca","Agua de Dios","2,023","0","2","0","0","0","1","0","0","0","1","0","0","0","0","0","0","0","0","0","0","0","2","POINT (-74.669221 4.375309)"
"73547","Tolima","Piedras","2,023","0","0","0","0","0","0","0","0","0","0","0","0","0","0","0","0","0","0","0","0","0","0","POINT (-74.878074 4.543908)"
"76863","Valle del Cauca","Versalles","2,023","0","0","0","0","0","0","0","0","0","0","0","0","0","0","0","0","0","0","0","0","0","0","POINT (-76.199203 4.575019)"
"15377","Boyacá","Labranzagrande","2,026","0","0","0","0","0","0","0","0","0","0","0","0","0","0","0","0","0","0","0","0","0","0","POINT (-72.57777 5.562687)"
"15842","Boyacá","Úmbita","2,026","0","0","0","0","0","0","0","0","0","0","0","0","0","0","0","0","0","0","0","0","0","0","POINT (-73.456917 5.221176)"
"25224","Cundinamarca","Cucunubá","2,026","0","0","0","0","0","0","0","0","0","0","0","0","0","0","0","0","0","0","0","0","0","0","POINT (-73.766113 5.249795)"
"68679","Santander","San Gil","2,026","0","0","0","0","0","0","0","0","0","0","0","0","0","0","0","0","0","0","0","0","0","0","POINT (-73.136284 6.556081)"
"76109","Valle del Cauca","Buenaventura","2,025","414","389","0","5","0","490","243","63","10","2","553","6","0","0","0","0","3","0","1","0","0","808","POINT (-77.01074 3.875708)"
"76364","Valle del Cauca","Jamundí","2,025","289","273","0","1","0","323","230","3","5","2","306","2","0","0","0","0","7","0","65","0","0","563","POINT (-76.539785 3.260449)"
"25513","Cundinamarca","Pacho","2,025","102","104","0","0","0","77","115","5","9","0","0","0","0","0","0","0","4","0","0","0","0","206","POINT (-74.156132 5.136907)"
"41807","Huila","Timaná","2,025","58","53","0","0","0","0","105","4","2","0","0","0","0","0","0","0","0","0","0","0","0","111","POINT (-75.932167 1.974539)"
"20178","Cesar","Chiriguaná","2,024","2","2","0","1","0","0","0","3","2","0","4","0","0","0","0","0","0","0","0","0","0","5","POINT (-73.599913 9.361058)"
"05021","Antioquia","Alejandría","2,024","3","3","0","0","0","0","0","2","4","0","0","0","0","0","0","0","0","0","0","0","0","6","POINT (-75.141346 6.376061)"
"20060","Cesar","Bosconia","2,024","324","293","0","0","1","152","445","12","7","0","0","0","0","0","0","0","7","0","0","0","0","617","POINT (-73.888761 9.975098)"
"73555","Tolima","Planadas","2,024","235","233","0","0","1","289","156","8","13","1","0","95","0","0","0","0","1","0","0","0","0","468","POINT (-75.644163 3.197911)"
"17873","Caldas","Villamaría","2,024","142","148","0","0","0","233","52","3","2","0","0","0","0","0","0","0","0","0","0","0","0","290","POINT (-75.513761 5.043614)"
"68682","Santander","San Joaquín","2,023","6","2","0","0","0","0","0","6","2","0","0","0","0","0","0","0","0","0","0","0","0","8","POINT (-72.867638 6.427548)"
"15572","Boyacá","Puerto Boyacá","2,026","5","2","0","0","0","0","0","2","5","0","2","0","0","0","0","0","0","0","0","0","0","7","POINT (-74.587999 5.977935)"
"27810","Chocó","Unión Panamericana","2,023","2","1","0","0","0","0","0","0","2","1","3","0","0","0","0","0","0","0","0","0","0","3","POINT (-76.630143 5.281108)"
"54480","Norte de Santander","Mutiscua","2,024","3","0","0","0","0","0","0","0","3","0","0","0","0","0","0","0","0","0","0","0","0","3","POINT (-72.747169 7.300469)"
"91001","Amazonas","Leticia","2,026","1","0","0","0","0","0","0","0","1","0","0","0","0","0","0","0","0","0","0","0","0","1","POINT (-69.941465 -4.199511)"
"41799","Huila","Tello","2,023","0","0","0","0","0","0","0","0","0","0","0","0","0","0","0","0","0","0","0","0","0","0","POINT (-75.138773 3.067538)"
"25402","Cundinamarca","La Vega","2,026","0","0","0","0","0","0","0","0","0","0","0","0","0","0","0","0","0","0","0","0","0","0","POINT (-74.331138 4.993077)"
"25489","Cundinamarca","Nimaima","2,026","0","0","0","0","0","0","0","0","0","0","0","0","0","0","0","0","0","0","0","0","0","0","POINT (-74.38604 5.125992)"
"52022","Nariño","Aldana","2,026","0","0","0","0","0","0","0","0","0","0","0","0","0","0","0","0","0","0","0","0","0","0","POINT (-77.700564 0.882381)"
"68276","Santander","Floridablanca","2,025","1,245","1,419","0","1","83","1,971","598","6","7","0","8","2","0","0","0","0","45","0","392","0","0","2,665","POINT (-73.098991 7.072385)"
"08421","Atlántico","Luruaco","2,025","513","524","0","0","10","670","345","7","4","1","408","0","0","0","0","0","0","0","279","0","0","1,037","POINT (-75.142023 10.610652)"
"70771","Sucre","Sucre","2,025","143","166","0","0","1","130","167","7","2","2","0","0","0","0","0","0","0","0","305","0","0","309","POINT (-74.723175 8.811737)"
"76616","Valle del Cauca","Riofrío","2,025","101","91","0","0","25","133","33","1","0","0","0","0","0","0","0","0","0","0","0","0","0","192","POINT (-76.288313 4.156908)"
"20710","Cesar","San Alberto","2,025","384","325","0","0","3","282","424","0","0","0","2","1","0","0","0","0","4","0","13","0","0","709","POINT (-73.39389 7.761109)"
"20517","Cesar","Pailitas","2,025","40","55","0","0","2","73","20","0","0","0","0","0","0","0","0","0","0","0","0","0","0","95","POINT (-73.625808 8.956032)"
"25398","Cundinamarca","La Peña","2,024","4","8","0","0","0","0","4","3","4","1","0","1","0","0","0","0","0","0","0","0","0","12","POINT (-74.393089 5.200211)"
"13549","Bolívar","Pinillos","2,024","226","164","0","0","3","148","208","24","7","0","0","1","0","0","0","0","1","0","0","0","0","390","POINT (-74.462294 8.914952)"
"73678","Tolima","San Luis","2,023","5","3","0","0","0","0","0","2","5","1","0","0","0","0","0","0","0","0","0","0","0","8","POINT (-75.095804 4.133721)"
"08606","Atlántico","Repelón","2,023","6","5","0","0","0","0","0","11","0","0","6","0","0","0","0","0","1","0","0","0","0","11","POINT (-75.125534 10.493357)"
"15176","Boyacá","Chiquinquirá","2,023","11","7","0","0","0","0","0","12","6","0","0","0","0","0","0","0","0","0","0","0","0","18","POINT (-73.818745 5.61379)"
"63190","Quindío","Circasia","2,023","9","9","0","0","0","0","0","10","5","3","0","0","0","0","0","0","0","0","0","0","0","18","POINT (-75.636533 4.617759)"
"15022","Boyacá","Almeida","2,025","2","0","0","0","0","0","0","1","1","0","0","0","0","0","0","0","0","0","0","0","0","2","POINT (-73.378933 4.970857)"
"20710","Cesar","San Alberto","2,023","0","1","0","0","0","0","0","0","1","0","0","0","0","0","0","0","0","0","0","0","0","1","POINT (-73.39389 7.761109)"
"63272","Quindío","Filandia","2,026","1","0","0","0","0","0","0","0","1","0","0","0","0","0","0","0","0","0","1","0","0","1","POINT (-75.658675 4.674213)"
"15218","Boyacá","Covarachía","2,024","0","0","0","0","0","0","0","0","0","0","0","0","0","0","0","0","0","0","0","0","0","0","POINT (-72.738978 6.500177)"
"76403","Valle del Cauca","La Victoria","2,024","0","0","0","0","0","0","0","0","0","0","0","0","0","0","0","0","0","0","0","0","0","0","POINT (-76.036529 4.523603)"
"05411","Antioquia","Liborina","2,026","0","0","0","0","0","0","0","0","0","0","0","0","0","0","0","0","0","0","0","0","0","0","POINT (-75.812838 6.677316)"
"15135","Boyacá","Campohermoso","2,026","0","0","0","0","0","0","0","0","0","0","0","0","0","0","0","0","0","0","0","0","0","0","POINT (-73.104173 5.031676)"
"25878","Cundinamarca","Viotá","2,026","0","0","0","0","0","0","0","0","0","0","0","0","0","0","0","0","0","0","0","0","0","0","POINT (-74.523131 4.43935)"
"52612","Nariño","Ricaurte","2,025","122","119","0","0","15","150","67","2","7","0","0","232","0","0","0","0","0","0","232","0","0","241","POINT (-77.995153 1.212492)"
"15092","Boyacá","Betéitiva","2,024","9","5","0","0","0","0","0","3","6","5","1","0","0","0","0","0","0","0","0","0","0","14","POINT (-72.809014 5.909978)"
"17495","Caldas","Norcasia","2,024","219","221","0","0","0","152","264","24","0","0","0","0","0","0","0","0","0","0","0","0","0","440","POINT (-74.889546 5.574796)"
"52399","Nariño","La Unión","2,024","163","137","0","0","0","79","184","34","3","0","1","0","0","0","0","0","0","0","0","0","0","300","POINT (-77.131316 1.600219)"
"25320","Cundinamarca","Guaduas","2,023","10","103","0","0","0","2","0","25","86","0","0","0","0","0","0","0","0","0","0","0","0","113","POINT (-74.603368 5.072026)"
"41503","Huila","Oporapa","2,026","272","193","0","0","6","255","203","0","1","0","0","1","0","0","0","0","1","0","465","0","0","465","POINT (-75.995165 2.025088)"
"68147","Santander","Capitanejo","2,023","0","0","1","0","0","0","0","2","0","0","0","0","0","0","0","0","0","0","0","0","0","2","POINT (-72.6992 6.53318)"
"68682","Santander","San Joaquín","2,025","0","0","0","1","0","0","0","1","0","0","0","0","0","0","0","0","0","0","0","0","0","1","POINT (-72.867638 6.427548)"
"25488","Cundinamarca","Nilo","2,024","0","0","0","0","0","0","0","0","0","0","0","0","0","0","0","0","0","0","0","0","0","0","POINT (-74.620009 4.305838)"
"25178","Cundinamarca","Chipaque","2,026","0","0","0","0","0","0","0","0","0","0","0","0","0","0","0","0","0","0","0","0","0","0","POINT (-74.044876 4.442671)"
"68229","Santander","Curití","2,026","0","0","0","0","0","0","0","0","0","0","0","0","0","0","0","0","0","0","0","0","0","0","POINT (-73.069388 6.605102)"
"63190","Quindío","Circasia","2,025","114","124","0","0","1","99","124","4","10","0","0","0","0","0","0","0","17","0","19","0","0","238","POINT (-75.636533 4.617759)"
"73678","Tolima","San Luis","2,025","241","270","0","0","30","401","77","2","1","0","0","0","0","0","0","0","5","0","275","0","0","511","POINT (-75.095804 4.133721)"
"25317","Cundinamarca","Guachetá","2,025","91","94","0","0","0","46","119","15","5","0","0","0","0","0","0","0","1","0","180","0","0","185","POINT (-73.686972 5.383378)"
"05895","Antioquia","Zaragoza","2,025","52","47","0","0","1","89","2","0","4","3","0","0","0","0","0","0","1","0","0","0","0","99","POINT (-74.867075 7.488583)"
"15879","Boyacá","Viracachá","2,025","5","1","0","0","0","0","0","0","2","4","0","0","0","0","0","0","0","0","0","0","0","6","POINT (-73.296894 5.436833)"
"23466","Córdoba","Montelíbano","2,024","325","385","0","4","0","110","472","122","9","1","1","4","0","0","0","0","3","0","0","0","0","714","POINT (-75.416818 7.973777)"
"68001","Santander","Bucaramanga","2,024","450","384","0","5","2","251","506","56","20","4","5","5","0","0","0","0","4","0","0","0","0","839","POINT (-73.132582 7.116381)"
"52427","Nariño","Magüí","2,024","75","49","0","0","1","33","45","8","10","27","112","0","0","0","0","0","0","0","0","0","0","124","POINT (-78.183024 1.76523)"
"19517","Cauca","Páez","2,024","61","91","0","1","1","121","15","11","5","0","0","147","0","0","0","0","0","0","0","0","0","153","POINT (-75.971965 2.641367)"
"27160","Chocó","Cértegui","2,024","89","26","0","0","0","8","96","10","1","0","114","0","0","0","0","0","0","0","0","0","0","115","POINT (-76.607483 5.370117)"
"15442","Boyacá","Maripí","2,024","9","0","0","0","0","0","0","1","7","1","0","0","0","0","0","0","0","0","0","0","0","9","POINT (-74.00405 5.550091)"
"05147","Antioquia","Carepa","2,024","93","89","0","0","0","103","73","3","3","0","0","0","0","0","0","0","0","0","0","0","0","182","POINT (-76.652822 7.755199)"
"68245","Santander","El Guacamayo","2,023","5","0","0","0","0","0","0","1","4","0","0","0","0","0","0","0","0","0","0","0","0","5","POINT (-73.496893 6.245119)"
"25572","Cundinamarca","Puerto Salgar","2,023","7","10","0","0","0","0","2","11","4","0","2","0","0","0","0","0","0","0","0","0","0","17","POINT (-74.65277 5.46499)"
"19573","Cauca","Puerto Tejada","2,023","203","203","0","0","200","18","78","7","2","101","405","1","0","0","0","0","0","0","0","0","0","406","POINT (-76.417673 3.233254)"
"68368","Santander","Jesús María","2,023","3","1","0","0","0","0","0","3","1","0","0","0","0","0","0","0","0","0","0","0","0","4","POINT (-73.783396 5.876497)"
"23660","Córdoba","Sahagún","2,026","421","426","0","0","14","520","313","0","0","0","0","80","0","0","0","0","13","0","292","0","0","847","POINT (-75.445834 8.943048)"
"41668","Huila","San Agustín","2,026","371","356","0","0","0","496","225","4","2","0","0","70","0","0","0","0","9","0","514","0","0","727","POINT (-76.27036 1.881081)"
"25572","Cundinamarca","Puerto Salgar","2,025","3","0","0","0","0","0","0","0","3","0","0","0","0","0","0","0","0","0","0","0","0","3","POINT (-74.65277 5.46499)"
"68245","Santander","El Guacamayo","2,025","2","0","0","0","0","0","0","0","2","0","0","0","0","0","0","0","2","0","0","0","0","2","POINT (-73.496893 6.245119)"
"15778","Boyacá","Sutatenza","2,023","2","0","0","0","0","1","0","0","0","1","0","0","0","0","0","0","0","0","0","0","0","2","POINT (-73.452317 5.022989)"
"15022","Boyacá","Almeida","2,023","0","0","0","0","0","0","0","0","0","0","0","0","0","0","0","0","0","0","0","0","0","0","POINT (-73.378933 4.970857)"
"25807","Cundinamarca","Tibirita","2,024","0","0","0","0","0","0","0","0","0","0","0","0","0","0","0","0","0","0","0","0","0","0","POINT (-73.504514 5.052278)"
"18860","Caquetá","Valparaíso","2,026","0","0","0","0","0","0","0","0","0","0","0","0","0","0","0","0","0","0","0","0","0","0","POINT (-75.70671 1.194619)"
"25430","Cundinamarca","Madrid","2,026","0","0","0","0","0","0","0","0","0","0","0","0","0","0","0","0","0","0","0","0","0","0","POINT (-74.265385 4.732802)"
"25839","Cundinamarca","Ubalá","2,026","0","0","0","0","0","0","0","0","0","0","0","0","0","0","0","0","0","0","0","0","0","0","POINT (-73.533967 4.743995)"
"81591","Arauca","Puerto Rondón","2,026","0","0","0","0","0","0","0","0","0","0","0","0","0","0","0","0","0","0","0","0","0","0","POINT (-71.097743 6.283852)"
"23079","Córdoba","Buenavista","2,025","323","307","0","0","0","299","316","7","2","6","0","0","0","0","0","0","0","0","0","0","0","630","POINT (-75.480897 8.221187)"
"25438","Cundinamarca","Medina","2,025","46","40","0","0","7","33","40","0","5","1","0","0","0","0","0","0","0","0","77","0","0","86","POINT (-73.348449 4.506298)"
"13188","Bolívar","Cicuco","2,025","94","36","0","0","0","28","90","11","1","0","1","0","0","0","0","0","0","0","3","0","0","130","POINT (-74.646028 9.274313)"
"47053","Magdalena","Aracataca","2,024","189","167","0","0","4","126","210","10","6","0","8","0","0","0","0","0","0","0","0","0","0","356","POINT (-74.186702 10.589791)"
"52506","Nariño","Ospina","2,023","7","1","0","0","0","0","0","8","0","0","0","0","0","0","0","0","0","0","0","0","0","8","POINT (-77.566082 1.058433)"
"05380","Antioquia","La Estrella","2,023","5","5","0","0","0","0","0","6","4","0","0","0","0","0","0","0","0","0","0","0","0","10","POINT (-75.631869 6.123327)"
"70110","Sucre","Buenavista","2,023","4","0","0","0","0","0","0","0","4","0","0","0","0","0","0","0","2","0","0","0","0","4","POINT (-74.972827 9.319794)"
"23570","Córdoba","Pueblo Nuevo","2,026","573","588","0","0","64","627","462","8","0","0","2","64","0","0","0","0","0","0","923","0","0","1,161","POINT (-75.508035 8.504099)"
"15185","Boyacá","Chitaraque","2,024","1","1","0","0","0","0","1","0","1","0","0","0","0","0","0","0","0","0","0","0","0","2","POINT (-73.4471 6.027425)"
"63111","Quindío","Buenavista","2,024","1","0","0","0","0","0","0","0","1","0","1","0","0","0","0","0","0","0","0","0","0","1","POINT (-75.739693 4.360121)"
"25258","Cundinamarca","El Peñón","2,025","1","0","0","0","0","0","0","0","1","0","0","0","0","0","0","0","0","0","0","0","0","1","POINT (-74.290207 5.248747)"
"41676","Huila","Santa María","2,023","0","0","0","0","0","0","0","0","0","0","0","0","0","0","0","0","0","0","0","0","0","0","POINT (-75.587213 2.937628)"
"50251","Meta","El Castillo","2,024","0","0","0","0","0","0","0","0","0","0","0","0","0","0","0","0","0","0","0","0","0","0","POINT (-73.794225 3.563907)"
"68377","Santander","La Belleza","2,024","0","0","0","0","0","0","0","0","0","0","0","0","0","0","0","0","0","0","0","0","0","0","POINT (-73.965494 5.85925)"
"41349","Huila","Hobo","2,026","0","0","0","0","0","0","0","0","0","0","0","0","0","0","0","0","0","0","0","0","0","0","POINT (-75.451151 2.582868)"
"52215","Nariño","Córdoba","2,026","0","0","0","0","0","0","0","0","0","0","0","0","0","0","0","0","0","0","0","0","0","0","POINT (-77.517897 0.854564)"
"52699","Nariño","Santacruz","2,025","145","168","0","0","15","130","164","4","0","0","0","313","0","0","0","0","0","0","313","0","0","313","POINT (-77.676917 1.222275)"
"05368","Antioquia","Jericó","2,024","4","0","0","0","0","0","0","3","1","0","0","0","0","0","0","0","0","0","0","0","0","4","POINT (-75.785499 5.789748)"
"25040","Cundinamarca","Anolaima","2,024","4","1","0","0","0","0","0","2","3","0","0","0","0","0","0","0","0","0","0","0","0","5","POINT (-74.46384 4.7617)"
"25295","Cundinamarca","Gachancipá","2,024","1","3","0","0","0","0","0","0","4","0","0","0","0","0","0","0","0","0","0","0","0","4","POINT (-73.873464 4.990947)"
"25269","Cundinamarca","Facatativá","2,024","16","1","0","0","0","0","0","6","11","0","0","0","0","0","0","0","0","0","0","0","0","17","POINT (-74.350151 4.812987)"
"17433","Caldas","Manzanares","2,024","34","54","0","0","0","25","55","6","2","0","0","0","0","0","0","0","0","0","0","0","0","88","POINT (-75.152829 5.255699)"
"68575","Santander","Puerto Wilches","2,024","107","87","0","0","0","120","71","1","2","0","0","0","0","0","0","0","0","0","0","0","0","194","POINT (-73.899068 7.349039)"
"05308","Antioquia","Girardota","2,026","58","71","0","0","0","129","0","0","0","0","0","0","0","0","0","0","0","0","0","0","0","129","POINT (-75.444235 6.379487)"
"23090","Córdoba","Canalete","2,024","2","1","0","0","0","0","0","2","1","0","0","0","0","0","0","0","0","0","0","0","0","3","POINT (-76.241476 8.786939)"
"50245","Meta","El Calvario","2,023","2","0","0","0","0","0","0","2","0","0","0","0","0","0","0","0","0","0","0","0","0","2","POINT (-73.713325 4.352665)"
"25407","Cundinamarca","Lenguazaque","2,023","1","0","0","0","0","0","0","1","0","0","0","0","0","0","0","0","0","0","0","0","0","1","POINT (-73.711512 5.306131)"
"25662","Cundinamarca","San Juan de Rioseco","2,023","0","0","0","0","0","0","0","0","0","0","0","0","0","0","0","0","0","0","0","0","0","0","POINT (-74.621919 4.847575)"
"25524","Cundinamarca","Pandi","2,024","0","0","0","0","0","0","0","0","0","0","0","0","0","0","0","0","0","0","0","0","0","0","POINT (-74.486641 4.190393)"
"68502","Santander","Onzaga","2,025","0","0","0","0","0","0","0","0","0","0","0","0","0","0","0","0","0","0","0","0","0","0","POINT (-72.816766 6.344104)"
"05282","Antioquia","Fredonia","2,026","0","0","0","0","0","0","0","0","0","0","0","0","0","0","0","0","0","0","0","0","0","0","POINT (-75.670453 5.924363)"
"05501","Antioquia","Olaya","2,026","0","0","0","0","0","0","0","0","0","0","0","0","0","0","0","0","0","0","0","0","0","0","POINT (-75.812301 6.627524)"
"15001","Boyacá","Tunja","2,026","0","0","0","0","0","0","0","0","0","0","0","0","0","0","0","0","0","0","0","0","0","0","POINT (-73.355543 5.539898)"
"68255","Santander","El Playón","2,026","0","0","0","0","0","0","0","0","0","0","0","0","0","0","0","0","0","0","0","0","0","0","POINT (-73.20287 7.470715)"
"73055","Tolima","Armero","2,026","0","0","0","0","0","0","0","0","0","0","0","0","0","0","0","0","0","0","0","0","0","0","POINT (-74.884438 5.030744)"
"94888","Guainía","Morichal (Anm)","2,026","0","0","0","0","0","0","0","0","0","0","0","0","0","0","0","0","0","0","0","0","0","0","POINT (-69.919404 2.265132)"
"76243","Valle del Cauca","El Águila","2,025","153","131","0","0","4","147","125","5","3","0","3","0","0","0","0","0","12","0","284","0","0","284","POINT (-76.041317 4.909568)"
"41524","Huila","Palermo","2,025","116","105","0","0","9","202","7","0","3","0","1","0","0","0","0","0","2","0","0","0","0","221","POINT (-75.434329 2.888246)"
"25001","Cundinamarca","Agua de Dios","2,025","57","51","0","0","0","11","93","3","1","0","0","0","0","0","0","0","0","0","0","0","0","108","POINT (-74.669221 4.375309)"
"41306","Huila","Gigante","2,024","306","188","0","0","4","92","370","21","7","0","1","1","0","0","0","0","2","0","0","0","0","494","POINT (-75.54122 2.388236)"
"19548","Cauca","Piendamó - Tunía","2,024","313","369","0","0","5","302","348","21","3","3","3","31","0","0","0","0","5","0","0","0","0","682","POINT (-76.528615 2.64228)"
"63548","Quindío","Pijao","2,024","121","122","0","0","12","131","93","7","0","0","0","1","0","0","0","0","0","0","0","0","0","243","POINT (-75.703329 4.335036)"
"08421","Atlántico","Luruaco","2,023","4","2","0","0","0","1","0","2","1","2","3","0","0","0","0","0","0","0","0","0","0","6","POINT (-75.142023 10.610652)"
"85010","Casanare","Aguazul","2,023","358","441","0","0","185","307","278","22","7","0","2","0","0","0","0","0","3","0","0","0","0","799","POINT (-72.547048 5.172834)"
"86749","Putumayo","Sibundoy","2,023","86","72","0","0","2","10","2","98","41","7","2","54","0","0","0","0","3","0","0","0","0","160","POINT (-76.917814 1.20026)"
"27205","Chocó","Condoto","2,026","185","198","0","0","1","167","205","9","1","0","383","0","0","0","0","0","2","0","154","0","0","383","POINT (-76.650683 5.091003)"
"15580","Boyacá","Quípama","2,023","0","0","0","0","0","0","0","0","0","0","0","0","0","0","0","0","0","0","0","0","0","0","POINT (-74.177729 5.51837)"
"05856","Antioquia","Valparaíso","2,025","0","0","0","0","0","0","0","0","0","0","0","0","0","0","0","0","0","0","0","0","0","0","POINT (-75.624452 5.614555)"
"76497","Valle del Cauca","Obando","2,026","0","0","0","0","0","0","0","0","0","0","0","0","0","0","0","0","0","0","0","0","0","0","POINT (-75.974709 4.575712)"
"19318","Cauca","Guapi","2,025","671","699","0","0","14","472","801","76","6","1","1,332","36","0","0","0","0","0","0","180","0","0","1,370","POINT (-77.888033 2.572918)"
"50150","Meta","Castilla la Nueva","2,025","423","405","0","1","1","566","261","1","0","0","1","3","0","0","0","0","11","0","288","0","0","829","POINT (-73.687237 3.826992)"
"19100","Cauca","Bolívar","2,024","150","157","0","0","4","122","156","19","6","0","161","2","0","0","0","0","12","0","0","0","0","307","POINT (-76.966215 1.837538)"
"05861","Antioquia","Venecia","2,023","5","8","0","0","0","0","0","7","5","1","0","0","0","0","0","0","0","0","0","0","0","13","POINT (-75.735544 5.964693)"
"86569","Putumayo","Puerto Caicedo","2,023","6","6","0","0","0","1","2","7","2","0","0","0","0","0","0","0","0","0","0","0","0","12","POINT (-76.605088 0.684854)"
"13468","Bolívar","Santa Cruz de Mompox","2,023","39","23","0","0","0","1","6","33","22","0","0","1","0","0","0","0","2","0","0","0","0","62","POINT (-74.427889 9.243831)"
"18150","Caquetá","Cartagena del Chairá","2,023","270","293","0","0","77","153","306","14","9","4","0","0","0","0","0","0","0","0","0","0","0","563","POINT (-74.841591 1.33621)"
"05591","Antioquia","Puerto Triunfo","2,026","54","37","0","0","0","82","9","0","0","0","0","0","0","0","0","0","3","0","1","0","0","91","POINT (-74.64119 5.871318)"
"73001","Tolima","Ibagué","2,026","6","3","0","0","0","0","0","3","6","0","0","0","0","0","0","0","0","0","0","0","0","9","POINT (-75.193715 4.439609)"
"20517","Cesar","Pailitas","2,023","1","1","0","0","0","0","0","2","0","0","1","0","0","0","0","0","0","0","0","0","0","2","POINT (-73.625808 8.956032)"
"25317","Cundinamarca","Guachetá","2,023","1","0","0","0","0","0","0","0","1","0","0","0","0","0","0","0","0","0","0","0","0","1","POINT (-73.686972 5.383378)"
"05483","Antioquia","Nariño","2,025","0","0","0","0","0","0","0","0","0","0","0","0","0","0","0","0","0","0","0","0","0","0","POINT (-75.176262 5.610777)"
"25312","Cundinamarca","Granada","2,026","0","0","0","0","0","0","0","0","0","0","0","0","0","0","0","0","0","0","0","0","0","0","POINT (-74.350766 4.519763)"
"52560","Nariño","Potosí","2,026","0","0","0","0","0","0","0","0","0","0","0","0","0","0","0","0","0","0","0","0","0","0","POINT (-77.572792 0.806342)"
"68327","Santander","Güepsa","2,026","0","0","0","0","0","0","0","0","0","0","0","0","0","0","0","0","0","0","0","0","0","0","POINT (-73.575146 6.025013)"
"05628","Antioquia","Sabanalarga","2,024","4","0","0","0","0","0","0","2","2","0","0","0","0","0","0","0","0","0","0","0","0","4","POINT (-75.816645 6.850028)"
"50400","Meta","Lejanías","2,024","186","198","0","0","23","175","172","4","5","5","0","0","0","0","0","0","0","0","0","0","0","384","POINT (-74.02447 3.526355)"
"13006","Bolívar","Achí","2,024","289","330","0","0","0","87","509","19","4","0","0","0","0","0","0","0","3","0","0","0","0","619","POINT (-74.557065 8.569113)"
"54871","Norte de Santander","Villa Caro","2,024","11","10","0","0","0","0","7","10","4","0","1","0","0","0","0","0","0","0","0","0","0","21","POINT (-72.971282 7.915047)"
"05579","Antioquia","Puerto Berrío","2,024","293","300","0","0","2","303","202","18","44","24","77","0","0","0","0","0","11","0","0","0","0","593","POINT (-74.409962 6.48701)"
"66383","Risaralda","La Celia","2,024","215","264","0","0","1","308","155","15","0","0","1","16","0","0","0","0","14","0","0","0","0","479","POINT (-76.0032 5.002787)"
"27425","Chocó","Medio Atrato","2,024","61","52","0","0","0","23","43","47","0","0","0","113","0","0","0","0","0","0","0","0","0","113","POINT (-76.783042 5.994935)"
"54125","Norte de Santander","Cácota","2,024","24","3","0","0","0","0","2","10","14","1","0","0","0","0","0","0","0","0","0","0","0","27","POINT (-72.642059 7.268705)"
"68502","Santander","Onzaga","2,023","10","3","0","0","0","0","0","8","5","0","0","0","0","0","0","0","0","0","0","0","0","13","POINT (-72.816766 6.344104)"
"11001","Bogotá, D. C.","Bogotá, D.C.","2,023","5,145","2,645","223","0","22","570","590","3,086","3,566","191","243","143","8","0","0","6","264","0","0","0","0","8,025","POINT (-74.107359 4.650173)"
"13244","Bolívar","El Carmen de Bolívar","2,026","261","224","0","0","0","262","217","6","0","0","0","0","0","0","0","0","1","0","245","0","0","485","POINT (-75.121231 9.718573)"
"13468","Bolívar","Santa Cruz de Mompox","2,026","134","117","0","1","0","188","51","8","5","0","0","0","0","0","0","0","2","0","120","0","0","252","POINT (-74.427889 9.243831)"
"44279","La Guajira","Fonseca","2,026","340","257","0","0","0","399","192","6","0","0","0","120","0","0","0","0","1","0","119","0","0","597","POINT (-72.846662 10.884301)"
"68533","Santander","Páramo","2,023","3","0","0","0","0","0","0","0","3","0","0","0","0","0","0","0","0","0","0","0","0","3","POINT (-73.170394 6.416465)"
"47675","Magdalena","Salamina","2,023","0","2","0","0","0","0","0","1","1","0","0","0","0","0","0","0","0","0","0","0","0","2","POINT (-74.794189 10.491229)"
"68327","Santander","Güepsa","2,023","2","0","0","0","0","0","0","2","0","0","0","0","0","0","0","0","0","0","0","0","0","2","POINT (-73.575146 6.025013)"
"27250","Chocó","El Litoral del San Juan","2,024","0","1","0","0","0","0","0","0","1","0","0","1","0","0","0","0","0","0","0","0","0","1","POINT (-77.35989 4.256823)"
"20383","Cesar","La Gloria","2,023","0","0","0","0","0","0","0","0","0","0","0","0","0","0","0","0","0","0","0","0","0","0","POINT (-73.80321 8.619298)"
"54003","Norte de Santander","Ábrego","2,026","0","0","0","0","0","0","0","0","0","0","0","0","0","0","0","0","0","0","0","0","0","0","POINT (-73.221722 8.081616)"
"91405","Amazonas","La Chorrera (Anm)","2,026","0","0","0","0","0","0","0","0","0","0","0","0","0","0","0","0","0","0","0","0","0","0","POINT (-72.7891063836592 -1.4436297845492)"
"05002","Antioquia","Abejorral","2,025","16","4","0","34","0","0","3","40","10","1","0","0","0","0","0","0","0","0","0","0","0","54","POINT (-75.428739 5.789315)"
"47675","Magdalena","Salamina","2,025","337","348","0","0","9","290","363","15","6","2","204","0","0","0","0","0","0","0","480","0","0","685","POINT (-74.794189 10.491229)"
"25120","Cundinamarca","Cabrera","2,024","4","4","0","0","0","0","0","3","5","0","0","0","0","0","0","0","0","0","0","0","0","8","POINT (-74.484144 3.984615)"
"25871","Cundinamarca","Villagómez","2,024","4","0","0","0","0","0","0","1","2","1","0","0","0","0","0","0","0","0","0","0","0","4","POINT (-74.195145 5.273024)"
"05237","Antioquia","Donmatías","2,024","2","4","0","0","0","0","0","3","3","0","0","0","0","0","0","0","0","0","0","0","0","6","POINT (-75.39263 6.485603)"
"70265","Sucre","Guaranda","2,024","7","5","0","0","0","0","0","4","8","0","0","0","0","0","0","0","0","0","0","0","0","12","POINT (-74.538345 8.464847)"
"15720","Boyacá","Sativanorte","2,024","2","3","0","0","0","0","0","3","2","0","0","0","0","0","0","0","0","0","0","0","0","5","POINT (-72.708458 6.131132)"
"05079","Antioquia","Barbosa","2,026","115","157","0","0","41","159","72","0","0","0","0","0","0","0","0","0","0","0","0","0","0","272","POINT (-75.331627 6.439195)"
"05475","Antioquia","Murindó","2,026","77","90","0","0","0","24","141","2","0","0","135","32","0","0","0","0","0","0","0","0","0","167","POINT (-76.817485 6.97771)"
"25245","Cundinamarca","El Colegio","2,023","3","0","0","0","0","1","0","2","0","0","0","0","0","0","0","0","0","0","0","0","0","3","POINT (-74.44221 4.578071)"
"52352","Nariño","Iles","2,025","0","0","0","0","0","0","0","0","0","0","0","0","0","0","0","0","0","0","0","0","0","0","POINT (-77.521227 0.96952)"
"15835","Boyacá","Turmequé","2,025","155","249","0","6","50","228","123","7","2","0","0","0","0","0","0","0","9","0","339","0","0","410","POINT (-73.491825 5.323261)"
"05887","Antioquia","Yarumal","2,025","522","442","0","0","29","634","282","10","0","9","1","8","0","0","0","0","10","0","339","0","0","964","POINT (-75.418828 6.963832)"
"23815","Córdoba","Tuchín","2,025","354","391","0","0","9","402","303","4","25","2","0","742","0","0","0","0","0","0","396","0","0","745","POINT (-75.554451 9.186966)"
"52838","Nariño","Túquerres","2,025","401","414","0","0","45","462","298","8","2","0","0","20","0","0","0","0","10","0","0","0","0","815","POINT (-77.61672 1.085044)"
"94343","Guainía","Barrancominas","2,025","102","113","0","0","0","103","109","2","1","0","0","214","0","0","0","0","4","0","214","0","0","215","POINT (-69.814066 3.494178)"
"27491","Chocó","Nóvita","2,025","224","218","0","0","8","178","230","22","4","0","439","1","0","0","0","0","0","0","50","0","0","442","POINT (-76.607118 4.956097)"
"68250","Santander","El Peñón","2,025","133","134","0","0","19","159","85","4","0","0","0","0","0","0","0","0","4","0","182","0","0","267","POINT (-73.816911 6.054277)"
"19355","Cauca","Inzá","2,024","8","7","0","1","1","0","0","8","6","1","2","0","0","0","0","0","0","0","0","0","0","16","POINT (-76.063503 2.549183)"
"27491","Chocó","Nóvita","2,023","1","4","0","0","0","0","0","0","5","0","3","0","0","0","0","0","0","0","0","0","0","5","POINT (-76.607118 4.956097)"
"47245","Magdalena","El Banco","2,026","254","345","0","0","16","266","309","8","0","0","119","0","0","0","0","0","0","0","239","0","0","599","POINT (-73.97437 9.008503)"
"68250","Santander","El Peñón","2,023","0","0","0","0","0","0","0","0","0","0","0","0","0","0","0","0","0","0","0","0","0","0","POINT (-73.816911 6.054277)"
"68425","Santander","Macaravita","2,023","0","0","0","0","0","0","0","0","0","0","0","0","0","0","0","0","0","0","0","0","0","0","POINT (-72.593105 6.50658)"
"15693","Boyacá","Santa Rosa de Viterbo","2,026","0","0","0","0","0","0","0","0","0","0","0","0","0","0","0","0","0","0","0","0","0","0","POINT (-72.982461 5.874547)"
"25281","Cundinamarca","Fosca","2,026","0","0","0","0","0","0","0","0","0","0","0","0","0","0","0","0","0","0","0","0","0","0","POINT (-73.93902 4.339093)"
"50124","Meta","Cabuyaro","2,025","239","297","0","0","0","390","146","0","0","0","11","2","0","0","0","0","12","0","127","0","0","536","POINT (-72.791768 4.286705)"
"15804","Boyacá","Tibaná","2,025","170","190","0","0","43","196","114","3","4","0","0","0","0","0","0","0","2","0","227","0","0","360","POINT (-73.396457 5.317251)"
"50330","Meta","Mesetas","2,025","231","237","0","0","42","351","71","2","2","0","0","2","0","0","0","0","0","0","361","0","0","468","POINT (-74.044519 3.383813)"
"25168","Cundinamarca","Chaguaní","2,025","5","3","0","0","1","2","0","2","3","0","0","0","0","0","0","0","0","0","0","0","0","8","POINT (-74.593455 4.948916)"
"86755","Putumayo","San Francisco","2,024","23","11","0","4","0","0","0","30","8","0","0","7","0","0","0","1","24","0","0","0","0","38","POINT (-76.879283 1.174194)"
"73347","Tolima","Herveo","2,024","8","3","0","0","0","0","0","4","7","0","0","0","0","0","0","0","0","0","0","0","0","11","POINT (-75.177151 5.080228)"
"13667","Bolívar","San Martín de Loba","2,024","220","232","0","0","11","141","265","35","0","0","0","0","0","0","0","0","1","0","0","0","0","452","POINT (-74.039064 8.937273)"
"18753","Caquetá","San Vicente del Caguán","2,024","445","428","0","1","20","450","361","35","8","0","1","0","0","0","0","1","1","0","0","0","0","874","POINT (-74.766451 2.11965)"
"50683","Meta","San Juan de Arama","2,024","7","0","0","0","0","0","0","0","7","0","0","0","0","0","0","0","0","0","0","0","0","7","POINT (-73.875832 3.373728)"
"05887","Antioquia","Yarumal","2,023","2","3","1","0","0","0","0","6","0","0","1","0","0","0","0","0","0","0","0","0","0","6","POINT (-75.418828 6.963832)"
"52838","Nariño","Túquerres","2,023","5","9","0","0","0","0","0","13","0","1","0","6","0","0","0","0","0","0","0","0","0","14","POINT (-77.61672 1.085044)"
"23807","Córdoba","Tierralta","2,023","118","82","0","0","0","96","73","26","6","0","2","4","0","0","0","0","0","0","0","0","0","201","POINT (-76.059797 8.170612)"
"05380","Antioquia","La Estrella","2,026","267","318","0","0","80","503","2","0","0","0","1","0","0","0","0","0","12","0","0","0","0","585","POINT (-75.631869 6.123327)"
"23686","Córdoba","San Pelayo","2,026","370","383","0","0","8","371","369","5","0","0","1","129","0","0","0","0","16","0","0","0","0","753","POINT (-75.835125 8.958011)"
"41799","Huila","Tello","2,026","197","245","0","0","49","187","203","3","0","0","0","3","0","0","0","0","4","0","404","0","0","442","POINT (-75.138773 3.067538)"
"41357","Huila","Íquira","2,025","2","0","0","0","0","0","0","0","0","2","0","0","0","0","0","0","0","0","0","0","0","2","POINT (-75.634497 2.649359)"
"52254","Nariño","El Peñol","2,025","1","0","0","1","0","0","0","1","1","0","0","1","0","0","0","0","0","0","0","0","0","2","POINT (-77.437859 1.452893)"
"25168","Cundinamarca","Chaguaní","2,023","1","0","0","0","0","0","0","0","1","0","0","0","0","0","0","0","0","0","0","0","0","1","POINT (-74.593455 4.948916)"
"68425","Santander","Macaravita","2,025","0","0","0","1","0","0","0","1","0","0","0","0","0","0","0","0","0","0","0","0","0","1","POINT (-72.593105 6.50658)"
"17616","Caldas","Risaralda","2,024","0","0","0","0","0","0","0","0","0","0","0","0","0","0","0","0","0","0","0","0","0","0","POINT (-75.76722 5.164509)"
"63470","Quindío","Montenegro","2,026","0","0","0","0","0","0","0","0","0","0","0","0","0","0","0","0","0","0","0","0","0","0","POINT (-75.751812 4.56296)"
"15516","Boyacá","Paipa","2,025","352","397","0","0","60","332","345","10","2","0","0","0","0","0","0","0","27","0","480","0","0","749","POINT (-73.117918 5.779949)"
"25662","Cundinamarca","San Juan de Rioseco","2,025","4","1","0","0","0","0","0","0","5","0","0","0","0","0","0","0","0","0","0","0","0","5","POINT (-74.621919 4.847575)"
"68755","Santander","Socorro","2,024","309","330","0","0","0","299","336","2","2","0","0","0","0","0","0","0","14","0","0","0","0","639","POINT (-73.261198 6.46387)"
"23350","Córdoba","La Apartada","2,024","89","112","0","0","44","156","1","0","0","0","0","0","0","0","0","0","0","0","0","0","0","201","POINT (-75.332591 8.044806)"
"73226","Tolima","Cunday","2,024","64","67","0","0","0","118","13","0","0","0","0","0","0","0","0","0","3","0","0","0","0","131","POINT (-74.692227 4.059259)"
"05604","Antioquia","Remedios","2,023","3","7","0","0","0","0","0","7","3","0","0","0","0","0","0","0","0","0","0","0","0","10","POINT (-74.695944 7.026094)"
"76109","Valle del Cauca","Buenaventura","2,023","518","561","0","0","31","365","462","185","33","4","955","0","0","0","0","0","62","0","0","0","0","1,080","POINT (-77.01074 3.875708)"
"41807","Huila","Timaná","2,023","2","2","0","0","0","0","0","0","3","1","0","0","0","0","0","0","2","0","0","0","0","4","POINT (-75.932167 1.974539)"
"05002","Antioquia","Abejorral","2,023","2","0","0","0","1","0","0","0","1","0","0","0","0","0","0","0","0","0","0","0","0","2","POINT (-75.428739 5.789315)"
"25258","Cundinamarca","El Peñón","2,023","1","0","0","0","0","0","0","1","0","0","0","0","0","0","0","0","0","0","0","0","0","1","POINT (-74.290207 5.248747)"
"25649","Cundinamarca","San Bernardo","2,023","0","0","0","0","0","0","0","0","0","0","0","0","0","0","0","0","0","0","0","0","0","0","POINT (-74.42296 4.179433)"
"05206","Antioquia","Concepción","2,024","0","0","0","0","0","0","0","0","0","0","0","0","0","0","0","0","0","0","0","0","0","0","POINT (-75.257587 6.394348)"
"05761","Antioquia","Sopetrán","2,025","0","0","0","0","0","0","0","0","0","0","0","0","0","0","0","0","0","0","0","0","0","0","POINT (-75.747378 6.500745)"
"68013","Santander","Aguada","2,026","0","0","0","0","0","0","0","0","0","0","0","0","0","0","0","0","0","0","0","0","0","0","POINT (-73.523187 6.162157)"
"76001","Valle del Cauca","Santiago de Cali","2,025","841","678","0","69","29","915","386","79","172","7","330","15","0","0","0","0","22","0","10","0","0","1,588","POINT (-76.521469 3.414162)"
"86569","Putumayo","Puerto Caicedo","2,025","133","130","0","0","15","95","129","17","7","0","6","47","0","0","0","0","1","0","250","0","0","263","POINT (-76.605088 0.684854)"
"86749","Putumayo","Sibundoy","2,025","441","461","0","0","107","542","244","7","2","0","6","469","0","0","0","0","19","0","198","0","0","902","POINT (-76.917814 1.20026)"
"85010","Casanare","Aguazul","2,025","441","413","0","0","45","544","255","6","4","0","0","0","0","0","0","0","5","0","158","0","0","854","POINT (-72.547048 5.172834)"
"15244","Boyacá","El Cocuy","2,024","4","3","0","0","0","0","0","7","0","0","0","0","0","0","0","0","0","0","0","0","0","7","POINT (-72.444537 6.407738)"
"15455","Boyacá","Miraflores","2,024","5","0","0","0","0","0","0","0","5","0","0","0","0","0","0","0","0","0","0","0","0","5","POINT (-73.14563 5.196515)"
"52260","Nariño","El Tambo","2,024","7","7","0","0","1","0","0","10","3","0","1","0","0","0","0","0","0","0","0","0","0","14","POINT (-77.390774 1.407914)"
"70771","Sucre","Sucre","2,023","4","3","0","0","0","0","0","4","3","0","0","1","0","0","0","0","2","0","0","0","0","7","POINT (-74.723175 8.811737)"
"15238","Boyacá","Duitama","2,023","24","19","0","0","0","1","0","31","9","2","1","0","0","0","0","0","0","0","0","0","0","43","POINT (-73.03063 5.822964)"
"05856","Antioquia","Valparaíso","2,023","2","2","0","0","0","0","0","3","1","0","0","2","0","0","0","0","0","0","0","0","0","4","POINT (-75.624452 5.614555)"
"05789","Antioquia","Támesis","2,026","158","193","0","0","20","283","47","1","0","0","0","0","0","0","0","0","9","0","34","0","0","351","POINT (-75.714429 5.664645)"
"52254","Nariño","El Peñol","2,023","1","0","0","0","0","1","0","0","0","0","0","0","0","0","0","0","0","0","0","0","0","1","POINT (-77.437859 1.452893)"
"15810","Boyacá","Tipacoque","2,024","0","0","0","0","0","0","0","0","0","0","0","0","0","0","0","0","0","0","0","0","0","0","POINT (-72.693173 6.418586)"
"25372","Cundinamarca","Junín","2,024","0","0","0","0","0","0","0","0","0","0","0","0","0","0","0","0","0","0","0","0","0","0","POINT (-73.662961 4.79057)"
"68121","Santander","Cabrera","2,026","0","0","0","0","0","0","0","0","0","0","0","0","0","0","0","0","0","0","0","0","0","0","POINT (-73.246475 6.592118)"
"27810","Chocó","Unión Panamericana","2,025","608","617","0","0","46","576","560","37","5","1","1,205","16","0","0","0","0","1","0","380","0","0","1,225","POINT (-76.630143 5.281108)"
"15696","Boyacá","Santa Sofía","2,025","137","133","0","0","30","198","36","0","6","0","0","0","0","0","0","0","14","0","135","0","0","270","POINT (-73.602707 5.713269)"
"76122","Valle del Cauca","Caicedonia","2,025","251","253","0","0","74","389","41","0","0","0","0","0","0","0","0","0","7","0","114","0","0","504","POINT (-75.830594 4.334808)"
"70110","Sucre","Buenavista","2,025","4","0","0","0","0","0","0","1","3","0","0","0","0","0","0","0","2","0","0","0","0","4","POINT (-74.972827 9.319794)"
"05790","Antioquia","Tarazá","2,024","6","0","0","0","0","0","0","2","3","1","3","1","0","0","0","0","0","0","0","0","0","6","POINT (-75.401407 7.580127)"
"81591","Arauca","Puerto Rondón","2,023","1","3","1","0","0","0","0","5","0","0","0","0","0","0","0","0","0","0","0","0","0","5","POINT (-71.097743 6.283852)"
"05686","Antioquia","Santa Rosa de Osos","2,026","55","67","0","0","16","103","3","0","0","0","0","0","0","0","0","0","1","0","0","0","0","122","POINT (-75.460723 6.643366)"
"05861","Antioquia","Venecia","2,026","1","1","0","0","0","0","0","0","1","1","0","0","0","0","0","0","0","0","0","0","0","2","POINT (-75.735544 5.964693)"
"54680","Norte de Santander","Santiago","2,025","2","0","0","0","0","0","0","0","2","0","0","2","0","0","0","0","0","0","0","0","0","2","POINT (-72.716579 7.865339)"
"25438","Cundinamarca","Medina","2,023","0","2","0","0","0","0","0","2","0","0","0","0","0","0","0","0","0","0","0","0","0","2","POINT (-73.348449 4.506298)"
"99524","Vichada","La Primavera","2,023","0","2","0","0","0","0","0","0","2","0","0","0","0","0","0","0","0","0","0","0","0","2","POINT (-70.410515 5.486309)"
"15172","Boyacá","Chinavita","2,024","1","0","0","0","0","0","0","1","0","0","0","0","0","0","0","0","0","0","0","0","0","1","POINT (-73.368476 5.167486)"
"68160","Santander","Cepitá","2,025","1","0","0","0","0","0","0","0","1","0","0","0","0","0","0","0","0","0","0","0","0","1","POINT (-72.973536 6.753518)"
"68533","Santander","Páramo","2,025","0","0","0","0","0","0","0","0","0","0","0","0","0","0","0","0","0","0","0","0","0","0","POINT (-73.170394 6.416465)"
"68615","Santander","Rionegro","2,026","0","0","0","0","0","0","0","0","0","0","0","0","0","0","0","0","0","0","0","0","0","0","POINT (-73.150147 7.26501)"
"76248","Valle del Cauca","El Cerrito","2,025","104","145","0","2","0","169","79","3","0","0","1","0","0","0","0","0","0","0","0","0","0","251","POINT (-76.311909 3.684272)"
"17001","Caldas","Manizales","2,024","960","1,047","0","2","48","1,269","605","55","28","4","4","0","0","0","0","0","27","0","0","0","0","2,009","POINT (-75.491018 5.057655)"
"47205","Magdalena","Concordia","2,024","139","151","0","0","0","93","192","2","3","0","0","0","0","0","0","0","4","0","0","0","0","290","POINT (-74.83303 10.257314)"
"86760","Putumayo","Santiago","2,024","257","251","0","1","5","410","60","26","8","0","3","326","0","0","0","0","8","0","0","0","0","509","POINT (-77.002641 1.147076)"
"41530","Huila","Palestina","2,024","138","159","0","0","1","76","204","14","1","1","0","7","0","0","0","0","2","0","0","0","0","297","POINT (-76.133291 1.723723)"
"25745","Cundinamarca","Simijaca","2,024","7","0","0","0","0","0","0","0","6","1","0","1","0","0","0","0","0","0","0","0","0","7","POINT (-73.850703 5.505231)"
"15051","Boyacá","Arcabuco","2,024","2","5","0","0","0","0","1","6","0","0","0","1","0","0","0","0","0","0","0","0","0","7","POINT (-73.438111 5.755381)"
"50124","Meta","Cabuyaro","2,023","7","1","0","0","0","0","0","4","4","0","0","0","0","0","0","0","0","0","0","0","0","8","POINT (-72.791768 4.286705)"
"13836","Bolívar","Turbaco","2,023","17","8","0","0","0","0","0","17","9","0","4","3","0","0","0","0","0","0","0","0","0","26","POINT (-75.424387 10.33276)"
"19318","Cauca","Guapi","2,023","18","10","0","0","0","2","1","12","12","1","16","0","0","0","0","0","0","0","0","0","0","28","POINT (-77.888033 2.572918)"
"94343","Guainía","Barrancominas","2,023","62","70","0","0","132","0","0","0","0","0","0","12","0","0","0","0","0","0","0","0","0","132","POINT (-69.814066 3.494178)"
"15804","Boyacá","Tibaná","2,023","4","0","0","0","0","0","0","0","4","0","0","0","0","0","0","0","0","0","0","0","0","4","POINT (-73.396457 5.317251)"
"19022","Cauca","Almaguer","2,026","249","229","0","0","43","247","188","0","0","0","1","5","0","0","0","0","2","0","398","0","0","478","POINT (-76.85607 1.913429)"
"81794","Arauca","Tame","2,026","0","0","0","6","0","0","0","6","0","0","0","0","0","0","0","0","0","0","0","0","0","6","POINT (-71.75892 6.450575)"
"41524","Huila","Palermo","2,023","3","0","0","0","1","0","0","0","2","0","0","0","0","0","0","0","0","0","0","0","0","3","POINT (-75.434329 2.888246)"
"25781","Cundinamarca","Sutatausa","2,024","1","2","0","0","0","0","0","0","3","0","0","0","0","0","0","0","0","0","0","0","0","3","POINT (-73.853159 5.247482)"
"15104","Boyacá","Boyacá","2,026","2","0","0","0","0","0","0","0","2","0","0","0","0","0","0","0","0","0","0","0","0","2","POINT (-73.361945 5.454578)"
"05483","Antioquia","Nariño","2,023","0","0","0","0","0","0","0","0","0","0","0","0","0","0","0","0","0","0","0","0","0","0","POINT (-75.176262 5.610777)"
"05658","Antioquia","San José de la Montaña","2,023","0","0","0","0","0","0","0","0","0","0","0","0","0","0","0","0","0","0","0","0","0","0","POINT (-75.683352 6.85009)"
"15822","Boyacá","Tota","2,023","0","0","0","0","0","0","0","0","0","0","0","0","0","0","0","0","0","0","0","0","0","0","POINT (-72.985898 5.560497)"
"15226","Boyacá","Cuítiva","2,024","0","0","0","0","0","0","0","0","0","0","0","0","0","0","0","0","0","0","0","0","0","0","POINT (-72.965923 5.580367)"
"15215","Boyacá","Corrales","2,025","0","0","0","0","0","0","0","0","0","0","0","0","0","0","0","0","0","0","0","0","0","0","POINT (-72.844795 5.828064)"
"18029","Caquetá","Albania","2,026","0","0","0","0","0","0","0","0","0","0","0","0","0","0","0","0","0","0","0","0","0","0","POINT (-75.878375 1.328526)"
"68705","Santander","Santa Bárbara","2,026","0","0","0","0","0","0","0","0","0","0","0","0","0","0","0","0","0","0","0","0","0","0","POINT (-72.907445 6.990996)"
"15407","Boyacá","Villa de Leyva","2,025","215","198","0","6","1","203","197","16","2","0","0","0","0","0","0","0","4","0","229","0","0","419","POINT (-73.524948 5.632455)"
"19821","Cauca","Toribío","2,025","353","333","0","0","5","502","176","2","1","0","0","576","0","0","0","0","2","0","63","0","0","686","POINT (-76.271127 2.95145)"
"68081","Santander","Barrancabermeja","2,025","1,576","1,427","0","0","46","1,754","1,173","5","25","0","17","0","0","0","0","0","33","0","357","0","0","3,003","POINT (-73.849313 7.064855)"
"25086","Cundinamarca","Beltrán","2,025","13","0","0","0","0","0","10","2","1","0","0","0","0","0","0","0","0","0","4","0","0","13","POINT (-74.741666 4.802832)"
"08560","Atlántico","Ponedera","2,023","6","4","0","0","0","1","0","9","0","0","2","0","0","0","0","0","0","0","0","0","0","10","POINT (-74.753885 10.641779)"
"08638","Atlántico","Sabanalarga","2,023","6","8","0","0","0","1","0","13","1","0","0","0","0","0","0","0","0","0","0","0","0","15","POINT (-74.92153 10.632291)"
"05490","Antioquia","Necoclí","2,023","40","23","0","0","1","30","6","12","13","1","48","1","0","0","0","0","0","0","0","0","0","63","POINT (-76.784588 8.426139)"
"13683","Bolívar","Santa Rosa","2,026","104","132","0","0","0","84","148","1","3","0","114","0","0","0","0","0","0","0","112","0","0","236","POINT (-75.369824 10.444396)"
"23855","Córdoba","Valencia","2,026","51","47","0","0","5","92","1","0","0","0","0","1","0","0","0","0","1","0","0","0","0","98","POINT (-76.150756 8.255016)"
"70771","Sucre","Sucre","2,026","136","162","0","0","0","108","181","9","0","0","0","0","0","0","0","0","0","0","276","0","0","298","POINT (-74.723175 8.811737)"
"25019","Cundinamarca","Albán","2,024","2","0","0","0","0","0","0","0","2","0","0","0","0","0","0","0","0","0","0","0","0","2","POINT (-74.438261 4.878022)"
"05647","Antioquia","San Andrés de Cuerquía","2,023","1","0","0","0","1","0","0","0","0","0","0","0","0","0","0","0","0","0","0","0","0","1","POINT (-75.676008 6.912558)"
"68575","Santander","Puerto Wilches","2,026","0","0","0","0","0","0","0","0","0","0","0","0","0","0","0","0","0","0","0","0","0","0","POINT (-73.899068 7.349039)"
"97511","Vaupés","Pacoa (Anm)","2,026","0","0","0","0","0","0","0","0","0","0","0","0","0","0","0","0","0","0","0","0","0","0","POINT (-71.004339 0.020698)"
"63690","Quindío","Salento","2,025","119","91","0","0","0","35","144","6","19","6","2","1","0","0","0","0","6","0","2","0","0","210","POINT (-75.570844 4.637157)"
"23574","Córdoba","Puerto Escondido","2,025","425","534","0","0","107","449","356","38","9","0","602","28","0","0","0","0","1","0","747","0","0","959","POINT (-76.260411 9.005372)"
"08372","Atlántico","Juan de Acosta","2,025","448","527","0","0","137","484","350","4","0","0","202","0","0","0","0","0","0","0","35","0","0","975","POINT (-75.035031 10.828909)"
"13458","Bolívar","Montecristo","2,025","126","128","0","0","0","143","109","1","1","0","254","0","0","0","0","0","0","0","253","0","0","254","POINT (-74.468558 8.299375)"
"50325","Meta","Mapiripán","2,025","47","35","0","0","0","0","76","0","6","0","0","0","0","0","0","0","0","0","0","0","0","82","POINT (-72.135509 2.896617)"
"70400","Sucre","La Unión","2,024","2","4","0","0","0","0","1","0","5","0","0","2","0","0","0","0","0","0","0","0","0","6","POINT (-75.276056 8.853975)"
"44847","La Guajira","Uribia","2,024","13","3","0","0","0","0","1","6","8","1","2","6","0","0","0","0","0","0","0","0","0","16","POINT (-72.26471 11.714596)"
"68549","Santander","Pinchote","2,023","6","1","0","0","0","0","0","3","3","1","0","0","0","0","0","0","0","0","0","0","0","7","POINT (-73.174699 6.531745)"
"05154","Antioquia","Caucasia","2,023","3","6","0","0","0","0","0","2","7","0","0","0","0","0","0","0","0","0","0","0","0","9","POINT (-75.197996 7.977278)"
"70823","Sucre","San José de Toluviejo","2,023","7","10","0","0","1","0","3","7","6","0","1","0","0","0","0","0","1","0","0","0","0","17","POINT (-75.44085 9.451819)"
"08078","Atlántico","Baranoa","2,023","41","15","0","0","1","18","6","22","9","1","0","4","0","0","0","0","0","0","0","0","0","57","POINT (-74.916073 10.794447)"
"52720","Nariño","Sapuyes","2,023","124","106","0","0","0","0","0","5","1","224","0","0","0","0","0","0","0","0","0","0","0","230","POINT (-77.62028 1.037536)"
"20001","Cesar","Valledupar","2,026","37","35","0","0","3","57","12","0","0","0","0","72","0","0","0","0","0","0","72","0","0","72","POINT (-73.259398 10.460472)"
"27615","Chocó","Riosucio","2,023","2","0","0","0","0","0","0","0","2","0","1","0","0","0","0","0","0","0","0","0","0","2","POINT (-77.113156 7.436704)"
"15172","Boyacá","Chinavita","2,025","1","0","0","0","0","0","0","0","1","0","0","0","0","0","0","0","0","0","0","0","0","1","POINT (-73.368476 5.167486)"
"47268","Magdalena","El Retén","2,026","1","0","0","0","0","0","0","0","1","0","1","0","0","0","0","0","0","0","0","0","0","1","POINT (-74.268412 10.610445)"
"15774","Boyacá","Susacón","2,023","0","0","0","0","0","0","0","0","0","0","0","0","0","0","0","0","0","0","0","0","0","0","POINT (-72.690289 6.230332)"
"15531","Boyacá","Pauna","2,026","0","0","0","0","0","0","0","0","0","0","0","0","0","0","0","0","0","0","0","0","0","0","POINT (-73.978449 5.656323)"
"25580","Cundinamarca","Pulí","2,026","0","0","0","0","0","0","0","0","0","0","0","0","0","0","0","0","0","0","0","0","0","0","POINT (-74.71438 4.682022)"
"50606","Meta","Restrepo","2,026","0","0","0","0","0","0","0","0","0","0","0","0","0","0","0","0","0","0","0","0","0","0","POINT (-73.56497 4.260447)"
"73067","Tolima","Ataco","2,026","0","0","0","0","0","0","0","0","0","0","0","0","0","0","0","0","0","0","0","0","0","0","POINT (-75.382545 3.590591)"
"41016","Huila","Aipe","2,025","5","14","0","0","0","0","0","13","6","0","0","0","0","0","0","0","0","0","0","0","0","19","POINT (-75.239017 3.223996)"
"70400","Sucre","La Unión","2,025","8","4","0","0","0","0","2","0","10","0","0","4","0","0","0","0","0","0","4","0","0","12","POINT (-75.276056 8.853975)"
"68686","Santander","San Miguel","2,025","9","1","0","0","0","3","1","3","3","0","0","0","0","0","0","0","0","0","0","0","0","10","POINT (-72.644123 6.575315)"
"50370","Meta","Uribe","2,024","12","3","0","0","0","0","0","3","10","2","0","1","0","0","0","0","0","0","0","0","0","15","POINT (-74.351508 3.239634)"
"05591","Antioquia","Puerto Triunfo","2,023","8","1","0","0","0","0","0","3","6","0","0","0","0","0","0","0","0","0","0","0","0","9","POINT (-74.64119 5.871318)"
"18205","Caquetá","Curillo","2,023","10","0","0","0","0","1","0","4","4","1","0","0","0","0","0","0","1","0","0","0","0","10","POINT (-75.919205 1.033473)"
"86865","Putumayo","Valle del Guamuez","2,023","208","206","0","0","202","111","64","24","12","1","12","29","0","0","0","0","3","0","0","0","0","414","POINT (-76.906751 0.423506)"
"13873","Bolívar","Villanueva","2,026","221","253","0","0","0","212","261","1","0","0","238","0","0","0","0","0","0","0","355","0","0","474","POINT (-75.271108 10.445091)"
"41006","Huila","Acevedo","2,026","201","180","0","0","44","134","202","1","0","0","0","0","0","0","0","0","1","0","380","0","0","381","POINT (-75.888532 1.805259)"
"27660","Chocó","San José del Palmar","2,023","0","0","0","0","0","0","0","0","0","0","0","0","0","0","0","0","0","0","0","0","0","0","POINT (-76.232849 4.897593)"
"70221","Sucre","Coveñas","2,025","341","305","0","0","24","535","76","0","8","3","68","321","0","0","0","0","1","0","84","0","0","646","POINT (-75.691867 9.402463)"
"15676","Boyacá","San Miguel de Sema","2,025","5","0","0","0","0","0","0","0","3","2","0","0","0","0","0","0","5","0","5","0","0","5","POINT (-73.722009 5.518083)"
"17446","Caldas","Marulanda","2,025","2","4","0","0","0","0","0","0","5","1","0","0","0","0","0","0","0","0","0","0","0","6","POINT (-75.259721 5.284304)"
"50370","Meta","Uribe","2,025","4","0","0","0","0","0","0","1","3","0","0","2","0","0","0","0","0","0","0","0","0","4","POINT (-74.351508 3.239634)"
"23417","Córdoba","Lorica","2,024","265","297","0","0","0","196","330","31","4","1","286","3","0","0","0","0","7","0","0","0","0","562","POINT (-75.815984 9.240862)"
"05045","Antioquia","Apartadó","2,024","223","231","0","0","5","255","160","19","14","1","118","1","0","0","0","0","0","0","0","0","0","454","POINT (-76.625135 7.883257)"
"15407","Boyacá","Villa de Leyva","2,024","19","13","0","0","0","0","1","10","16","5","0","0","0","0","0","0","0","0","0","0","0","32","POINT (-73.524948 5.632455)"
"68081","Santander","Barrancabermeja","2,024","1,002","1,219","0","0","1","639","1,438","59","74","10","14","3","0","0","0","0","35","0","0","0","0","2,221","POINT (-73.849313 7.064855)"
"15001","Boyacá","Tunja","2,023","130","50","1","0","6","0","1","65","105","4","14","0","0","0","0","0","23","0","0","0","0","181","POINT (-73.355543 5.539898)"
"94001","Guainía","Inírida","2,023","287","304","0","0","278","44","96","27","29","118","3","297","0","0","0","0","1","0","0","0","0","592","POINT (-67.918864 3.866324)"
"41349","Huila","Hobo","2,023","3","0","0","0","0","0","0","3","0","0","0","0","0","0","0","0","0","0","0","0","0","3","POINT (-75.451151 2.582868)"
"05885","Antioquia","Yalí","2,024","1","1","0","0","0","0","0","0","2","0","0","0","0","0","0","0","0","0","0","0","0","2","POINT (-74.840059 6.676554)"
"73671","Tolima","Saldaña","2,024","0","1","0","0","0","0","0","0","1","0","0","0","0","0","0","0","0","0","0","0","0","1","POINT (-75.016153 3.926909)"
"20550","Cesar","Pelaya","2,026","1","0","0","0","0","0","0","0","1","0","1","0","0","0","0","0","0","0","0","0","0","1","POINT (-73.666451 8.689006)"
"15673","Boyacá","San Mateo","2,023","0","0","0","0","0","0","0","0","0","0","0","0","0","0","0","0","0","0","0","0","0","0","POINT (-72.555264 6.401683)"
"25154","Cundinamarca","Carmen de Carupa","2,026","0","0","0","0","0","0","0","0","0","0","0","0","0","0","0","0","0","0","0","0","0","0","POINT (-73.901357 5.349119)"
"27025","Chocó","Alto Baudó","2,026","0","0","0","0","0","0","0","0","0","0","0","0","0","0","0","0","0","0","0","0","0","0","POINT (-76.974373 5.516221)"
"66088","Risaralda","Belén de Umbría","2,026","0","0","0","0","0","0","0","0","0","0","0","0","0","0","0","0","0","0","0","0","0","0","POINT (-75.868334 5.200793)"
"70233","Sucre","El Roble","2,026","0","0","0","0","0","0","0","0","0","0","0","0","0","0","0","0","0","0","0","0","0","0","POINT (-75.198831 9.099532)"
"73168","Tolima","Chaparral","2,026","0","0","0","0","0","0","0","0","0","0","0","0","0","0","0","0","0","0","0","0","0","0","POINT (-75.480765 3.722918)"
"63130","Quindío","Calarcá","2,025","392","433","0","0","26","348","423","20","7","1","1","6","0","0","0","0","58","0","92","0","0","825","POINT (-75.649088 4.515282)"
"47245","Magdalena","El Banco","2,025","867","927","0","0","26","678","1,046","42","2","0","378","0","0","0","0","0","1","0","1,020","0","0","1,794","POINT (-73.97437 9.008503)"
"23417","Córdoba","Lorica","2,025","536","520","0","3","5","463","553","15","21","2","2","4","0","0","0","0","19","0","573","0","0","1,059","POINT (-75.815984 9.240862)"
"05190","Antioquia","Cisneros","2,025","9","0","0","0","0","0","0","1","4","4","0","0","0","0","0","0","0","0","0","0","0","9","POINT (-75.087047 6.537829)"
"76001","Valle del Cauca","Santiago de Cali","2,024","366","295","0","12","1","235","65","199","167","6","116","4","1","0","0","3","6","0","0","0","0","673","POINT (-76.521469 3.414162)"
"05101","Antioquia","Ciudad Bolívar","2,024","174","192","0","0","0","224","135","5","2","0","2","0","0","0","0","0","4","0","0","0","0","366","POINT (-76.021509 5.850273)"
"19585","Cauca","Puracé","2,024","164","167","0","0","0","143","175","8","4","1","0","298","0","0","0","0","5","0","0","0","0","331","POINT (-76.49575 2.342756)"
"50124","Meta","Cabuyaro","2,024","178","212","0","0","0","265","117","0","8","0","10","1","0","0","0","0","12","0","0","0","0","390","POINT (-72.791768 4.286705)"
"19137","Cauca","Caldono","2,024","115","115","0","0","0","25","186","13","5","1","0","172","0","0","0","1","1","0","0","0","0","230","POINT (-76.484789 2.798819)"
"08372","Atlántico","Juan de Acosta","2,024","203","187","0","0","0","71","312","6","1","0","196","0","0","0","0","0","0","0","0","0","0","390","POINT (-75.035031 10.828909)"
"13074","Bolívar","Barranco de Loba","2,023","2","5","0","0","0","0","0","5","1","1","3","0","0","0","0","0","1","0","0","0","0","7","POINT (-74.105236 8.947931)"
"23168","Córdoba","Chimá","2,023","6","7","0","0","0","0","0","7","6","0","0","9","0","0","0","0","4","0","0","0","0","13","POINT (-75.626886 9.149698)"
"20770","Cesar","San Martín","2,023","17","2","0","0","0","0","0","7","12","0","1","0","0","0","0","0","0","0","0","0","0","19","POINT (-73.510914 7.999855)"
"19318","Cauca","Guapi","2,026","485","520","0","0","47","284","607","67","0","0","980","24","0","0","0","0","1","0","228","0","0","1,005","POINT (-77.888033 2.572918)"
"05670","Antioquia","San Roque","2,023","1","2","0","0","0","1","0","1","0","1","0","0","0","0","0","0","0","0","0","0","0","3","POINT (-75.019109 6.485939)"
"15822","Boyacá","Tota","2,024","2","0","0","0","0","0","0","0","2","0","1","0","0","0","0","0","0","0","0","0","0","2","POINT (-72.985898 5.560497)"
"68235","Santander","El Carmen de Chucurí","2,023","0","2","0","0","0","0","0","2","0","0","0","0","0","0","0","0","0","0","0","0","0","2","POINT (-73.511268 6.697907)"
"76895","Valle del Cauca","Zarzal","2,023","1","1","0","0","0","0","0","1","1","0","0","0","0","0","0","0","0","0","0","0","0","2","POINT (-76.070795 4.392658)"
"05042","Antioquia","Santa Fé de Antioquia","2,023","1","0","0","0","0","0","0","0","1","0","0","0","0","0","0","0","0","0","0","0","0","1","POINT (-75.826648 6.556484)"
"54680","Norte de Santander","Santiago","2,023","0","0","0","0","0","0","0","0","0","0","0","0","0","0","0","0","0","0","0","0","0","0","POINT (-72.716579 7.865339)"
"05628","Antioquia","Sabanalarga","2,026","0","0","0","0","0","0","0","0","0","0","0","0","0","0","0","0","0","0","0","0","0","0","POINT (-75.816645 6.850028)"
"50001","Meta","Villavicencio","2,026","0","0","0","0","0","0","0","0","0","0","0","0","0","0","0","0","0","0","0","0","0","0","POINT (-73.627486 4.127404)"
"05101","Antioquia","Ciudad Bolívar","2,025","396","445","0","0","46","514","270","11","0","0","5","0","0","0","0","0","6","0","61","0","0","841","POINT (-76.021509 5.850273)"
"25612","Cundinamarca","Ricaurte","2,025","18","1","0","0","0","0","0","3","12","4","0","1","0","0","0","0","1","0","11","0","0","19","POINT (-74.784543 4.29395)"
"17088","Caldas","Belalcázar","2,024","5","6","0","0","0","0","4","7","0","0","0","11","0","0","0","0","0","0","0","0","0","11","POINT (-75.811918 4.993785)"
"17524","Caldas","Palestina","2,024","166","168","0","0","0","167","151","6","6","4","0","1","0","0","0","0","0","0","0","0","0","334","POINT (-75.62163 5.020634)"
"19821","Cauca","Toribío","2,024","112","148","0","0","0","143","109","0","6","2","0","155","0","0","0","0","1","0","0","0","0","260","POINT (-76.271127 2.95145)"
"08137","Atlántico","Campo de la Cruz","2,024","319","289","0","0","0","145","429","27","7","0","7","0","0","0","0","0","0","0","0","0","0","608","POINT (-74.883152 10.37924)"
"13657","Bolívar","San Juan Nepomuceno","2,023","174","177","0","0","328","0","0","15","6","2","7","0","0","0","0","0","0","0","0","0","0","351","POINT (-75.081402 9.95338)"
"41206","Huila","Colombia","2,024","1","1","0","0","0","0","1","0","1","0","0","1","0","0","0","0","0","0","0","0","0","2","POINT (-74.802815 3.376745)"
"08549","Atlántico","Piojó","2,023","1","0","0","0","0","0","0","1","0","0","0","1","0","0","0","0","0","0","0","0","0","1","POINT (-75.107592 10.749216)"
"68820","Santander","Tona","2,025","0","0","0","1","0","0","0","1","0","0","0","0","0","0","0","0","0","0","0","0","0","1","POINT (-72.966018 7.202725)"
"05347","Antioquia","Heliconia","2,025","1","0","0","0","0","0","0","0","0","1","0","0","0","0","0","0","0","0","0","0","0","1","POINT (-75.734322 6.206757)"
"68179","Santander","Chipatá","2,023","0","0","0","0","0","0","0","0","0","0","0","0","0","0","0","0","0","0","0","0","0","0","POINT (-73.637111 6.062521)"
"68686","Santander","San Miguel","2,024","0","0","0","0","0","0","0","0","0","0","0","0","0","0","0","0","0","0","0","0","0","0","POINT (-72.644123 6.575315)"
"25658","Cundinamarca","San Francisco","2,026","0","0","0","0","0","0","0","0","0","0","0","0","0","0","0","0","0","0","0","0","0","0","POINT (-74.289672 4.972917)"
"27160","Chocó","Cértegui","2,026","0","0","0","0","0","0","0","0","0","0","0","0","0","0","0","0","0","0","0","0","0","0","POINT (-76.607483 5.370117)"
"54673","Norte de Santander","San Cayetano","2,026","0","0","0","0","0","0","0","0","0","0","0","0","0","0","0","0","0","0","0","0","0","0","POINT (-72.625459 7.875695)"
"44847","La Guajira","Uribia","2,025","201","189","0","0","0","102","232","29","26","1","0","285","0","0","0","0","0","0","130","0","0","390","POINT (-72.26471 11.714596)"
"05045","Antioquia","Apartadó","2,025","1,274","1,155","0","0","72","1,183","1,147","10","16","1","169","2","1","0","0","0","3","0","0","0","0","2,429","POINT (-76.625135 7.883257)"
"17524","Caldas","Palestina","2,025","415","459","0","0","20","454","384","13","2","1","0","0","0","0","0","0","26","0","2","0","0","874","POINT (-75.62163 5.020634)"
"25377","Cundinamarca","La Calera","2,025","304","314","0","0","56","279","269","4","9","1","0","0","0","0","0","0","22","0","606","0","0","618","POINT (-73.969745 4.720345)"
"25769","Cundinamarca","Subachoque","2,024","5","1","0","0","0","0","0","4","1","1","1","0","0","0","0","0","0","0","0","0","0","6","POINT (-74.172773 4.929118)"
"95001","Guaviare","San José del Guaviare","2,024","183","161","0","0","0","279","46","9","10","0","6","0","0","0","0","0","0","0","0","0","0","344","POINT (-72.639024 2.566394)"
"20750","Cesar","San Diego","2,024","287","274","0","0","0","109","437","10","5","0","0","2","0","0","0","0","0","0","0","0","0","561","POINT (-73.181208 10.333039)"
"23574","Córdoba","Puerto Escondido","2,024","10","3","0","0","0","0","0","7","5","1","3","2","0","0","0","0","2","0","0","0","0","13","POINT (-76.260411 9.005372)"
"54313","Norte de Santander","Gramalote","2,024","179","230","0","0","0","176","228","5","0","0","0","0","0","0","0","0","1","0","0","0","0","409","POINT (-72.787233 7.916946)"
"20011","Cesar","Aguachica","2,024","152","160","0","0","0","52","234","25","1","0","0","0","0","0","0","0","1","0","0","0","0","312","POINT (-73.599399 8.309986)"
"73624","Tolima","Rovira","2,023","4","2","0","0","0","0","0","3","1","2","0","0","0","0","0","0","0","0","0","0","0","6","POINT (-75.240648 4.239019)"
"15516","Boyacá","Paipa","2,023","119","98","0","0","101","9","0","103","5","0","1","0","0","0","0","0","0","0","0","0","0","218","POINT (-73.117918 5.779949)"
"52585","Nariño","Pupiales","2,023","42","26","0","0","1","31","19","12","5","0","0","8","0","0","0","0","0","0","0","0","0","68","POINT (-77.633504 0.86714)"
"52399","Nariño","La Unión","2,026","225","226","0","1","0","128","323","1","0","0","2","0","0","0","0","0","1","0","161","0","0","452","POINT (-77.131316 1.600219)"
"15810","Boyacá","Tipacoque","2,025","0","1","0","0","0","0","0","0","1","0","0","0","0","0","0","0","0","0","1","0","0","1","POINT (-72.693173 6.418586)"
"41206","Huila","Colombia","2,025","0","0","0","0","0","0","0","0","0","0","0","0","0","0","0","0","0","0","0","0","0","0","POINT (-74.802815 3.376745)"
"25793","Cundinamarca","Tausa","2,026","0","0","0","0","0","0","0","0","0","0","0","0","0","0","0","0","0","0","0","0","0","0","POINT (-73.886473 5.196555)"
"68418","Santander","Los Santos","2,026","0","0","0","0","0","0","0","0","0","0","0","0","0","0","0","0","0","0","0","0","0","0","POINT (-73.102746 6.755208)"
"19137","Cauca","Caldono","2,025","137","129","0","260","0","131","133","260","2","0","0","171","0","0","0","0","1","0","223","0","0","526","POINT (-76.484789 2.798819)"
"19418","Cauca","López de Micay","2,025","573","630","0","0","57","460","591","87","7","1","958","244","0","0","0","0","0","0","0","0","0","1,203","POINT (-77.247803 2.846788)"
"20011","Cesar","Aguachica","2,025","389","410","0","0","12","374","404","9","0","0","11","2","0","0","0","0","5","0","589","0","0","799","POINT (-73.599399 8.309986)"
"54313","Norte de Santander","Gramalote","2,025","182","253","0","0","2","183","248","2","0","0","0","0","0","0","0","0","9","0","213","0","0","435","POINT (-72.787233 7.916946)"
"15822","Boyacá","Tota","2,025","65","104","0","0","0","52","116","1","0","0","0","0","0","0","0","0","6","0","0","0","0","169","POINT (-72.985898 5.560497)"
"47245","Magdalena","El Banco","2,024","245","226","0","0","1","39","337","55","33","6","75","0","0","0","0","0","2","0","0","0","0","471","POINT (-73.97437 9.008503)"
"63130","Quindío","Calarcá","2,024","80","95","0","0","0","53","62","32","28","0","0","3","0","0","0","0","60","0","0","0","0","175","POINT (-75.649088 4.515282)"
"41016","Huila","Aipe","2,024","1","14","0","0","0","2","5","3","5","0","0","0","0","0","0","0","3","0","0","0","0","15","POINT (-75.239017 3.223996)"
"25599","Cundinamarca","Apulo","2,023","4","1","0","0","0","1","0","0","4","0","0","0","0","0","0","0","0","0","0","0","0","5","POINT (-74.593926 4.520304)"
"17174","Caldas","Chinchiná","2,023","7","1","0","0","0","0","0","7","1","0","0","0","0","0","0","0","0","0","0","0","0","8","POINT (-75.607529 4.985227)"
"52540","Nariño","Policarpa","2,023","75","84","0","0","0","98","50","4","6","1","19","2","0","0","0","0","0","0","0","0","0","159","POINT (-77.459265 1.628139)"
"13268","Bolívar","El Peñón","2,026","197","241","0","0","44","194","192","8","0","0","0","0","0","0","0","0","0","0","115","0","0","438","POINT (-73.949274 8.988271)"
"19418","Cauca","López de Micay","2,026","411","481","0","0","64","331","464","33","0","0","811","81","0","0","0","0","0","0","217","0","0","892","POINT (-77.247803 2.846788)"
"47570","Magdalena","Puebloviejo","2,026","106","129","0","0","0","17","216","2","0","0","0","0","0","0","0","0","0","0","0","0","0","235","POINT (-74.28253 10.994766)"
"25845","Cundinamarca","Une","2,023","0","0","0","0","0","0","0","0","0","0","0","0","0","0","0","0","0","0","0","0","0","0","POINT (-74.025183 4.40245)"
"25288","Cundinamarca","Fúquene","2,024","0","0","0","0","0","0","0","0","0","0","0","0","0","0","0","0","0","0","0","0","0","0","POINT (-73.795855 5.403997)"
"05091","Antioquia","Betania","2,026","0","0","0","0","0","0","0","0","0","0","0","0","0","0","0","0","0","0","0","0","0","0","POINT (-75.975655 5.744735)"
"15218","Boyacá","Covarachía","2,026","0","0","0","0","0","0","0","0","0","0","0","0","0","0","0","0","0","0","0","0","0","0","POINT (-72.738978 6.500177)"
"15755","Boyacá","Socotá","2,026","0","0","0","0","0","0","0","0","0","0","0","0","0","0","0","0","0","0","0","0","0","0","POINT (-72.636653 6.041162)"
"52287","Nariño","Funes","2,026","0","0","0","0","0","0","0","0","0","0","0","0","0","0","0","0","0","0","0","0","0","0","POINT (-77.448913 1.001159)"
"91798","Amazonas","Tarapacá (Anm)","2,026","0","0","0","0","0","0","0","0","0","0","0","0","0","0","0","0","0","0","0","0","0","0","POINT (-69.741745 -2.890126)"
"13873","Bolívar","Villanueva","2,025","411","436","0","0","1","378","465","3","0","0","460","0","0","0","0","0","0","0","400","0","0","847","POINT (-75.271108 10.445091)"
"13268","Bolívar","El Peñón","2,025","265","306","0","0","13","295","252","10","1","0","1","0","0","0","0","0","0","0","439","0","0","571","POINT (-73.949274 8.988271)"
"47570","Magdalena","Puebloviejo","2,025","326","312","0","0","8","213","414","3","0","0","0","0","0","0","0","0","0","0","0","0","0","638","POINT (-74.28253 10.994766)"
"73616","Tolima","Rioblanco","2,024","19","6","0","0","0","0","0","8","13","4","0","5","0","0","0","0","0","0","0","0","0","25","POINT (-75.644718 3.529842)"
"05425","Antioquia","Maceo","2,024","4","4","0","0","0","0","0","7","1","0","0","0","0","0","0","0","0","0","0","0","0","8","POINT (-74.78716 6.552116)"
"73200","Tolima","Coello","2,024","170","163","0","0","6","233","89","5","0","0","0","0","0","0","0","0","0","0","0","0","0","333","POINT (-74.898464 4.287276)"
"05736","Antioquia","Segovia","2,023","2","3","0","0","0","1","0","0","4","0","0","1","0","0","0","0","0","0","0","0","0","5","POINT (-74.701596 7.079648)"
"52687","Nariño","San Lorenzo","2,023","8","2","0","0","0","0","0","3","7","0","0","0","0","0","0","0","0","0","0","0","0","10","POINT (-77.215231 1.50336)"
"68705","Santander","Santa Bárbara","2,023","8","2","0","0","0","0","2","3","5","0","0","0","0","0","0","0","0","0","0","0","0","10","POINT (-72.907445 6.990996)"
"19022","Cauca","Almaguer","2,023","18","3","0","0","0","0","0","19","2","0","0","0","0","0","0","0","0","0","0","0","0","21","POINT (-76.85607 1.913429)"
"05101","Antioquia","Ciudad Bolívar","2,026","223","238","0","0","58","316","78","8","1","0","1","1","0","0","0","0","2","0","204","0","0","461","POINT (-76.021509 5.850273)"
"68755","Santander","Socorro","2,026","70","56","0","0","19","70","36","1","0","0","2","0","0","0","0","0","2","0","78","0","0","126","POINT (-73.261198 6.46387)"
"99624","Vichada","Santa Rosalía","2,023","3","0","0","0","0","0","0","0","3","0","0","0","0","0","0","0","0","0","0","0","0","3","POINT (-70.859499 5.136393)"
"52565","Nariño","Providencia","2,024","3","0","0","0","0","0","0","0","3","0","0","0","0","0","0","0","0","0","0","0","0","3","POINT (-77.596794 1.237814)"
"25095","Cundinamarca","Bituima","2,023","1","1","0","0","0","0","0","2","0","0","0","0","0","0","0","0","0","0","0","0","0","2","POINT (-74.539609 4.872171)"
"05313","Antioquia","Granada","2,025","1","0","0","0","0","0","0","0","1","0","0","0","0","0","0","0","0","0","0","0","0","1","POINT (-75.184446 6.142892)"
"76248","Valle del Cauca","El Cerrito","2,026","0","0","0","1","0","0","0","1","0","0","0","0","0","0","0","0","0","0","0","0","0","1","POINT (-76.311909 3.684272)"
"15832","Boyacá","Tununguá","2,025","0","0","0","0","0","0","0","0","0","0","0","0","0","0","0","0","0","0","0","0","0","0","POINT (-73.933155 5.730582)"
"25736","Cundinamarca","Sesquilé","2,026","0","0","0","0","0","0","0","0","0","0","0","0","0","0","0","0","0","0","0","0","0","0","POINT (-73.796099 5.04476)"
"19743","Cauca","Silvia","2,025","230","220","0","0","31","320","75","3","19","2","0","361","0","0","0","0","15","0","0","0","0","450","POINT (-76.379753 2.611927)"
"05425","Antioquia","Maceo","2,025","6","1","0","0","0","0","0","1","5","1","0","0","0","0","0","0","0","0","1","0","0","7","POINT (-74.78716 6.552116)"
"13300","Bolívar","Hatillo de Loba","2,025","429","464","0","0","19","357","492","25","0","0","0","0","0","0","0","0","0","0","521","0","0","893","POINT (-74.07833 8.955708)"
"25769","Cundinamarca","Subachoque","2,025","57","58","0","0","16","94","2","0","3","0","0","0","0","0","0","0","1","0","112","0","0","115","POINT (-74.172773 4.929118)"
"50606","Meta","Restrepo","2,025","89","103","0","0","0","138","53","1","0","0","0","0","0","0","0","0","1","0","5","0","0","192","POINT (-73.56497 4.260447)"
"73043","Tolima","Anzoátegui","2,024","322","286","0","0","9","197","356","30","16","0","0","0","0","0","0","0","4","0","0","0","0","608","POINT (-75.096451 4.627474)"
"52621","Nariño","Roberto Payán","2,024","45","37","0","0","0","18","18","26","15","5","25","0","0","0","0","0","1","0","0","0","0","82","POINT (-78.245716 1.697492)"
"05313","Antioquia","Granada","2,024","70","85","0","0","0","81","67","0","5","2","0","0","0","0","0","0","0","0","0","0","0","155","POINT (-75.184446 6.142892)"
"25658","Cundinamarca","San Francisco","2,024","5","0","0","0","0","0","0","0","5","0","0","0","0","0","0","0","0","0","0","0","0","5","POINT (-74.289672 4.972917)"
"19473","Cauca","Morales","2,024","9","13","0","2","0","0","9","9","3","3","0","1","0","0","0","0","2","0","0","0","0","24","POINT (-76.629106 2.754684)"
"73861","Tolima","Venadillo","2,024","62","65","0","0","1","44","78","2","1","1","0","1","0","0","0","0","0","0","0","0","0","127","POINT (-74.929177 4.717976)"
"54670","Norte de Santander","San Calixto","2,023","10","2","0","0","1","3","3","2","3","0","0","0","0","0","0","0","0","0","0","0","0","12","POINT (-73.206053 8.400152)"
"52215","Nariño","Córdoba","2,023","98","99","0","0","25","0","0","2","5","165","0","11","0","0","0","0","0","0","0","0","0","197","POINT (-77.517897 0.854564)"
"13458","Bolívar","Montecristo","2,026","65","60","0","0","0","51","74","0","0","0","0","0","0","0","0","0","0","0","0","0","0","125","POINT (-74.468558 8.299375)"
"23182","Córdoba","Chinú","2,026","158","162","0","0","0","275","45","0","0","0","4","28","0","0","0","0","0","0","0","0","0","320","POINT (-75.399633 9.105473)"
"15531","Boyacá","Pauna","2,025","3","0","0","0","0","1","0","0","2","0","0","0","0","0","0","0","0","0","0","0","0","3","POINT (-73.978449 5.656323)"
"27245","Chocó","El Carmen de Atrato","2,023","0","1","0","0","0","0","0","0","1","0","0","0","0","0","0","0","0","0","0","0","0","1","POINT (-76.142112 5.899789)"
"25053","Cundinamarca","Arbeláez","2,026","0","0","0","0","0","0","0","0","0","0","0","0","0","0","0","0","0","0","0","0","0","0","POINT (-74.414901 4.272534)"
"25491","Cundinamarca","Nocaima","2,026","0","0","0","0","0","0","0","0","0","0","0","0","0","0","0","0","0","0","0","0","0","0","POINT (-74.377728 5.068933)"
"68385","Santander","Landázuri","2,026","0","0","0","0","0","0","0","0","0","0","0","0","0","0","0","0","0","0","0","0","0","0","POINT (-73.811296 6.218866)"
"08573","Atlántico","Puerto Colombia","2,025","411","467","0","0","2","352","517","6","1","0","16","14","0","0","0","0","0","0","18","0","0","878","POINT (-74.851953 11.022918)"
"20550","Cesar","Pelaya","2,025","418","362","0","0","0","448","325","4","3","0","280","0","0","0","0","0","7","0","15","0","0","780","POINT (-73.666451 8.689006)"
"52520","Nariño","Francisco Pizarro","2,025","218","239","0","0","14","220","187","33","3","0","457","0","0","0","0","0","0","0","0","0","0","457","POINT (-78.658361 2.040629)"
"52621","Nariño","Roberto Payán","2,025","57","44","0","0","0","42","51","8","0","0","101","0","0","0","0","0","0","0","101","0","0","101","POINT (-78.245716 1.697492)"
"05212","Antioquia","Copacabana","2,025","443","496","0","0","41","825","60","0","13","0","1","0","0","0","0","0","25","0","0","0","0","939","POINT (-75.509309 6.348654)"
"23675","Córdoba","San Bernardo del Viento","2,024","3","3","0","0","0","0","0","1","5","0","0","4","0","0","0","0","0","0","0","0","0","6","POINT (-75.955053 9.352481)"
"13212","Bolívar","Córdoba","2,024","317","325","0","0","4","214","402","17","5","0","47","0","0","0","0","0","0","0","0","0","0","642","POINT (-74.827391 9.586926)"
"17042","Caldas","Anserma","2,024","139","136","0","0","4","85","156","22","8","0","0","22","0","0","0","0","0","0","0","0","0","275","POINT (-75.784343 5.236471)"
"52320","Nariño","Guaitarilla","2,024","9","4","0","0","0","0","0","6","7","0","0","2","0","0","0","0","0","0","0","0","0","13","POINT (-77.549818 1.129567)"
"91540","Amazonas","Puerto Nariño","2,024","27","55","0","0","0","67","7","0","8","0","2","6","0","0","0","0","0","0","0","0","0","82","POINT (-70.365072 -3.78111)"
"13670","Bolívar","San Pablo","2,024","300","232","0","2","0","7","455","43","26","3","36","0","0","0","0","0","0","0","0","0","0","534","POINT (-73.924602 7.476747)"
"47703","Magdalena","San Zenón","2,024","250","249","0","2","0","80","351","63","7","0","0","0","0","0","0","0","1","0","0","0","0","501","POINT (-74.498992 9.245061)"
"20400","Cesar","La Jagua de Ibirico","2,023","6","11","0","0","0","0","0","6","8","3","15","0","0","0","0","0","0","0","0","0","0","17","POINT (-73.334143 9.563752)"
"05837","Antioquia","Turbo","2,023","238","204","0","0","180","99","137","12","14","0","206","0","0","0","0","0","4","0","0","0","0","442","POINT (-76.725988 8.093955)"
"44098","La Guajira","Distracción","2,026","95","145","0","0","0","60","179","1","0","0","0","240","0","0","0","0","0","0","0","0","0","240","POINT (-72.887405 10.898414)"
"63130","Quindío","Calarcá","2,026","0","2","0","0","0","0","0","0","2","0","0","0","0","0","0","0","0","0","0","0","0","2","POINT (-75.649088 4.515282)"
"05792","Antioquia","Tarso","2,023","1","0","0","0","0","0","0","0","1","0","0","0","0","0","0","0","0","0","0","0","0","1","POINT (-75.823214 5.863296)"
"41801","Huila","Teruel","2,024","0","0","0","0","0","0","0","0","0","0","0","0","0","0","0","0","0","0","0","0","0","0","POINT (-75.567034 2.740968)"
"15172","Boyacá","Chinavita","2,026","0","0","0","0","0","0","0","0","0","0","0","0","0","0","0","0","0","0","0","0","0","0","POINT (-73.368476 5.167486)"
"15476","Boyacá","Motavita","2,026","0","0","0","0","0","0","0","0","0","0","0","0","0","0","0","0","0","0","0","0","0","0","POINT (-73.367841 5.5777)"
"20750","Cesar","San Diego","2,025","579","488","0","0","0","331","704","15","12","5","10","3","0","0","0","0","4","0","225","0","0","1,067","POINT (-73.181208 10.333039)"
"50001","Meta","Villavicencio","2,025","966","1,020","0","1","2","1,639","314","13","18","1","6","8","0","0","0","0","61","0","92","0","0","1,987","POINT (-73.627486 4.127404)"
"13670","Bolívar","San Pablo","2,025","620","541","0","0","60","584","497","5","15","0","8","2","0","0","0","0","5","0","397","0","0","1,161","POINT (-73.924602 7.476747)"
"13212","Bolívar","Córdoba","2,025","567","619","0","0","47","667","463","9","0","0","233","0","0","0","0","0","0","0","716","0","0","1,186","POINT (-74.827391 9.586926)"
"20001","Cesar","Valledupar","2,024","556","585","0","0","0","198","853","78","9","3","3","76","0","0","0","0","6","0","0","0","0","1,141","POINT (-73.259398 10.460472)"
"76054","Valle del Cauca","Argelia","2,023","5","3","0","0","0","0","0","6","2","0","0","0","0","0","0","0","0","0","0","0","0","8","POINT (-76.119905 4.726945)"
"70678","Sucre","San Benito Abad","2,023","6","5","0","0","0","0","0","9","2","0","3","0","0","0","0","0","1","0","0","0","0","11","POINT (-75.031089 8.930108)"
"19821","Cauca","Toribío","2,026","275","269","0","0","0","395","149","0","0","0","0","544","0","0","0","0","0","0","0","0","0","544","POINT (-76.271127 2.95145)"
"76670","Valle del Cauca","San Pedro","2,023","2","0","0","0","0","0","0","0","0","2","0","0","0","0","0","0","0","0","0","0","0","2","POINT (-76.228692 3.995073)"
"25151","Cundinamarca","Cáqueza","2,023","1","1","0","0","0","0","0","1","1","0","0","0","0","0","0","0","0","0","0","0","0","2","POINT (-73.946473 4.404112)"
"15676","Boyacá","San Miguel de Sema","2,026","0","1","0","0","0","0","0","1","0","0","0","0","0","0","0","0","0","0","1","0","0","1","POINT (-73.722009 5.518083)"
"23570","Córdoba","Pueblo Nuevo","2,023","0","0","0","0","0","0","0","0","0","0","0","0","0","0","0","0","0","0","0","0","0","0","POINT (-75.508035 8.504099)"
"52320","Nariño","Guaitarilla","2,025","0","0","0","0","0","0","0","0","0","0","0","0","0","0","0","0","0","0","0","0","0","0","POINT (-77.549818 1.129567)"
"52565","Nariño","Providencia","2,025","0","0","0","0","0","0","0","0","0","0","0","0","0","0","0","0","0","0","0","0","0","0","POINT (-77.596794 1.237814)"
"68271","Santander","Florián","2,025","0","0","0","0","0","0","0","0","0","0","0","0","0","0","0","0","0","0","0","0","0","0","POINT (-73.97143 5.804659)"
"15362","Boyacá","Iza","2,025","0","0","0","6","0","0","0","6","0","0","0","0","0","0","0","0","0","0","0","0","0","6","POINT (-72.980176 5.611696)"
"41026","Huila","Altamira","2,025","180","184","0","0","37","203","112","3","3","6","0","0","0","0","0","0","1","0","111","0","0","364","POINT (-75.788471 2.063841)"
"25645","Cundinamarca","San Antonio del Tequendama","2,025","7","0","0","0","0","0","0","1","6","0","0","0","0","0","0","0","0","0","2","0","0","7","POINT (-74.351443 4.616138)"
"68855","Santander","Valle de San José","2,024","3","4","0","0","0","0","0","7","0","0","1","0","0","0","0","0","0","0","0","0","0","7","POINT (-73.143507 6.448028)"
"15272","Boyacá","Firavitoba","2,024","69","74","0","0","1","134","5","2","1","0","0","0","0","0","0","0","1","0","0","0","0","143","POINT (-72.993392 5.668885)"
"91405","Amazonas","La Chorrera (Anm)","2,024","3","1","0","0","0","0","0","2","2","0","0","2","0","0","0","0","0","0","0","0","0","4","POINT (-72.7891063836592 -1.4436297845492)"
"15293","Boyacá","Gachantivá","2,023","5","0","0","0","0","0","0","0","5","0","0","0","0","0","0","0","0","0","0","0","0","5","POINT (-73.549092 5.751891)"
"05120","Antioquia","Cáceres","2,023","9","5","0","0","1","3","5","3","2","0","2","0","0","0","0","0","0","0","0","0","0","14","POINT (-75.35205 7.578366)"
"41013","Huila","Agrado","2,023","26","11","0","0","0","20","10","7","0","0","0","0","0","0","0","0","0","0","0","0","0","37","POINT (-75.772022 2.25987)"
"85300","Casanare","Sabanalarga","2,026","17","28","0","0","0","11","34","0","0","0","2","0","0","0","0","0","3","0","45","0","0","45","POINT (-73.038696 4.854787)"
"13062","Bolívar","Arroyohondo","2,023","1","0","0","0","0","0","0","1","0","0","1","0","0","0","0","0","0","0","0","0","0","1","POINT (-75.017193 10.242798)"
"15542","Boyacá","Pesca","2,025","1","0","0","0","0","1","0","0","0","0","0","0","0","0","0","0","0","0","0","0","0","1","POINT (-73.050872 5.558808)"
"25815","Cundinamarca","Tocaima","2,026","0","0","0","0","0","0","0","0","0","0","0","0","0","0","0","0","0","0","0","0","0","0","POINT (-74.636296 4.459279)"
"41016","Huila","Aipe","2,026","0","0","0","0","0","0","0","0","0","0","0","0","0","0","0","0","0","0","0","0","0","0","POINT (-75.239017 3.223996)"
"68686","Santander","San Miguel","2,026","0","0","0","0","0","0","0","0","0","0","0","0","0","0","0","0","0","0","0","0","0","0","POINT (-72.644123 6.575315)"
"70702","Sucre","San Juan de Betulia","2,025","172","150","0","0","3","139","149","9","17","5","6","1","0","0","0","0","16","0","160","0","0","322","POINT (-75.243565 9.273066)"
"08137","Atlántico","Campo de la Cruz","2,025","645","596","0","0","35","846","335","17","8","0","205","0","0","0","0","0","1","0","2","0","0","1,241","POINT (-74.883152 10.37924)"
"47660","Magdalena","Sabanas de San Ángel","2,024","84","130","0","0","39","103","64","4","4","0","1","0","0","0","0","0","0","0","0","0","0","214","POINT (-74.213958 10.032532)"
"23682","Córdoba","San José de Uré","2,023","13","9","0","0","0","0","2","16","5","0","7","1","0","0","0","0","0","0","0","0","0","23","POINT (-75.533476 7.787303)"
"05887","Antioquia","Yarumal","2,026","50","56","0","0","0","102","4","0","0","0","0","0","0","0","0","0","0","0","106","0","0","106","POINT (-75.418828 6.963832)"
"05893","Antioquia","Yondó","2,023","3","0","0","0","0","0","0","0","3","0","0","0","0","0","0","0","0","0","0","0","0","3","POINT (-73.912445 7.00396)"
"63690","Quindío","Salento","2,024","3","0","0","0","0","0","0","3","0","0","0","0","0","0","0","0","0","0","0","0","0","3","POINT (-75.570844 4.637157)"
"25183","Cundinamarca","Chocontá","2,023","1","0","0","0","0","0","0","0","1","0","0","0","0","0","0","0","0","0","0","0","0","1","POINT (-73.683533 5.145224)"
"25288","Cundinamarca","Fúquene","2,025","1","0","0","0","0","0","0","0","1","0","0","0","0","0","0","0","0","0","1","0","0","1","POINT (-73.795855 5.403997)"
"85010","Casanare","Aguazul","2,026","0","1","0","0","0","0","0","0","1","0","0","0","0","0","0","0","0","0","1","0","0","1","POINT (-72.547048 5.172834)"
"17050","Caldas","Aranzazu","2,023","0","0","0","0","0","0","0","0","0","0","0","0","0","0","0","0","0","0","0","0","0","0","POINT (-75.491255 5.271142)"
"15296","Boyacá","Gámeza","2,026","0","0","0","0","0","0","0","0","0","0","0","0","0","0","0","0","0","0","0","0","0","0","POINT (-72.80553 5.802333)"
"25871","Cundinamarca","Villagómez","2,026","0","0","0","0","0","0","0","0","0","0","0","0","0","0","0","0","0","0","0","0","0","0","POINT (-74.195145 5.273024)"
"50573","Meta","Puerto López","2,026","0","0","0","0","0","0","0","0","0","0","0","0","0","0","0","0","0","0","0","0","0","0","POINT (-72.957324 4.09349)"
"47703","Magdalena","San Zenón","2,025","370","388","0","0","7","334","386","25","6","0","0","0","0","0","0","0","1","0","313","0","0","758","POINT (-74.498992 9.245061)"
"73616","Tolima","Rioblanco","2,025","509","529","0","0","92","479","453","9","4","1","0","0","0","0","0","0","3","0","853","0","0","1,038","POINT (-75.644718 3.529842)"
"05234","Antioquia","Dabeiba","2,024","327","333","0","0","0","236","388","34","2","0","4","280","0","0","0","0","2","0","0","0","0","660","POINT (-76.262977 7.000322)"
"91798","Amazonas","Tarapacá (Anm)","2,024","3","3","0","0","0","0","0","6","0","0","0","0","0","0","0","0","0","0","0","0","0","6","POINT (-69.741745 -2.890126)"
"13006","Bolívar","Achí","2,023","3","3","0","0","0","6","0","0","0","0","1","0","0","0","0","0","0","0","0","0","0","6","POINT (-74.557065 8.569113)"
"25295","Cundinamarca","Gachancipá","2,023","21","3","0","0","0","4","0","13","7","0","0","0","0","0","0","0","0","0","0","0","0","24","POINT (-73.873464 4.990947)"
"86573","Putumayo","Puerto Leguízamo","2,023","57","54","0","0","106","0","1","0","4","0","1","24","0","0","0","0","0","0","0","0","0","111","POINT (-74.782473 -0.190921)"
"68101","Santander","Bolívar","2,023","3","1","0","0","0","0","0","2","2","0","0","0","0","0","0","0","0","0","0","0","0","4","POINT (-73.771346 5.988953)"
"27372","Chocó","Juradó","2,026","53","65","0","0","0","11","93","14","0","0","0","118","0","0","0","0","0","0","118","0","0","118","POINT (-77.762751 7.103619)"
"25645","Cundinamarca","San Antonio del Tequendama","2,024","3","0","0","0","0","0","0","0","3","0","0","0","0","0","0","0","0","0","0","0","0","3","POINT (-74.351443 4.616138)"
"91536","Amazonas","Puerto Arica (Anm)","2,023","1","0","0","0","0","0","0","0","1","0","0","1","0","0","0","0","0","0","0","0","0","1","POINT (-71.752636 -2.148447)"
"25524","Cundinamarca","Pandi","2,025","0","0","0","0","0","0","0","0","0","0","0","0","0","0","0","0","0","0","0","0","0","0","POINT (-74.486641 4.190393)"
"41801","Huila","Teruel","2,025","0","0","0","0","0","0","0","0","0","0","0","0","0","0","0","0","0","0","0","0","0","0","POINT (-75.567034 2.740968)"
"17446","Caldas","Marulanda","2,026","0","0","0","0","0","0","0","0","0","0","0","0","0","0","0","0","0","0","0","0","0","0","POINT (-75.259721 5.284304)"
"91530","Amazonas","Puerto Alegría (Anm)","2,026","0","0","0","0","0","0","0","0","0","0","0","0","0","0","0","0","0","0","0","0","0","0","POINT (-74.014461 -1.005674)"
"95001","Guaviare","San José del Guaviare","2,026","0","0","0","0","0","0","0","0","0","0","0","0","0","0","0","0","0","0","0","0","0","0","POINT (-72.639024 2.566394)"
"23675","Córdoba","San Bernardo del Viento","2,025","362","371","0","0","28","395","302","4","3","1","144","70","0","0","0","0","0","0","292","0","0","733","POINT (-75.955053 9.352481)"
"91540","Amazonas","Puerto Nariño","2,025","90","77","0","0","0","31","104","3","29","0","0","158","0","0","0","0","1","0","11","0","0","167","POINT (-70.365072 -3.78111)"
"41791","Huila","Tarqui","2,026","62","49","0","0","0","4","106","1","0","0","0","0","0","0","0","0","3","0","106","0","0","111","POINT (-75.823976 2.111325)"
"70400","Sucre","La Unión","2,026","0","2","0","0","0","0","0","0","2","0","0","0","0","0","0","0","0","0","0","0","0","2","POINT (-75.276056 8.853975)"
"91405","Amazonas","La Chorrera (Anm)","2,025","1","1","0","0","0","0","0","0","2","0","0","2","0","0","0","0","0","0","0","0","0","2","POINT (-72.7891063836592 -1.4436297845492)"
"27425","Chocó","Medio Atrato","2,023","2","0","0","0","0","0","0","0","1","1","1","0","0","0","0","0","0","0","0","0","0","2","POINT (-76.783042 5.994935)"
"76606","Valle del Cauca","Restrepo","2,024","0","0","0","0","0","0","0","0","0","0","0","0","0","0","0","0","0","0","0","0","0","0","POINT (-76.523329 3.821351)"
"25580","Cundinamarca","Pulí","2,025","0","0","0","0","0","0","0","0","0","0","0","0","0","0","0","0","0","0","0","0","0","0","POINT (-74.71438 4.682022)"
"15790","Boyacá","Tasco","2,026","0","0","0","0","0","0","0","0","0","0","0","0","0","0","0","0","0","0","0","0","0","0","POINT (-72.781011 5.909821)"
"68160","Santander","Cepitá","2,026","0","0","0","0","0","0","0","0","0","0","0","0","0","0","0","0","0","0","0","0","0","0","POINT (-72.973536 6.753518)"
"70110","Sucre","Buenavista","2,026","0","0","0","0","0","0","0","0","0","0","0","0","0","0","0","0","0","0","0","0","0","0","POINT (-74.972827 9.319794)"
"19517","Cauca","Páez","2,025","80","97","0","0","6","141","9","2","19","0","0","166","0","0","0","0","0","0","0","0","0","177","POINT (-75.971965 2.641367)"
"05147","Antioquia","Carepa","2,025","219","198","0","0","0","280","136","1","0","0","23","0","0","0","0","0","0","0","0","0","0","417","POINT (-76.652822 7.755199)"
"15204","Boyacá","Cómbita","2,025","142","170","0","0","35","125","144","8","0","0","0","0","0","0","0","0","5","0","67","0","0","312","POINT (-73.323957 5.634545)"
"15218","Boyacá","Covarachía","2,025","4","0","0","0","0","0","0","0","4","0","0","0","0","0","0","0","0","0","0","0","0","4","POINT (-72.738978 6.500177)"
"54001","Norte de Santander","San José de Cúcuta","2,024","439","448","0","1","0","405","361","58","60","4","9","1","0","0","0","0","10","0","0","0","0","888","POINT (-72.508577 7.905613)"
"13490","Bolívar","Norosí","2,024","4","3","0","0","0","0","0","0","7","0","0","0","0","0","0","0","0","0","0","0","0","7","POINT (-74.038043 8.526298)"
"54099","Norte de Santander","Bochalema","2,024","2","4","0","0","0","0","0","3","3","0","0","0","0","0","0","0","0","0","0","0","0","6","POINT (-72.64701 7.612192)"
"68385","Santander","Landázuri","2,024","109","133","0","0","7","62","155","18","0","0","0","0","0","0","0","0","0","0","0","0","0","242","POINT (-73.811296 6.218866)"
"23855","Córdoba","Valencia","2,024","409","474","0","0","17","390","452","16","8","0","2","3","0","0","0","0","2","0","0","0","0","883","POINT (-76.150756 8.255016)"
"20570","Cesar","Pueblo Bello","2,024","128","154","0","1","0","38","197","47","1","0","1","99","0","0","0","1","0","0","0","0","0","283","POINT (-73.588468 10.415186)"
"68077","Santander","Barbosa","2,023","3","3","0","0","0","0","0","2","4","0","0","0","0","0","0","0","0","0","0","0","0","6","POINT (-73.616016 5.932699)"
"73443","Tolima","San Sebastián de Mariquita","2,023","5","3","0","0","0","0","0","5","3","1","0","0","0","0","0","0","0","0","0","0","0","9","POINT (-74.889276 5.199708)"
"23001","Córdoba","Montería","2,023","265","196","0","0","0","151","275","15","19","1","3","0","0","0","0","0","1","0","0","0","0","461","POINT (-75.875576 8.74513)"
"52696","Nariño","Santa Bárbara","2,023","1","3","0","0","0","0","1","0","3","0","2","0","0","0","0","0","0","0","0","0","0","4","POINT (-77.979916 2.449653)"
"05585","Antioquia","Puerto Nare","2,026","79","73","0","0","0","78","73","1","0","0","0","0","0","0","0","0","1","0","3","0","0","152","POINT (-74.583012 6.186025)"
"70702","Sucre","San Juan de Betulia","2,026","108","123","0","0","13","137","81","0","0","0","0","0","0","0","0","0","0","0","0","0","0","231","POINT (-75.243565 9.273066)"
"05347","Antioquia","Heliconia","2,026","2","0","0","0","0","0","0","0","1","1","0","0","0","0","0","0","0","0","1","0","0","2","POINT (-75.734322 6.206757)"
"52287","Nariño","Funes","2,025","1","0","0","0","0","0","0","0","1","0","0","0","0","0","0","0","0","0","0","0","0","1","POINT (-77.448913 1.001159)"
"41530","Huila","Palestina","2,023","0","0","0","0","0","0","0","0","0","0","0","0","0","0","0","0","0","0","0","0","0","0","POINT (-76.133291 1.723723)"
"15106","Boyacá","Briceño","2,024","0","0","0","0","0","0","0","0","0","0","0","0","0","0","0","0","0","0","0","0","0","0","POINT (-73.92326 5.690879)"
"25779","Cundinamarca","Susa","2,024","0","0","0","0","0","0","0","0","0","0","0","0","0","0","0","0","0","0","0","0","0","0","POINT (-73.813938 5.455291)"
"94887","Guainía","Pana Pana (Anm)","2,024","0","0","0","0","0","0","0","0","0","0","0","0","0","0","0","0","0","0","0","0","0","0","POINT (-69.0099 1.865668)"
"25612","Cundinamarca","Ricaurte","2,026","0","0","0","0","0","0","0","0","0","0","0","0","0","0","0","0","0","0","0","0","0","0","POINT (-74.784543 4.29395)"
"76113","Valle del Cauca","Bugalagrande","2,026","0","0","0","0","0","0","0","0","0","0","0","0","0","0","0","0","0","0","0","0","0","0","POINT (-76.15682 4.208358)"
"13042","Bolívar","Arenal","2,025","317","338","0","0","0","246","383","4","22","0","13","1","0","0","0","0","4","0","310","0","0","655","POINT (-73.941099 8.458865)"
"15106","Boyacá","Briceño","2,025","9","0","0","0","0","0","0","4","5","0","0","0","0","0","0","0","0","0","3","0","0","9","POINT (-73.92326 5.690879)"
"20178","Cesar","Chiriguaná","2,025","289","251","0","0","8","275","249","4","4","0","2","0","0","0","0","0","4","0","124","0","0","540","POINT (-73.599913 9.361058)"
"25488","Cundinamarca","Nilo","2,025","26","1","0","0","0","0","22","4","1","0","0","0","0","0","0","0","0","0","0","0","0","27","POINT (-74.620009 4.305838)"
"25320","Cundinamarca","Guaduas","2,024","4","2","0","0","0","0","0","1","5","0","0","0","0","0","0","0","0","0","0","0","0","6","POINT (-74.603368 5.072026)"
"23001","Córdoba","Montería","2,024","396","445","0","1","0","319","458","37","22","6","5","6","0","0","0","1","2","0","0","0","0","842","POINT (-75.875576 8.74513)"
"15753","Boyacá","Soatá","2,024","194","181","0","0","14","343","18","0","0","0","0","0","0","0","0","0","3","0","0","0","0","375","POINT (-72.684051 6.331945)"
"52699","Nariño","Santacruz","2,024","55","57","0","0","2","62","47","1","0","0","0","57","0","0","0","0","0","0","0","0","0","112","POINT (-77.676917 1.222275)"
"25513","Cundinamarca","Pacho","2,024","9","8","0","0","1","0","0","3","12","1","0","0","0","0","0","0","0","0","0","0","0","17","POINT (-74.156132 5.136907)"
"47288","Magdalena","Fundación","2,024","301","275","0","0","2","234","293","40","7","0","3","0","0","0","0","0","0","0","0","0","0","576","POINT (-74.191453 10.514146)"
"50223","Meta","Cubarral","2,024","111","123","0","0","0","97","128","2","6","1","0","0","0","0","0","0","1","0","0","0","0","234","POINT (-73.838724 3.793614)"
"50573","Meta","Puerto López","2,024","72","61","0","0","0","55","64","11","1","2","0","0","0","0","0","0","3","0","0","0","0","133","POINT (-72.957324 4.09349)"
"25040","Cundinamarca","Anolaima","2,023","9","3","0","0","0","1","0","3","7","1","0","0","0","0","0","0","1","0","0","0","0","12","POINT (-74.46384 4.7617)"
"13042","Bolívar","Arenal","2,023","217","200","0","0","136","19","246","13","3","0","2","0","0","0","0","0","1","0","0","0","0","417","POINT (-73.941099 8.458865)"
"20570","Cesar","Pueblo Bello","2,023","13","10","1","0","0","1","1","16","3","3","3","6","0","0","0","0","0","0","0","0","0","24","POINT (-73.588468 10.415186)"
"70508","Sucre","Ovejas","2,023","243","221","0","0","67","178","117","49","18","35","3","268","0","0","0","0","50","0","0","0","0","464","POINT (-75.229037 9.527176)"
"73555","Tolima","Planadas","2,023","324","275","0","0","183","176","212","21","5","2","0","140","0","0","0","0","1","0","0","0","0","599","POINT (-75.644163 3.197911)"
"08573","Atlántico","Puerto Colombia","2,026","142","100","0","0","0","102","138","1","1","0","1","0","0","0","0","0","0","0","0","0","0","242","POINT (-74.851953 11.022918)"
"15686","Boyacá","Santana","2,023","0","1","0","0","0","0","0","0","1","0","0","0","0","0","0","0","0","0","0","0","0","1","POINT (-73.481639 6.056866)"
"68169","Santander","Charta","2,024","0","1","0","0","0","0","0","0","1","0","0","0","0","0","0","0","0","0","0","0","0","1","POINT (-72.968798 7.28082)"
"25377","Cundinamarca","La Calera","2,026","1","0","0","0","0","0","0","1","0","0","0","0","0","0","0","0","0","0","0","0","0","1","POINT (-73.969745 4.720345)"
"15518","Boyacá","Pajarito","2,023","0","0","0","0","0","0","0","0","0","0","0","0","0","0","0","0","0","0","0","0","0","0","POINT (-72.703231 5.293783)"
"76126","Valle del Cauca","Calima","2,024","0","0","0","0","0","0","0","0","0","0","0","0","0","0","0","0","0","0","0","0","0","0","POINT (-76.484132 3.933664)"
"68271","Santander","Florián","2,026","0","0","0","0","0","0","0","0","0","0","0","0","0","0","0","0","0","0","0","0","0","0","POINT (-73.97143 5.804659)"
"41530","Huila","Palestina","2,025","160","148","0","0","0","70","234","4","0","0","0","3","0","0","0","0","0","0","308","0","0","308","POINT (-76.133291 1.723723)"
"13647","Bolívar","San Estanislao","2,024","7","6","0","0","0","0","0","4","8","1","5","0","0","0","0","0","0","0","0","0","0","13","POINT (-75.153101 10.398602)"
"44098","La Guajira","Distracción","2,024","215","204","0","0","0","189","202","13","15","0","3","217","0","0","0","0","5","0","0","0","0","419","POINT (-72.887405 10.898414)"
"41359","Huila","Isnos","2,023","7","0","0","0","0","0","0","4","3","0","0","0","0","0","0","0","0","0","0","0","0","7","POINT (-76.217637 1.929467)"
"19517","Cauca","Páez","2,023","5","3","0","0","0","0","0","1","7","0","0","1","0","0","0","0","0","0","0","0","0","8","POINT (-75.971965 2.641367)"
"15806","Boyacá","Tibasosa","2,023","7","8","1","0","0","2","0","5","8","1","2","0","0","0","0","0","0","0","0","0","0","16","POINT (-72.999449 5.74723)"
"25530","Cundinamarca","Paratebueno","2,023","8","8","0","0","0","0","0","12","4","0","0","0","0","0","0","0","0","0","0","0","0","16","POINT (-73.212825 4.374832)"
"86001","Putumayo","Mocoa","2,023","321","265","1","0","197","169","150","53","19","0","18","243","0","0","0","0","4","0","0","0","0","588","POINT (-76.650271 1.152296)"
"20750","Cesar","San Diego","2,026","1","0","0","0","0","0","0","0","1","0","0","0","0","0","0","0","0","0","0","0","0","1","POINT (-73.181208 10.333039)"
"15204","Boyacá","Cómbita","2,023","0","0","0","0","0","0","0","0","0","0","0","0","0","0","0","0","0","0","0","0","0","0","POINT (-73.323957 5.634545)"
"05091","Antioquia","Betania","2,024","0","0","0","0","0","0","0","0","0","0","0","0","0","0","0","0","0","0","0","0","0","0","POINT (-75.975655 5.744735)"
"05483","Antioquia","Nariño","2,024","0","0","0","0","0","0","0","0","0","0","0","0","0","0","0","0","0","0","0","0","0","0","POINT (-75.176262 5.610777)"
"76616","Valle del Cauca","Riofrío","2,024","0","0","0","0","0","0","0","0","0","0","0","0","0","0","0","0","0","0","0","0","0","0","POINT (-76.288313 4.156908)"
"91798","Amazonas","Tarapacá (Anm)","2,025","0","0","0","0","0","0","0","0","0","0","0","0","0","0","0","0","0","0","0","0","0","0","POINT (-69.741745 -2.890126)"
"05190","Antioquia","Cisneros","2,026","0","0","0","0","0","0","0","0","0","0","0","0","0","0","0","0","0","0","0","0","0","0","POINT (-75.087047 6.537829)"
"15362","Boyacá","Iza","2,026","0","0","0","0","0","0","0","0","0","0","0","0","0","0","0","0","0","0","0","0","0","0","POINT (-72.980176 5.611696)"
"54673","Norte de Santander","San Cayetano","2,025","10","2","0","0","0","2","0","0","5","5","0","0","0","0","0","0","0","0","0","0","0","12","POINT (-72.625459 7.875695)"
"15518","Boyacá","Pajarito","2,025","155","175","0","0","19","153","156","2","0","0","0","0","0","0","0","0","0","0","253","0","0","330","POINT (-72.703231 5.293783)"
"50226","Meta","Cumaral","2,024","73","99","0","0","1","37","129","2","3","0","0","0","0","0","0","0","0","0","0","0","0","172","POINT (-73.486557 4.269535)"
"50590","Meta","Puerto Rico","2,023","8","3","0","0","0","3","2","2","3","1","0","0","0","0","0","0","0","0","0","0","0","11","POINT (-73.206314 2.939621)"
"20178","Cesar","Chiriguaná","2,023","15","4","0","0","0","8","0","8","2","1","14","0","0","0","0","0","2","0","0","0","0","19","POINT (-73.599913 9.361058)"
"19212","Cauca","Corinto","2,023","450","349","0","0","219","2","562","3","10","3","71","127","0","0","0","0","0","0","0","0","0","799","POINT (-76.261866 3.173854)"
"05697","Antioquia","El Santuario","2,026","77","55","0","0","0","123","9","0","0","0","0","1","0","0","0","0","9","0","10","0","0","132","POINT (-75.265851 6.137058)"
"13673","Bolívar","Santa Catalina","2,026","117","121","0","0","0","91","144","2","1","0","121","0","0","0","0","0","0","0","0","0","0","238","POINT (-75.287786 10.605178)"
"25040","Cundinamarca","Anolaima","2,025","3","0","0","0","0","0","0","1","2","0","0","0","0","0","0","0","0","0","0","0","0","3","POINT (-74.46384 4.7617)"
"54480","Norte de Santander","Mutiscua","2,023","1","1","0","0","0","0","0","1","1","0","0","0","0","0","0","0","1","0","0","0","0","2","POINT (-72.747169 7.300469)"
"25769","Cundinamarca","Subachoque","2,026","1","0","0","0","0","0","0","0","1","0","0","0","0","0","0","0","0","0","0","0","0","1","POINT (-74.172773 4.929118)"
"15600","Boyacá","Ráquira","2,026","0","0","0","0","0","0","0","0","0","0","0","0","0","0","0","0","0","0","0","0","0","0","POINT (-73.632543 5.539136)"
"17524","Caldas","Palestina","2,026","0","0","0","0","0","0","0","0","0","0","0","0","0","0","0","0","0","0","0","0","0","0","POINT (-75.62163 5.020634)"
"19137","Cauca","Caldono","2,026","0","0","0","0","0","0","0","0","0","0","0","0","0","0","0","0","0","0","0","0","0","0","POINT (-76.484789 2.798819)"
"54660","Norte de Santander","Salazar","2,026","0","0","0","0","0","0","0","0","0","0","0","0","0","0","0","0","0","0","0","0","0","0","POINT (-72.813064 7.773683)"
"68820","Santander","Tona","2,026","0","0","0","0","0","0","0","0","0","0","0","0","0","0","0","0","0","0","0","0","0","0","POINT (-72.966018 7.202725)"
"05674","Antioquia","San Vicente Ferrer","2,025","17","8","0","0","0","0","0","3","13","9","0","10","0","0","0","0","3","0","0","0","0","25","POINT (-75.332616 6.282164)"
"05895","Antioquia","Zaragoza","2,024","3","4","0","0","0","0","0","3","3","1","0","0","0","0","0","0","0","0","0","0","0","7","POINT (-74.867075 7.488583)"
"73449","Tolima","Melgar","2,024","140","128","0","0","0","147","113","4","4","0","0","0","0","0","0","0","6","0","0","0","0","268","POINT (-74.630057 4.208233)"
"13683","Bolívar","Santa Rosa","2,024","112","129","0","1","0","76","136","17","13","0","186","0","0","0","0","0","0","0","0","0","0","242","POINT (-75.369824 10.444396)"
"17380","Caldas","La Dorada","2,024","223","238","0","0","1","233","214","12","1","0","0","0","0","0","0","0","0","0","0","0","0","461","POINT (-74.658488 5.444501)"
"52203","Nariño","Colón","2,023","5","4","0","0","0","0","0","5","3","1","0","0","0","0","0","0","0","0","0","0","0","9","POINT (-77.019777 1.643878)"
"05045","Antioquia","Apartadó","2,026","484","474","0","0","0","659","297","1","1","0","139","2","0","0","0","0","5","0","14","0","0","958","POINT (-76.625135 7.883257)"
"15820","Boyacá","Tópaga","2,025","1","0","0","0","0","0","0","0","1","0","0","0","0","0","0","0","0","0","0","0","0","1","POINT (-72.832245 5.768201)"
"70233","Sucre","El Roble","2,025","0","1","0","0","0","0","0","0","1","0","0","0","0","0","0","0","0","0","0","0","0","1","POINT (-75.198831 9.099532)"
"68872","Santander","Villanueva","2,023","0","0","0","0","0","0","0","0","0","0","0","0","0","0","0","0","0","0","0","0","0","0","POINT (-73.174307 6.670078)"
"25805","Cundinamarca","Tibacuy","2,024","0","0","0","0","0","0","0","0","0","0","0","0","0","0","0","0","0","0","0","0","0","0","POINT (-74.452344 4.348315)"
"25592","Cundinamarca","Quebradanegra","2,025","0","0","0","0","0","0","0","0","0","0","0","0","0","0","0","0","0","0","0","0","0","0","POINT (-74.48014 5.118076)"
"95025","Guaviare","El Retorno","2,026","0","0","0","0","0","0","0","0","0","0","0","0","0","0","0","0","0","0","0","0","0","0","POINT (-72.627304 2.330164)"
"27160","Chocó","Cértegui","2,025","402","348","0","0","27","430","212","51","28","2","614","110","0","0","0","0","0","0","77","0","0","750","POINT (-76.607483 5.370117)"
"15047","Boyacá","Aquitania","2,025","216","232","0","0","29","267","147","4","1","0","0","0","0","0","0","0","0","0","447","0","0","448","POINT (-72.88399 5.518602)"
"13300","Bolívar","Hatillo de Loba","2,024","116","110","0","0","0","72","131","16","6","1","4","0","0","0","0","0","0","0","0","0","0","226","POINT (-74.07833 8.955708)"
"73067","Tolima","Ataco","2,024","142","71","0","0","0","65","131","5","9","3","0","1","0","0","0","0","0","0","0","0","0","213","POINT (-75.382545 3.590591)"
"41006","Huila","Acevedo","2,024","144","78","0","0","0","81","127","14","0","0","0","0","0","0","0","0","0","0","0","0","0","222","POINT (-75.888532 1.805259)"
"52405","Nariño","Leiva","2,023","7","2","0","0","0","1","0","2","4","2","0","0","0","0","0","0","0","0","0","0","0","9","POINT (-77.306135 1.934453)"
"05480","Antioquia","Mutatá","2,023","75","65","0","0","0","34","84","21","1","0","0","114","0","0","0","0","0","0","0","0","0","140","POINT (-76.435875 7.242875)"
"18094","Caquetá","Belén de los Andaquíes","2,023","303","310","0","0","14","150","434","7","5","3","0","1","0","0","0","0","0","0","0","0","0","613","POINT (-75.872405 1.415812)"
"25799","Cundinamarca","Tenjo","2,023","18","6","2","0","0","1","0","5","20","0","0","0","0","0","0","0","0","0","0","0","0","26","POINT (-74.14392 4.871887)"
"05036","Antioquia","Angelópolis","2,026","103","113","0","0","8","117","91","0","0","0","0","0","0","0","0","0","1","0","17","0","0","216","POINT (-75.711389 6.109719)"
"23162","Córdoba","Cereté","2,026","352","361","0","0","0","367","342","3","1","0","1","0","0","0","0","0","2","0","72","0","0","713","POINT (-75.796226 8.88859)"
"47030","Magdalena","Algarrobo","2,023","2","0","0","0","0","0","0","0","2","0","2","0","0","0","0","0","0","0","0","0","0","2","POINT (-74.061132 10.188059)"
"05660","Antioquia","San Luis","2,023","0","1","0","0","0","0","0","0","1","0","0","0","0","0","0","0","0","0","0","0","0","1","POINT (-74.993562 6.043012)"
"13667","Bolívar","San Martín de Loba","2,023","0","1","0","0","0","0","0","0","0","1","1","0","0","0","0","0","0","0","0","0","0","1","POINT (-74.039064 8.937273)"
"05113","Antioquia","Buriticá","2,024","0","0","0","0","0","0","0","0","0","0","0","0","0","0","0","0","0","0","0","0","0","0","POINT (-75.907496 6.71973)"
"15632","Boyacá","Saboyá","2,024","0","0","0","0","0","0","0","0","0","0","0","0","0","0","0","0","0","0","0","0","0","0","POINT (-73.764456 5.697756)"
"15757","Boyacá","Socha","2,026","0","0","0","0","0","0","0","0","0","0","0","0","0","0","0","0","0","0","0","0","0","0","POINT (-72.691963 5.996717)"
"25436","Cundinamarca","Manta","2,026","0","0","0","0","0","0","0","0","0","0","0","0","0","0","0","0","0","0","0","0","0","0","POINT (-73.540444 5.009008)"
"76306","Valle del Cauca","Ginebra","2,026","0","0","0","0","0","0","0","0","0","0","0","0","0","0","0","0","0","0","0","0","0","0","POINT (-76.268068 3.724181)"
"76863","Valle del Cauca","Versalles","2,026","0","0","0","0","0","0","0","0","0","0","0","0","0","0","0","0","0","0","0","0","0","0","POINT (-76.199203 4.575019)"
"73001","Tolima","Ibagué","2,025","2,444","2,872","0","1","163","3,202","1,873","26","44","9","2","1","0","0","0","0","89","0","102","0","0","5,317","POINT (-75.193715 4.439609)"
"52399","Nariño","La Unión","2,025","252","217","0","0","0","96","313","28","24","8","0","0","0","0","0","0","11","0","70","0","0","469","POINT (-77.131316 1.600219)"
"13244","Bolívar","El Carmen de Bolívar","2,025","746","762","0","0","10","732","743","17","6","0","2","196","0","0","0","0","1","0","823","0","0","1,508","POINT (-75.121231 9.718573)"
"27025","Chocó","Alto Baudó","2,025","144","145","0","0","15","116","82","75","1","0","0","289","0","0","0","0","0","0","289","0","0","289","POINT (-76.974373 5.516221)"
"27205","Chocó","Condoto","2,025","335","345","0","2","6","319","338","17","2","0","589","7","0","0","0","0","0","0","0","0","0","682","POINT (-76.650683 5.091003)"
"41396","Huila","La Plata","2,025","308","312","0","0","27","250","341","0","2","0","0","9","0","0","0","0","5","0","411","0","0","620","POINT (-75.89148 2.389479)"
"68575","Santander","Puerto Wilches","2,025","815","776","0","0","55","965","558","13","0","0","85","0","0","0","0","0","13","0","716","0","0","1,591","POINT (-73.899068 7.349039)"
"17433","Caldas","Manzanares","2,025","43","79","0","0","5","38","72","2","3","2","0","0","0","0","0","0","0","0","8","0","0","122","POINT (-75.152829 5.255699)"
"05212","Antioquia","Copacabana","2,024","29","11","0","0","0","2","6","2","26","4","8","0","0","0","0","0","1","0","0","0","0","40","POINT (-75.509309 6.348654)"
"25815","Cundinamarca","Tocaima","2,024","0","4","0","0","0","0","0","1","3","0","0","0","0","0","0","0","0","0","0","0","0","4","POINT (-74.636296 4.459279)"
"27810","Chocó","Unión Panamericana","2,024","132","154","0","0","1","160","113","10","1","1","268","16","0","0","0","0","1","0","0","0","0","286","POINT (-76.630143 5.281108)"
"20013","Cesar","Agustín Codazzi","2,024","178","192","0","0","1","212","136","8","11","2","190","1","0","0","0","0","3","0","0","0","0","370","POINT (-73.238389 10.040454)"
"15476","Boyacá","Motavita","2,024","71","90","0","0","0","115","46","0","0","0","0","0","0","0","0","0","0","0","0","0","0","161","POINT (-73.367841 5.5777)"
"15325","Boyacá","Guayatá","2,023","3","1","0","0","0","0","0","0","3","1","0","0","0","0","0","0","0","0","0","0","0","4","POINT (-73.489698 4.967122)"
"76100","Valle del Cauca","Bolívar","2,024","3","0","0","0","0","0","0","3","0","0","0","0","0","0","0","0","0","0","0","0","0","3","POINT (-76.183583 4.337846)"
"50400","Meta","Lejanías","2,023","2","0","0","0","0","0","0","2","0","0","0","0","0","0","0","0","0","0","0","0","0","2","POINT (-74.02447 3.526355)"
"94884","Guainía","Puerto Colombia (Anm)","2,023","1","1","0","0","0","0","0","0","2","0","1","0","0","0","0","0","0","0","0","0","0","2","POINT (-67.566774 2.726438)"
"15296","Boyacá","Gámeza","2,024","0","0","0","0","0","0","0","0","0","0","0","0","0","0","0","0","0","0","0","0","0","0","POINT (-72.80553 5.802333)"
"05674","Antioquia","San Vicente Ferrer","2,026","0","0","0","0","0","0","0","0","0","0","0","0","0","0","0","0","0","0","0","0","0","0","POINT (-75.332616 6.282164)"
"68464","Santander","Mogotes","2,026","0","0","0","0","0","0","0","0","0","0","0","0","0","0","0","0","0","0","0","0","0","0","POINT (-72.969807 6.475246)"
"68755","Santander","Socorro","2,025","532","502","0","14","7","758","266","14","3","0","0","1","0","0","0","0","17","0","0","0","0","1,048","POINT (-73.261198 6.46387)"
"47053","Magdalena","Aracataca","2,025","531","511","0","0","44","601","381","9","7","0","123","0","0","0","0","0","1","0","3","0","0","1,042","POINT (-74.186702 10.589791)"
"86219","Putumayo","Colón","2,024","15","15","0","7","0","0","0","34","3","0","0","2","0","0","0","0","0","0","0","0","0","37","POINT (-76.972566 1.190133)"
"05604","Antioquia","Remedios","2,024","141","183","0","1","1","179","114","12","7","12","6","0","0","0","0","0","0","0","0","0","0","325","POINT (-74.695944 7.026094)"
"05615","Antioquia","Rionegro","2,023","86","89","1","0","1","79","70","19","6","1","1","0","0","0","0","0","0","0","0","0","0","176","POINT (-75.376859 6.147425)"
"05873","Antioquia","Vigía del Fuerte","2,026","36","64","0","0","3","69","26","2","0","0","99","1","0","0","0","0","0","0","100","0","0","100","POINT (-76.896004 6.588164)"
"41396","Huila","La Plata","2,026","470","486","0","0","42","591","322","1","0","0","2","12","0","0","0","0","21","0","330","0","0","956","POINT (-75.89148 2.389479)"
"52490","Nariño","Olaya Herrera","2,026","140","169","0","0","48","128","110","23","0","0","309","0","0","0","0","0","0","0","104","0","0","309","POINT (-78.325814 2.347457)"
"05579","Antioquia","Puerto Berrío","2,023","2","0","0","0","0","0","0","0","2","0","0","0","0","0","0","0","0","0","0","0","0","2","POINT (-74.409962 6.48701)"
"81220","Arauca","Cravo Norte","2,023","1","0","0","0","0","0","0","1","0","0","0","0","0","0","0","0","0","0","0","0","0","1","POINT (-70.204286 6.303913)"
"15761","Boyacá","Somondoco","2,023","0","0","0","0","0","0","0","0","0","0","0","0","0","0","0","0","0","0","0","0","0","0","POINT (-73.433393 4.985726)"
"97511","Vaupés","Pacoa (Anm)","2,024","0","0","0","0","0","0","0","0","0","0","0","0","0","0","0","0","0","0","0","0","0","0","POINT (-71.004339 0.020698)"
"05854","Antioquia","Valdivia","2,026","0","0","0","0","0","0","0","0","0","0","0","0","0","0","0","0","0","0","0","0","0","0","POINT (-75.439274 7.1652)"
"44847","La Guajira","Uribia","2,026","0","0","0","0","0","0","0","0","0","0","0","0","0","0","0","0","0","0","0","0","0","0","POINT (-72.26471 11.714596)"
"73483","Tolima","Natagaima","2,026","0","0","0","0","0","0","0","0","0","0","0","0","0","0","0","0","0","0","0","0","0","0","POINT (-75.093182 3.624324)"
"68418","Santander","Los Santos","2,025","655","710","0","0","83","701","575","4","2","0","0","0","0","0","0","0","37","0","937","0","0","1,365","POINT (-73.102746 6.755208)"
"47605","Magdalena","Remolino","2,025","340","301","0","0","7","209","413","9","2","1","0","0","0","0","0","0","0","0","65","0","0","641","POINT (-74.716172 10.701952)"
"68250","Santander","El Peñón","2,024","100","88","0","0","4","87","95","2","0","0","0","0","0","0","0","0","0","0","0","0","0","188","POINT (-73.816911 6.054277)"
"66088","Risaralda","Belén de Umbría","2,024","262","236","0","0","7","392","99","0","0","0","2","5","0","0","0","0","11","0","0","0","0","498","POINT (-75.868334 5.200793)"
"52051","Nariño","Arboleda","2,024","172","167","0","0","1","104","222","10","2","0","0","0","0","0","0","0","9","0","0","0","0","339","POINT (-77.135467 1.503418)"
"73547","Tolima","Piedras","2,024","101","134","0","0","10","117","105","3","0","0","1","0","0","0","0","0","0","0","0","0","0","235","POINT (-74.878074 4.543908)"
"25328","Cundinamarca","Guayabal de Síquima","2,023","5","0","0","0","0","0","0","4","0","1","0","0","0","0","0","0","1","0","0","0","0","5","POINT (-74.467437 4.877968)"
"15842","Boyacá","Úmbita","2,023","2","0","0","0","0","0","0","0","2","0","0","0","0","0","0","0","0","0","0","0","0","2","POINT (-73.456917 5.221176)"
"05467","Antioquia","Montebello","2,023","0","1","0","0","0","0","0","1","0","0","0","0","0","0","0","0","0","0","0","0","0","1","POINT (-75.523455 5.946313)"
"25612","Cundinamarca","Ricaurte","2,024","0","0","0","0","0","0","0","0","0","0","0","0","0","0","0","0","0","0","0","0","0","0","POINT (-74.784543 4.29395)"
"15466","Boyacá","Monguí","2,026","0","0","0","0","0","0","0","0","0","0","0","0","0","0","0","0","0","0","0","0","0","0","POINT (-72.849292 5.723486)"
"25099","Cundinamarca","Bojacá","2,026","0","0","0","0","0","0","0","0","0","0","0","0","0","0","0","0","0","0","0","0","0","0","POINT (-74.348492 4.741758)"
"68689","Santander","San Vicente de Chucurí","2,026","0","0","0","0","0","0","0","0","0","0","0","0","0","0","0","0","0","0","0","0","0","0","POINT (-73.411024 6.880383)"
"76250","Valle del Cauca","El Dovio","2,025","150","152","0","0","6","148","141","5","2","0","2","16","0","0","0","0","5","0","89","0","0","302","POINT (-76.237084 4.510452)"
"52687","Nariño","San Lorenzo","2,025","241","239","0","0","0","160","314","5","1","0","0","0","0","0","0","0","2","0","267","0","0","480","POINT (-77.215231 1.50336)"
"15842","Boyacá","Úmbita","2,025","129","114","0","0","23","121","97","0","2","0","1","1","0","0","0","0","0","0","164","0","0","243","POINT (-73.456917 5.221176)"
"52418","Nariño","Los Andes","2,025","10","2","0","0","0","4","3","1","4","0","0","0","0","0","0","0","0","0","0","0","0","12","POINT (-77.521303 1.494587)"
"52411","Nariño","Linares","2,024","5","2","0","1","0","0","0","4","4","0","0","0","0","0","0","0","0","0","0","0","0","8","POINT (-77.522039 1.351193)"
"66075","Risaralda","Balboa","2,024","205","224","0","0","5","256","158","8","2","0","1","12","0","0","0","0","6","0","0","0","0","429","POINT (-75.960134 4.945848)"
"15835","Boyacá","Turmequé","2,024","115","183","0","0","19","192","86","0","1","0","0","0","0","0","0","0","8","0","0","0","0","298","POINT (-73.491825 5.323261)"
"47189","Magdalena","Ciénaga","2,024","472","538","0","0","2","415","553","32","7","1","1","0","0","0","0","0","1","0","0","0","0","1,010","POINT (-74.241286 11.006654)"
"68820","Santander","Tona","2,024","5","0","0","0","0","0","0","5","0","0","0","0","0","0","0","0","0","0","0","0","0","5","POINT (-72.966018 7.202725)"
"68572","Santander","Puente Nacional","2,023","10","4","0","0","0","0","0","0","12","2","0","0","0","0","0","0","0","0","0","0","0","14","POINT (-73.677554 5.87836)"
"23580","Córdoba","Puerto Libertador","2,023","27","19","0","0","0","27","2","14","3","0","1","5","0","0","0","0","1","0","0","0","0","46","POINT (-75.671761 7.888859)"
"05360","Antioquia","Itagüí","2,026","498","607","0","0","17","906","182","0","0","0","0","0","0","0","0","0","50","0","0","0","0","1,105","POINT (-75.614359 6.169598)"
"19824","Cauca","Totoró","2,026","276","235","0","0","72","200","230","9","0","0","0","415","0","0","0","0","5","0","60","0","0","511","POINT (-76.402443 2.510229)"
"15790","Boyacá","Tasco","2,024","2","1","0","0","0","0","0","3","0","0","0","0","0","0","0","0","0","0","0","0","0","3","POINT (-72.781011 5.909821)"
"05873","Antioquia","Vigía del Fuerte","2,024","1","0","0","0","0","0","0","0","1","0","0","1","0","0","0","0","0","0","0","0","0","1","POINT (-76.896004 6.588164)"
"50226","Meta","Cumaral","2,026","1","0","0","0","0","0","0","0","1","0","0","0","0","0","0","0","0","0","0","0","0","1","POINT (-73.486557 4.269535)"
"68307","Santander","Girón","2,026","1","0","0","0","0","0","0","1","0","0","0","0","0","0","0","0","0","0","0","0","0","1","POINT (-73.168257 7.072749)"
"15686","Boyacá","Santana","2,026","0","0","0","0","0","0","0","0","0","0","0","0","0","0","0","0","0","0","0","0","0","0","POINT (-73.481639 6.056866)"
"52356","Nariño","Ipiales","2,026","0","0","0","0","0","0","0","0","0","0","0","0","0","0","0","0","0","0","0","0","0","0","POINT (-77.646367 0.827732)"
"76126","Valle del Cauca","Calima","2,026","0","0","0","0","0","0","0","0","0","0","0","0","0","0","0","0","0","0","0","0","0","0","POINT (-76.484132 3.933664)"
"19585","Cauca","Puracé","2,025","214","201","0","0","2","267","143","3","0","0","0","384","0","0","0","0","3","0","93","0","0","415","POINT (-76.49575 2.342756)"
"13222","Bolívar","Clemencia","2,025","147","126","0","0","1","120","132","16","4","0","119","0","0","0","0","0","1","0","218","0","0","273","POINT (-75.328517 10.567541)"
"54660","Norte de Santander","Salazar","2,025","277","294","0","0","43","274","248","3","3","0","0","2","0","0","0","0","15","0","78","0","0","571","POINT (-72.813064 7.773683)"
"25053","Cundinamarca","Arbeláez","2,025","5","9","0","0","0","0","0","8","6","0","0","0","0","0","0","0","0","0","0","0","0","14","POINT (-74.414901 4.272534)"
"73770","Tolima","Suárez","2,025","9","1","0","0","0","0","0","2","6","2","0","0","0","0","0","0","0","0","0","0","0","10","POINT (-74.831885 4.048891)"
"18610","Caquetá","San José del Fragua","2,025","151","161","0","0","11","172","117","1","10","1","0","3","0","0","0","0","4","0","150","0","0","312","POINT (-75.973528 1.331957)"
"05628","Antioquia","Sabanalarga","2,025","9","1","0","0","0","0","0","1","9","0","0","0","0","0","0","0","1","0","0","0","0","10","POINT (-75.816645 6.850028)"
"13188","Bolívar","Cicuco","2,024","33","21","0","0","0","0","2","28","23","1","0","0","0","0","0","0","0","0","0","0","0","54","POINT (-74.646028 9.274313)"
"05055","Antioquia","Argelia","2,024","3","0","0","1","0","0","0","3","1","0","0","0","0","0","0","1","0","0","0","0","0","4","POINT (-75.141741 5.730672)"
"23090","Córdoba","Canalete","2,023","6","3","0","0","0","0","0","8","2","0","1","0","0","0","0","0","0","0","0","0","0","10","POINT (-76.241476 8.786939)"
"19585","Cauca","Puracé","2,023","6","11","0","0","0","1","0","9","7","0","0","12","0","0","0","0","1","0","0","0","0","17","POINT (-76.49575 2.342756)"
"97001","Vaupés","Mitú","2,023","294","309","0","0","12","430","88","14","18","41","9","420","0","0","0","0","3","0","0","0","0","603","POINT (-70.232641 1.253151)"
"54660","Norte de Santander","Salazar","2,023","4","0","0","0","0","0","0","3","1","0","0","0","0","0","0","0","0","0","0","0","0","4","POINT (-72.813064 7.773683)"
"13300","Bolívar","Hatillo de Loba","2,026","121","116","0","0","0","77","152","8","0","0","0","0","0","0","0","0","2","0","0","0","0","237","POINT (-74.07833 8.955708)"
"70221","Sucre","Coveñas","2,026","251","280","0","0","0","494","37","0","0","0","37","219","0","0","0","0","2","0","0","0","0","531","POINT (-75.691867 9.402463)"
"27372","Chocó","Juradó","2,025","155","115","0","0","1","78","137","31","19","4","128","139","0","0","0","0","0","0","233","0","0","270","POINT (-77.762751 7.103619)"
"70678","Sucre","San Benito Abad","2,025","134","88","0","0","0","139","76","5","2","0","1","199","0","0","0","0","0","0","215","0","0","222","POINT (-75.031089 8.930108)"
"23090","Córdoba","Canalete","2,025","255","255","0","0","13","246","245","5","1","0","252","1","0","0","0","0","1","0","457","0","0","510","POINT (-76.241476 8.786939)"
"73168","Tolima","Chaparral","2,025","909","853","0","0","125","845","735","42","12","3","0","1","0","0","0","0","6","0","541","0","0","1,762","POINT (-75.480765 3.722918)"
"41791","Huila","Tarqui","2,025","4","13","0","0","0","0","3","4","10","0","1","0","0","0","0","0","1","0","3","0","0","17","POINT (-75.823976 2.111325)"
"85300","Casanare","Sabanalarga","2,025","235","336","0","0","35","243","275","10","4","4","0","0","0","0","0","0","0","0","41","0","0","571","POINT (-73.038696 4.854787)"
"08549","Atlántico","Piojó","2,025","239","239","0","0","39","291","142","4","1","1","0","0","0","0","0","0","2","0","0","0","0","478","POINT (-75.107592 10.749216)"
"18410","Caquetá","La Montañita","2,024","186","240","0","0","6","174","215","24","7","0","1","1","0","0","0","0","4","0","0","0","0","426","POINT (-75.436408 1.479173)"
"52352","Nariño","Iles","2,024","14","9","0","0","0","6","12","2","3","0","1","5","0","0","0","0","0","0","0","0","0","23","POINT (-77.521227 0.96952)"
"70230","Sucre","Chalán","2,023","6","3","0","0","0","0","0","5","4","0","3","1","0","0","0","0","0","0","0","0","0","9","POINT (-75.312697 9.545352)"
"05055","Antioquia","Argelia","2,026","71","66","0","0","0","71","64","1","1","0","0","0","0","0","0","0","0","0","0","0","0","137","POINT (-75.141741 5.730672)"
"19743","Cauca","Silvia","2,026","310","325","0","0","56","437","140","1","1","0","0","367","0","0","0","0","7","0","0","0","0","635","POINT (-76.379753 2.611927)"
"05761","Antioquia","Sopetrán","2,024","2","1","0","0","0","0","0","1","0","2","0","0","0","0","0","0","0","0","0","0","0","3","POINT (-75.747378 6.500745)"
"15776","Boyacá","Sutamarchán","2,024","3","0","0","0","0","0","0","0","3","0","0","0","0","0","0","0","0","0","0","0","0","3","POINT (-73.620536 5.619781)"
"05059","Antioquia","Armenia","2,026","0","2","0","0","0","0","0","0","2","0","0","0","0","0","0","0","0","0","0","0","0","2","POINT (-75.787072 6.155889)"
"68271","Santander","Florián","2,023","2","0","0","0","0","0","0","0","2","0","0","0","0","0","0","0","0","0","0","0","0","2","POINT (-73.97143 5.804659)"
"73770","Tolima","Suárez","2,023","0","0","0","0","0","0","0","0","0","0","0","0","0","0","0","0","0","0","0","0","0","0","POINT (-74.831885 4.048891)"
"91530","Amazonas","Puerto Alegría (Anm)","2,024","0","0","0","0","0","0","0","0","0","0","0","0","0","0","0","0","0","0","0","0","0","0","POINT (-74.014461 -1.005674)"
"13650","Bolívar","San Fernando","2,026","0","0","0","0","0","0","0","0","0","0","0","0","0","0","0","0","0","0","0","0","0","0","POINT (-74.323867 9.214179)"
"05480","Antioquia","Mutatá","2,025","174","172","0","0","8","215","119","0","2","2","68","92","0","0","0","0","0","0","182","0","0","346","POINT (-76.435875 7.242875)"
"25736","Cundinamarca","Sesquilé","2,025","6","0","0","0","0","0","0","3","3","0","0","0","0","0","0","0","0","0","3","0","0","6","POINT (-73.796099 5.04476)"
"20517","Cesar","Pailitas","2,024","6","11","0","0","0","0","0","12","4","1","10","0","0","0","0","0","0","0","0","0","0","17","POINT (-73.625808 8.956032)"
"52418","Nariño","Los Andes","2,023","8","1","0","0","0","0","1","5","3","0","0","0","0","0","0","0","0","0","0","0","0","9","POINT (-77.521303 1.494587)"
"15047","Boyacá","Aquitania","2,023","2","5","1","0","0","1","0","2","5","0","0","0","0","0","0","0","1","0","0","0","0","8","POINT (-72.88399 5.518602)"
"13052","Bolívar","Arjona","2,023","5","6","0","0","0","3","0","8","0","0","3","1","0","0","0","0","1","0","0","0","0","11","POINT (-75.344501 10.256633)"
"52036","Nariño","Ancuya","2,023","4","7","0","0","0","0","0","7","3","1","0","0","0","0","0","0","1","0","0","0","0","11","POINT (-77.514512 1.263276)"
"19693","Cauca","San Sebastián","2,023","12","12","0","0","0","0","2","10","3","9","0","24","0","0","0","0","0","0","0","0","0","24","POINT (-76.769467 1.838451)"
"05212","Antioquia","Copacabana","2,026","199","208","0","0","0","359","48","0","0","0","6","0","0","0","0","0","11","0","0","0","0","407","POINT (-75.509309 6.348654)"
"47161","Magdalena","Cerro de San Antonio","2,023","3","0","0","0","0","0","0","0","3","0","0","0","0","0","0","0","0","0","0","0","0","3","POINT (-74.868481 10.325621)"
"05660","Antioquia","San Luis","2,025","3","0","0","0","0","0","0","0","3","0","0","0","0","0","0","0","0","0","0","0","0","3","POINT (-74.993562 6.043012)"
"15051","Boyacá","Arcabuco","2,025","3","0","0","0","0","0","0","0","3","0","0","0","0","0","0","0","0","0","0","0","0","3","POINT (-73.438111 5.755381)"
"54670","Norte de Santander","San Calixto","2,026","0","2","0","0","0","0","0","0","2","0","0","0","0","0","0","0","0","0","0","0","0","2","POINT (-73.206053 8.400152)"
"25154","Cundinamarca","Carmen de Carupa","2,024","0","0","0","0","0","0","0","0","0","0","0","0","0","0","0","0","0","0","0","0","0","0","POINT (-73.901357 5.349119)"
"08137","Atlántico","Campo de la Cruz","2,026","0","0","0","0","0","0","0","0","0","0","0","0","0","0","0","0","0","0","0","0","0","0","POINT (-74.883152 10.37924)"
"15106","Boyacá","Briceño","2,026","0","0","0","0","0","0","0","0","0","0","0","0","0","0","0","0","0","0","0","0","0","0","POINT (-73.92326 5.690879)"
"15879","Boyacá","Viracachá","2,026","0","0","0","0","0","0","0","0","0","0","0","0","0","0","0","0","0","0","0","0","0","0","POINT (-73.296894 5.436833)"
"19622","Cauca","Rosas","2,026","0","0","0","0","0","0","0","0","0","0","0","0","0","0","0","0","0","0","0","0","0","0","POINT (-76.740336 2.260941)"
"20570","Cesar","Pueblo Bello","2,026","0","0","0","0","0","0","0","0","0","0","0","0","0","0","0","0","0","0","0","0","0","0","POINT (-73.588468 10.415186)"
"25279","Cundinamarca","Fómeque","2,026","0","0","0","0","0","0","0","0","0","0","0","0","0","0","0","0","0","0","0","0","0","0","POINT (-73.892523 4.485474)"
"25288","Cundinamarca","Fúquene","2,026","0","0","0","0","0","0","0","0","0","0","0","0","0","0","0","0","0","0","0","0","0","0","POINT (-73.795855 5.403997)"
"25805","Cundinamarca","Tibacuy","2,026","0","0","0","0","0","0","0","0","0","0","0","0","0","0","0","0","0","0","0","0","0","0","POINT (-74.452344 4.348315)"
"73349","Tolima","Honda","2,026","0","0","0","0","0","0","0","0","0","0","0","0","0","0","0","0","0","0","0","0","0","0","POINT (-74.741367 5.201633)"
"68162","Santander","Cerrito","2,025","370","386","0","0","29","374","341","12","0","0","0","120","0","0","0","0","7","0","330","0","0","756","POINT (-72.692345 6.844244)"
"47268","Magdalena","El Retén","2,025","303","287","0","0","0","395","191","3","1","0","37","0","0","0","0","0","1","0","0","0","0","590","POINT (-74.268412 10.610445)"
"54480","Norte de Santander","Mutiscua","2,025","4","1","0","0","0","0","0","0","5","0","0","0","0","0","0","0","1","0","1","0","0","5","POINT (-72.747169 7.300469)"
"41676","Huila","Santa María","2,024","21","0","0","4","0","0","4","2","18","1","0","0","0","0","0","0","0","0","0","0","0","25","POINT (-75.587213 2.937628)"
"15763","Boyacá","Sotaquirá","2,024","4","1","0","0","0","0","0","3","2","0","0","0","0","0","0","0","0","0","0","0","0","5","POINT (-73.247334 5.765231)"
"76306","Valle del Cauca","Ginebra","2,024","4","1","0","0","0","0","0","2","1","2","0","0","0","0","0","0","0","0","0","0","0","5","POINT (-76.268068 3.724181)"
"76122","Valle del Cauca","Caicedonia","2,024","2","3","0","0","0","0","0","4","1","0","0","0","0","0","0","0","0","0","0","0","0","5","POINT (-75.830594 4.334808)"
"19807","Cauca","Timbío","2,024","217","253","0","0","0","208","244","9","8","1","1","2","0","0","0","0","6","0","0","0","0","470","POINT (-76.676174 2.349249)"
"23168","Córdoba","Chimá","2,024","7","5","0","0","0","0","5","1","3","3","0","11","0","0","0","0","0","0","0","0","0","12","POINT (-75.626886 9.149698)"
"27787","Chocó","Tadó","2,024","102","135","0","0","0","14","139","63","19","2","31","202","0","0","0","0","0","0","0","0","0","237","POINT (-76.553896 5.265367)"
"54109","Norte de Santander","Bucarasica","2,024","95","83","0","0","0","15","150","10","2","1","0","0","0","0","0","0","1","0","0","0","0","178","POINT (-72.868231 8.041299)"
"15676","Boyacá","San Miguel de Sema","2,023","4","1","0","0","0","1","0","0","4","0","0","0","0","0","0","0","4","0","0","0","0","5","POINT (-73.722009 5.518083)"
"47318","Magdalena","Guamal","2,023","5","0","0","0","0","0","0","2","3","0","0","0","0","0","0","0","0","0","0","0","0","5","POINT (-74.223689 9.144354)"
"19392","Cauca","La Sierra","2,023","1","8","0","0","0","7","0","0","2","0","0","2","0","0","0","0","2","0","0","0","0","9","POINT (-76.763278 2.179383)"
"41396","Huila","La Plata","2,023","4","8","0","0","0","0","0","11","1","0","0","1","0","0","0","0","0","0","0","0","0","12","POINT (-75.89148 2.389479)"
"18610","Caquetá","San José del Fragua","2,023","212","200","0","0","4","106","288","9","2","3","0","0","0","0","0","0","1","0","0","0","0","412","POINT (-75.973528 1.331957)"
"41298","Huila","Garzón","2,026","565","542","0","0","33","627","446","1","0","0","0","0","0","0","0","0","7","0","573","0","0","1,107","POINT (-75.627694 2.196994)"
"68051","Santander","Aratoca","2,026","70","72","0","0","25","51","63","1","2","0","0","0","0","0","0","0","3","0","140","0","0","142","POINT (-73.01786 6.694418)"
"47053","Magdalena","Aracataca","2,023","3","0","0","0","0","1","0","1","0","1","0","0","0","0","0","0","0","0","0","0","0","3","POINT (-74.186702 10.589791)"
"76895","Valle del Cauca","Zarzal","2,024","2","1","0","0","0","0","0","3","0","0","2","0","0","0","0","0","0","0","0","0","0","3","POINT (-76.070795 4.392658)"
"17433","Caldas","Manzanares","2,023","2","0","0","0","0","0","0","2","0","0","0","0","0","0","0","0","0","0","0","0","0","2","POINT (-75.152829 5.255699)"
"25867","Cundinamarca","Vianí","2,023","2","0","0","0","0","0","0","0","2","0","0","0","0","0","0","0","0","0","0","0","0","2","POINT (-74.56132 4.875208)"
"15407","Boyacá","Villa de Leyva","2,026","1","0","0","0","0","0","0","0","1","0","0","0","0","0","0","0","0","0","0","0","0","1","POINT (-73.524948 5.632455)"
"17442","Caldas","Marmato","2,023","0","0","0","0","0","0","0","0","0","0","0","0","0","0","0","0","0","0","0","0","0","0","POINT (-75.600049 5.47422)"
"25871","Cundinamarca","Villagómez","2,025","0","0","0","0","0","0","0","0","0","0","0","0","0","0","0","0","0","0","0","0","0","0","POINT (-74.195145 5.273024)"
"50325","Meta","Mapiripán","2,026","0","0","0","0","0","0","0","0","0","0","0","0","0","0","0","0","0","0","0","0","0","0","POINT (-72.135509 2.896617)"
"52019","Nariño","Albán","2,026","0","0","0","0","0","0","0","0","0","0","0","0","0","0","0","0","0","0","0","0","0","0","POINT (-77.080712 1.474978)"
"47030","Magdalena","Algarrobo","2,025","410","283","0","0","5","338","318","25","7","0","3","0","0","0","0","0","0","0","101","0","0","693","POINT (-74.061132 10.188059)"
"25772","Cundinamarca","Suesca","2,025","4","0","0","0","0","0","0","0","4","0","0","0","0","0","0","0","0","0","0","0","0","4","POINT (-73.798227 5.103495)"
"23586","Córdoba","Purísima de la Concepción","2,024","330","377","0","2","8","249","425","25","2","0","5","413","0","0","0","0","5","0","0","0","0","709","POINT (-75.724987 9.239295)"
"25599","Cundinamarca","Apulo","2,024","3","2","0","0","0","0","0","3","2","0","0","0","0","0","0","0","0","0","0","0","0","5","POINT (-74.593926 4.520304)"
"15820","Boyacá","Tópaga","2,023","2","2","0","0","0","0","0","5","0","0","0","0","0","0","0","0","0","0","0","0","0","5","POINT (-72.832245 5.768201)"
"25386","Cundinamarca","La Mesa","2,023","3","2","0","0","0","0","0","0","4","1","0","0","0","0","0","0","0","0","0","0","0","5","POINT (-74.461588 4.631028)"
"25377","Cundinamarca","La Calera","2,023","29","16","0","0","0","1","0","19","23","2","0","1","0","0","0","0","1","0","0","0","0","45","POINT (-73.969745 4.720345)"
"05310","Antioquia","Gómez Plata","2,023","3","1","0","0","0","0","0","0","4","0","0","0","0","0","0","0","0","0","0","0","0","4","POINT (-75.220018 6.683269)"
"23675","Córdoba","San Bernardo del Viento","2,026","58","52","0","0","0","88","22","0","0","0","37","10","0","0","0","0","1","0","4","0","0","110","POINT (-75.955053 9.352481)"
"81001","Arauca","Arauca","2,026","418","370","0","0","14","320","450","4","0","0","9","8","0","0","0","0","7","0","271","0","0","788","POINT (-70.74635 7.077359)"
"25148","Cundinamarca","Caparrapí","2,023","2","0","0","0","0","0","0","0","2","0","0","0","0","0","0","0","0","0","0","0","0","2","POINT (-74.490708 5.34901)"
"05134","Antioquia","Campamento","2,025","1","0","0","0","0","0","0","0","1","0","0","0","0","0","0","0","0","0","0","0","0","1","POINT (-75.298091 6.979771)"
"15542","Boyacá","Pesca","2,026","0","0","0","0","0","0","0","0","0","0","0","0","0","0","0","0","0","0","0","0","0","0","POINT (-73.050872 5.558808)"
"25086","Cundinamarca","Beltrán","2,026","0","0","0","0","0","0","0","0","0","0","0","0","0","0","0","0","0","0","0","0","0","0","POINT (-74.741666 4.802832)"
"41801","Huila","Teruel","2,026","0","0","0","0","0","0","0","0","0","0","0","0","0","0","0","0","0","0","0","0","0","0","POINT (-75.567034 2.740968)"
"50370","Meta","Uribe","2,026","0","0","0","0","0","0","0","0","0","0","0","0","0","0","0","0","0","0","0","0","0","0","POINT (-74.351508 3.239634)"
"52320","Nariño","Guaitarilla","2,026","0","0","0","0","0","0","0","0","0","0","0","0","0","0","0","0","0","0","0","0","0","0","POINT (-77.549818 1.129567)"
"05615","Antioquia","Rionegro","2,025","411","338","0","17","100","555","84","20","7","0","10","0","0","0","0","0","14","0","253","0","0","766","POINT (-75.376859 6.147425)"
"73024","Tolima","Alpujarra","2,025","129","128","0","0","15","110","87","16","18","11","0","1","0","0","0","0","0","0","238","0","0","257","POINT (-74.9329 3.391548)"
"95001","Guaviare","San José del Guaviare","2,025","1,242","1,211","0","0","140","1,150","1,083","73","6","1","27","338","0","0","0","0","14","0","1,247","0","0","2,453","POINT (-72.639024 2.566394)"
"52788","Nariño","Tangua","2,024","12","3","0","0","0","0","0","4","11","0","0","11","0","0","0","0","1","0","0","0","0","15","POINT (-77.393244 1.095178)"
"27450","Chocó","Medio San Juan","2,024","236","271","0","0","0","34","283","184","6","0","309","198","0","0","0","0","0","0","0","0","0","507","POINT (-76.694409 5.098291)"
"76113","Valle del Cauca","Bugalagrande","2,024","9","0","0","0","0","0","0","0","9","0","0","0","0","0","0","0","0","0","0","0","0","9","POINT (-76.15682 4.208358)"
"25491","Cundinamarca","Nocaima","2,024","1","3","0","0","0","0","0","3","1","0","0","0","0","0","0","0","0","0","0","0","0","4","POINT (-74.377728 5.068933)"
"68895","Santander","Zapatoca","2,023","6","3","0","0","0","0","0","4","5","0","0","0","0","0","0","0","0","0","0","0","0","9","POINT (-73.268034 6.814387)"
"23001","Córdoba","Montería","2,026","86","87","0","0","0","172","1","0","0","0","0","0","0","0","0","0","0","0","0","0","0","173","POINT (-75.875576 8.74513)"
"52612","Nariño","Ricaurte","2,026","206","210","0","0","24","122","255","15","0","0","0","410","0","0","0","0","0","0","102","0","0","416","POINT (-77.995153 1.212492)"
"52621","Nariño","Roberto Payán","2,026","175","225","0","0","0","235","138","27","0","0","400","0","0","0","0","0","0","0","207","0","0","400","POINT (-78.245716 1.697492)"
"54405","Norte de Santander","Los Patios","2,026","208","206","0","0","0","186","225","0","3","0","1","1","0","0","0","0","10","0","0","0","0","414","POINT (-72.505764 7.833055)"
"73411","Tolima","Líbano","2,023","3","0","0","0","0","0","0","0","3","0","0","0","0","0","0","0","2","0","0","0","0","3","POINT (-75.063421 4.923442)"
"94886","Guainía","Cacahual (Anm)","2,024","0","1","0","0","0","0","0","1","0","0","0","1","0","0","0","0","0","0","0","0","0","1","POINT (-67.413263 3.526372)"
"81220","Arauca","Cravo Norte","2,025","1","0","0","0","0","0","0","0","1","0","0","0","0","0","0","0","1","0","1","0","0","1","POINT (-70.204286 6.303913)"
"17380","Caldas","La Dorada","2,026","1","0","0","0","0","0","0","0","1","0","0","0","0","0","0","0","0","0","1","0","0","1","POINT (-74.658488 5.444501)"
"50245","Meta","El Calvario","2,024","0","0","0","0","0","0","0","0","0","0","0","0","0","0","0","0","0","0","0","0","0","0","POINT (-73.713325 4.352665)"
"25324","Cundinamarca","Guataquí","2,026","0","0","0","0","0","0","0","0","0","0","0","0","0","0","0","0","0","0","0","0","0","0","POINT (-74.790058 4.517517)"
"86757","Putumayo","San Miguel","2,026","0","0","0","0","0","0","0","0","0","0","0","0","0","0","0","0","0","0","0","0","0","0","POINT (-76.912055 0.343481)"
"27150","Chocó","Carmen del Darién","2,025","255","202","0","0","8","217","222","10","0","0","457","0","0","0","0","0","0","0","0","0","0","457","POINT (-76.970795 7.158538)"
"54820","Norte de Santander","Toledo","2,025","318","283","0","0","3","334","262","0","2","0","0","3","0","0","0","0","8","0","459","0","0","601","POINT (-72.485088 7.310023)"
"18205","Caquetá","Curillo","2,025","167","142","0","0","15","151","130","3","9","1","2","0","0","0","0","0","1","0","224","0","0","309","POINT (-75.919205 1.033473)"
"68689","Santander","San Vicente de Chucurí","2,024","519","537","0","0","0","464","576","11","4","1","0","0","0","0","0","0","1","0","0","0","0","1,056","POINT (-73.411024 6.880383)"
"66045","Risaralda","Apía","2,024","256","226","0","0","14","286","168","10","3","1","3","23","0","0","0","0","17","0","0","0","0","482","POINT (-75.941931 5.105739)"
"52490","Nariño","Olaya Herrera","2,024","26","9","0","0","0","1","2","10","22","0","32","0","0","0","0","0","0","0","0","0","0","35","POINT (-78.325814 2.347457)"
"15466","Boyacá","Monguí","2,024","89","90","0","0","0","30","146","3","0","0","0","0","0","0","0","0","0","0","0","0","0","179","POINT (-72.849292 5.723486)"
"05045","Antioquia","Apartadó","2,023","187","177","0","0","174","75","78","20","16","1","51","0","0","0","0","0","1","0","0","0","0","364","POINT (-76.625135 7.883257)"
"08137","Atlántico","Campo de la Cruz","2,023","10","13","0","0","0","0","4","17","2","0","14","0","0","0","0","0","0","0","0","0","0","23","POINT (-74.883152 10.37924)"
"13654","Bolívar","San Jacinto","2,023","111","56","0","0","0","66","76","8","15","2","0","1","0","0","0","0","0","0","0","0","0","167","POINT (-75.12105 9.830275)"
"19821","Cauca","Toribío","2,023","419","371","0","0","19","337","253","21","4","156","210","563","0","0","0","0","6","0","0","0","0","790","POINT (-76.271127 2.95145)"
"41016","Huila","Aipe","2,023","22","11","0","0","4","1","0","10","18","0","0","0","0","0","0","0","4","0","0","0","0","33","POINT (-75.239017 3.223996)"
"44847","La Guajira","Uribia","2,023","125","111","0","0","198","0","3","14","20","1","0","219","0","0","0","0","2","0","0","0","0","236","POINT (-72.26471 11.714596)"
"19455","Cauca","Miranda","2,026","386","443","0","0","24","551","251","0","3","0","246","36","0","0","0","0","12","0","0","0","0","829","POINT (-76.229046 3.253161)"
"54810","Norte de Santander","Tibú","2,026","222","255","0","0","17","237","204","5","14","0","0","0","0","0","0","0","0","0","462","0","0","477","POINT (-72.734496 8.639891)"
"76892","Valle del Cauca","Yumbo","2,023","1","2","0","0","0","0","0","1","1","1","0","0","0","0","0","0","0","0","0","0","0","3","POINT (-76.499893 3.540097)"
"68686","Santander","San Miguel","2,023","0","2","0","0","0","0","0","0","2","0","0","0","0","0","0","0","0","0","0","0","0","2","POINT (-72.644123 6.575315)"
"15368","Boyacá","Jericó","2,023","2","0","0","0","0","0","0","0","2","0","0","0","0","0","0","0","0","0","0","0","0","2","POINT (-72.57073 6.145902)"
"25269","Cundinamarca","Facatativá","2,026","1","0","0","0","0","0","0","1","0","0","0","0","0","0","0","0","0","0","0","0","0","1","POINT (-74.350151 4.812987)"
"15816","Boyacá","Togüí","2,023","0","0","0","0","0","0","0","0","0","0","0","0","0","0","0","0","0","0","0","0","0","0","POINT (-73.513655 5.937438)"
"15097","Boyacá","Boavita","2,026","0","0","0","0","0","0","0","0","0","0","0","0","0","0","0","0","0","0","0","0","0","0","POINT (-72.584905 6.330703)"
"52435","Nariño","Mallama","2,026","0","0","0","0","0","0","0","0","0","0","0","0","0","0","0","0","0","0","0","0","0","0","POINT (-77.864549 1.141037)"
"63111","Quindío","Buenavista","2,026","0","0","0","0","0","0","0","0","0","0","0","0","0","0","0","0","0","0","0","0","0","0","POINT (-75.739693 4.360121)"
"63212","Quindío","Córdoba","2,026","0","0","0","0","0","0","0","0","0","0","0","0","0","0","0","0","0","0","0","0","0","0","POINT (-75.687866 4.392485)"
"68320","Santander","Guadalupe","2,026","0","0","0","0","0","0","0","0","0","0","0","0","0","0","0","0","0","0","0","0","0","0","POINT (-73.419292 6.245847)"
"68745","Santander","Simacota","2,025","143","167","0","0","38","142","127","3","0","0","0","0","0","0","0","0","3","0","310","0","0","310","POINT (-73.337368 6.443471)"
"05591","Antioquia","Puerto Triunfo","2,024","247","229","0","0","0","147","322","3","4","0","4","3","0","0","0","0","6","0","0","0","0","476","POINT (-74.64119 5.871318)"
"63690","Quindío","Salento","2,023","4","2","0","0","0","0","0","2","2","2","0","0","0","0","0","0","0","0","0","0","0","6","POINT (-75.570844 4.637157)"
"23574","Córdoba","Puerto Escondido","2,023","9","4","0","0","0","0","0","10","2","1","0","0","0","0","0","0","0","0","0","0","0","13","POINT (-76.260411 9.005372)"
"18247","Caquetá","El Doncello","2,023","14","12","0","0","0","2","2","16","3","3","0","2","0","0","0","0","0","0","0","0","0","26","POINT (-75.283631 1.679951)"
"05631","Antioquia","Sabaneta","2,026","398","417","0","0","206","524","84","0","1","0","2","0","0","0","0","0","19","0","0","0","0","815","POINT (-75.615479 6.149903)"
"52687","Nariño","San Lorenzo","2,026","3","0","0","0","0","0","0","0","3","0","0","0","0","0","0","0","0","0","0","0","0","3","POINT (-77.215231 1.50336)"
"15757","Boyacá","Socha","2,024","2","0","0","0","0","0","0","2","0","0","0","0","0","0","0","0","0","0","0","0","0","2","POINT (-72.691963 5.996717)"
"15774","Boyacá","Susacón","2,025","1","0","0","0","0","0","0","0","0","1","0","0","0","0","0","0","0","0","0","0","0","1","POINT (-72.690289 6.230332)"
"05647","Antioquia","San Andrés de Cuerquía","2,024","0","0","0","0","0","0","0","0","0","0","0","0","0","0","0","0","0","0","0","0","0","0","POINT (-75.676008 6.912558)"
"25324","Cundinamarca","Guataquí","2,024","0","0","0","0","0","0","0","0","0","0","0","0","0","0","0","0","0","0","0","0","0","0","POINT (-74.790058 4.517517)"
"47030","Magdalena","Algarrobo","2,026","0","0","0","0","0","0","0","0","0","0","0","0","0","0","0","0","0","0","0","0","0","0","POINT (-74.061132 10.188059)"
"52788","Nariño","Tangua","2,026","0","0","0","0","0","0","0","0","0","0","0","0","0","0","0","0","0","0","0","0","0","0","POINT (-77.393244 1.095178)"
"97161","Vaupés","Carurú","2,026","0","0","0","0","0","0","0","0","0","0","0","0","0","0","0","0","0","0","0","0","0","0","POINT (-71.297793 1.014598)"
"05042","Antioquia","Santa Fé de Antioquia","2,025","238","270","0","7","3","403","99","10","0","0","0","0","0","0","0","0","4","0","113","0","0","515","POINT (-75.826648 6.556484)"
"05490","Antioquia","Necoclí","2,025","508","508","0","0","53","511","433","10","9","0","292","45","0","0","0","0","2","0","845","0","0","1,016","POINT (-76.784588 8.426139)"
"08638","Atlántico","Sabanalarga","2,025","429","399","0","0","159","476","185","7","0","1","11","1","0","0","0","0","4","0","4","0","0","828","POINT (-74.92153 10.632291)"
"13836","Bolívar","Turbaco","2,024","139","126","0","0","5","132","111","15","1","1","148","0","0","0","0","0","0","0","0","0","0","265","POINT (-75.424387 10.33276)"
"73024","Tolima","Alpujarra","2,024","98","99","0","0","5","99","78","15","0","0","0","0","0","0","0","0","0","0","0","0","0","197","POINT (-74.9329 3.391548)"
"15001","Boyacá","Tunja","2,024","269","284","0","2","7","310","91","85","57","5","0","1","0","0","0","0","1","0","0","0","0","555","POINT (-73.355543 5.539898)"
"08078","Atlántico","Baranoa","2,024","204","216","0","0","2","305","104","8","1","0","2","27","0","0","0","0","0","0","0","0","0","420","POINT (-74.916073 10.794447)"
"18460","Caquetá","Milán","2,023","47","49","0","0","0","1","2","89","1","3","0","87","0","0","0","0","0","0","0","0","0","96","POINT (-75.506926 1.29021)"
"23417","Córdoba","Lorica","2,023","17","19","0","0","0","0","0","29","6","1","4","7","0","0","0","0","0","0","0","0","0","36","POINT (-75.815984 9.240862)"
"68081","Santander","Barrancabermeja","2,023","181","151","0","0","0","139","143","44","6","0","3","0","0","0","0","0","3","0","0","0","0","332","POINT (-73.849313 7.064855)"
"05353","Antioquia","Hispania","2,023","2","2","0","0","0","0","0","4","0","0","0","0","0","0","0","0","0","0","0","0","0","4","POINT (-75.906587 5.799461)"
"05088","Antioquia","Bello","2,026","523","527","0","0","338","661","50","0","1","0","0","0","0","0","0","0","0","0","0","0","0","1,050","POINT (-75.555245 6.333587)"
"25596","Cundinamarca","Quipile","2,023","0","0","0","0","0","0","0","0","0","0","0","0","0","0","0","0","0","0","0","0","0","0","POINT (-74.533705 4.74481)"
"73352","Tolima","Icononzo","2,023","0","0","0","0","0","0","0","0","0","0","0","0","0","0","0","0","0","0","0","0","0","0","POINT (-74.531969 4.176487)"
"91536","Amazonas","Puerto Arica (Anm)","2,024","0","0","0","0","0","0","0","0","0","0","0","0","0","0","0","0","0","0","0","0","0","0","POINT (-71.752636 -2.148447)"
"25324","Cundinamarca","Guataquí","2,025","0","0","0","0","0","0","0","0","0","0","0","0","0","0","0","0","0","0","0","0","0","0","POINT (-74.790058 4.517517)"
"15646","Boyacá","Samacá","2,026","0","0","0","0","0","0","0","0","0","0","0","0","0","0","0","0","0","0","0","0","0","0","POINT (-73.485589 5.492161)"
"18094","Caquetá","Belén de los Andaquíes","2,026","0","0","0","0","0","0","0","0","0","0","0","0","0","0","0","0","0","0","0","0","0","0","POINT (-75.872405 1.415812)"
"54261","Norte de Santander","El Zulia","2,026","0","0","0","0","0","0","0","0","0","0","0","0","0","0","0","0","0","0","0","0","0","0","POINT (-72.604805 7.938529)"
"68572","Santander","Puente Nacional","2,026","0","0","0","0","0","0","0","0","0","0","0","0","0","0","0","0","0","0","0","0","0","0","POINT (-73.677554 5.87836)"
"68673","Santander","San Benito","2,026","0","0","0","0","0","0","0","0","0","0","0","0","0","0","0","0","0","0","0","0","0","0","POINT (-73.50907 6.126656)"
"76823","Valle del Cauca","Toro","2,026","0","0","0","0","0","0","0","0","0","0","0","0","0","0","0","0","0","0","0","0","0","0","POINT (-76.076859 4.608085)"
"15466","Boyacá","Monguí","2,025","172","158","0","8","0","164","166","8","0","0","0","0","0","0","0","0","0","0","316","0","0","338","POINT (-72.849292 5.723486)"
"08078","Atlántico","Baranoa","2,025","428","465","0","0","172","465","250","1","4","1","1","19","0","0","0","0","1","0","0","0","0","893","POINT (-74.916073 10.794447)"
"25307","Cundinamarca","Girardot","2,024","1","5","0","0","0","0","0","4","2","0","0","1","0","0","0","0","0","0","0","0","0","6","POINT (-74.797949 4.313103)"
"05490","Antioquia","Necoclí","2,024","190","203","0","0","10","166","166","30","21","0","192","174","0","0","0","0","0","0","0","0","0","393","POINT (-76.784588 8.426139)"
"52585","Nariño","Pupiales","2,024","168","206","0","0","15","320","12","13","14","0","0","18","0","0","0","0","0","0","0","0","0","374","POINT (-77.633504 0.86714)"
"13074","Bolívar","Barranco de Loba","2,024","508","490","0","0","0","221","732","36","9","0","3","0","0","0","0","0","0","0","0","0","0","998","POINT (-74.105236 8.947931)"
"25772","Cundinamarca","Suesca","2,024","1","3","0","0","0","0","0","3","0","1","0","0","0","0","0","0","0","0","0","0","0","4","POINT (-73.798227 5.103495)"
"50370","Meta","Uribe","2,023","20","7","0","0","0","2","3","11","11","0","0","0","0","0","0","0","0","0","0","0","0","27","POINT (-74.351508 3.239634)"
"70204","Sucre","Colosó","2,023","214","256","0","0","265","176","25","4","0","0","0","0","0","0","0","0","11","0","0","0","0","470","POINT (-75.353256 9.494192)"
"05284","Antioquia","Frontino","2,026","58","71","0","0","0","54","74","1","0","0","0","16","0","0","0","0","0","0","129","0","0","129","POINT (-76.130765 6.776066)"
"15172","Boyacá","Chinavita","2,023","3","0","0","0","0","0","0","0","3","0","0","0","0","0","0","0","0","0","0","0","0","3","POINT (-73.368476 5.167486)"
"25873","Cundinamarca","Villapinzón","2,024","1","2","0","0","0","0","0","0","3","0","0","0","0","0","0","0","0","0","0","0","0","3","POINT (-73.595704 5.216393)"
"17446","Caldas","Marulanda","2,023","0","0","0","0","0","0","0","0","0","0","0","0","0","0","0","0","0","0","0","0","0","0","POINT (-75.259721 5.284304)"
"15522","Boyacá","Panqueba","2,025","0","0","0","0","0","0","0","0","0","0","0","0","0","0","0","0","0","0","0","0","0","0","POINT (-72.459424 6.443416)"
"15293","Boyacá","Gachantivá","2,026","0","0","0","0","0","0","0","0","0","0","0","0","0","0","0","0","0","0","0","0","0","0","POINT (-73.549092 5.751891)"
"17433","Caldas","Manzanares","2,026","0","0","0","0","0","0","0","0","0","0","0","0","0","0","0","0","0","0","0","0","0","0","POINT (-75.152829 5.255699)"
"23090","Córdoba","Canalete","2,026","0","0","0","0","0","0","0","0","0","0","0","0","0","0","0","0","0","0","0","0","0","0","POINT (-76.241476 8.786939)"
"25426","Cundinamarca","Machetá","2,026","0","0","0","0","0","0","0","0","0","0","0","0","0","0","0","0","0","0","0","0","0","0","POINT (-73.607581 5.080295)"
"54418","Norte de Santander","Lourdes","2,026","0","0","0","0","0","0","0","0","0","0","0","0","0","0","0","0","0","0","0","0","0","0","POINT (-72.832489 7.944672)"
"15757","Boyacá","Socha","2,025","61","45","0","0","38","45","3","0","0","20","0","0","0","0","0","0","2","0","0","0","0","106","POINT (-72.691963 5.996717)"
"05837","Antioquia","Turbo","2,025","1,147","1,228","0","0","183","1,430","717","30","14","1","1,471","134","0","0","0","0","6","0","433","0","0","2,375","POINT (-76.725988 8.093955)"
"27660","Chocó","San José del Palmar","2,025","150","166","0","0","5","100","193","18","0","0","178","138","0","0","0","0","0","0","0","0","0","316","POINT (-76.232849 4.897593)"
"05893","Antioquia","Yondó","2,025","281","327","0","0","2","402","183","7","11","3","8","2","0","0","0","0","1","0","129","0","0","608","POINT (-73.912445 7.00396)"
"05664","Antioquia","San Pedro de los Milagros","2,025","11","1","0","0","0","0","0","1","10","1","10","0","0","0","0","0","0","0","0","0","0","12","POINT (-75.556743 6.46012)"
"23672","Córdoba","San Antero","2,025","632","622","0","0","82","571","574","24","3","0","560","0","0","0","0","0","1","0","87","0","0","1,254","POINT (-75.76112 9.376434)"
"25386","Cundinamarca","La Mesa","2,025","348","358","0","0","14","361","312","13","2","4","0","0","0","0","0","0","6","0","275","0","0","706","POINT (-74.461588 4.631028)"
"66572","Risaralda","Pueblo Rico","2,024","239","257","0","1","4","208","267","14","3","1","224","22","0","0","0","0","17","0","0","0","0","497","POINT (-76.030805 5.222022)"
"19392","Cauca","La Sierra","2,024","109","135","0","2","1","43","191","10","1","0","102","12","0","0","0","0","3","0","0","0","0","246","POINT (-76.763278 2.179383)"
"05543","Antioquia","Peque","2,023","5","7","0","0","0","0","0","12","0","0","0","0","0","0","0","0","0","0","0","0","0","12","POINT (-75.910347 7.02102)"
"76113","Valle del Cauca","Bugalagrande","2,023","3","1","0","0","0","0","0","0","3","1","0","0","0","0","0","0","0","0","0","0","0","4","POINT (-76.15682 4.208358)"
"76869","Valle del Cauca","Vijes","2,023","2","2","0","0","0","0","0","0","2","2","0","0","0","0","0","0","0","0","0","0","0","4","POINT (-76.441804 3.698686)"
"05134","Antioquia","Campamento","2,023","0","2","0","0","0","0","0","2","0","0","0","0","0","0","0","0","0","0","0","0","0","2","POINT (-75.298091 6.979771)"
"25288","Cundinamarca","Fúquene","2,023","1","0","0","0","0","0","0","0","1","0","0","0","0","0","0","0","0","0","0","0","0","1","POINT (-73.795855 5.403997)"
"70717","Sucre","San Pedro","2,024","1","0","0","0","0","0","0","0","1","0","0","1","0","0","0","0","0","0","0","0","0","1","POINT (-75.063652 9.396284)"
"17665","Caldas","San José","2,023","0","0","0","0","0","0","0","0","0","0","0","0","0","0","0","0","0","0","0","0","0","0","POINT (-75.792004 5.081569)"
"25867","Cundinamarca","Vianí","2,024","0","0","0","0","0","0","0","0","0","0","0","0","0","0","0","0","0","0","0","0","0","0","POINT (-74.56132 4.875208)"
"13490","Bolívar","Norosí","2,026","0","0","0","0","0","0","0","0","0","0","0","0","0","0","0","0","0","0","0","0","0","0","POINT (-74.038043 8.526298)"
"17495","Caldas","Norcasia","2,026","0","0","0","0","0","0","0","0","0","0","0","0","0","0","0","0","0","0","0","0","0","0","POINT (-74.889546 5.574796)"
"47288","Magdalena","Fundación","2,026","0","0","0","0","0","0","0","0","0","0","0","0","0","0","0","0","0","0","0","0","0","0","POINT (-74.191453 10.514146)"
"52317","Nariño","Guachucal","2,026","0","0","0","0","0","0","0","0","0","0","0","0","0","0","0","0","0","0","0","0","0","0","POINT (-77.731589 0.959744)"
"68264","Santander","Encino","2,026","0","0","0","0","0","0","0","0","0","0","0","0","0","0","0","0","0","0","0","0","0","0","POINT (-73.098749 6.137429)"
"73283","Tolima","Fresno","2,026","0","0","0","0","0","0","0","0","0","0","0","0","0","0","0","0","0","0","0","0","0","0","POINT (-75.035722 5.153576)"
"47707","Magdalena","Santa Ana","2,025","478","456","0","0","43","588","297","2","4","0","0","0","0","0","0","0","0","0","259","0","0","934","POINT (-74.567658 9.321759)"
"05467","Antioquia","Montebello","2,024","2","5","0","0","0","0","0","5","1","1","0","0","0","0","0","0","0","0","0","0","0","7","POINT (-75.523455 5.946313)"
"76041","Valle del Cauca","Ansermanuevo","2,023","3","3","0","0","0","0","0","4","1","1","0","0","0","0","0","0","1","0","0","0","0","6","POINT (-75.992003 4.794984)"
"15820","Boyacá","Tópaga","2,026","1","0","0","0","0","0","0","0","1","0","0","0","0","0","0","0","0","0","0","0","0","1","POINT (-72.832245 5.768201)"
"25095","Cundinamarca","Bituima","2,024","0","0","0","0","0","0","0","0","0","0","0","0","0","0","0","0","0","0","0","0","0","0","POINT (-74.539609 4.872171)"
"25867","Cundinamarca","Vianí","2,025","0","0","0","0","0","0","0","0","0","0","0","0","0","0","0","0","0","0","0","0","0","0","POINT (-74.56132 4.875208)"
"47707","Magdalena","Santa Ana","2,026","0","0","0","0","0","0","0","0","0","0","0","0","0","0","0","0","0","0","0","0","0","0","POINT (-74.567658 9.321759)"
"94887","Guainía","Pana Pana (Anm)","2,026","0","0","0","0","0","0","0","0","0","0","0","0","0","0","0","0","0","0","0","0","0","0","POINT (-69.0099 1.865668)"
"41013","Huila","Agrado","2,025","7","8","0","0","0","0","1","5","3","6","0","0","0","0","0","0","0","0","0","0","0","15","POINT (-75.772022 2.25987)"
"52317","Nariño","Guachucal","2,025","10","2","0","0","0","0","0","4","8","0","0","12","0","0","0","0","0","0","0","0","0","12","POINT (-77.731589 0.959744)"
"05585","Antioquia","Puerto Nare","2,025","167","159","0","0","5","255","65","1","0","0","0","0","0","0","0","0","1","0","58","0","0","326","POINT (-74.583012 6.186025)"
"13673","Bolívar","Santa Catalina","2,024","90","112","0","0","0","69","130","2","1","0","202","0","0","0","0","0","0","0","0","0","0","202","POINT (-75.287786 10.605178)"
"94343","Guainía","Barrancominas","2,024","2","3","0","0","0","0","0","0","5","0","0","2","0","0","0","0","0","0","0","0","0","5","POINT (-69.814066 3.494178)"
"15407","Boyacá","Villa de Leyva","2,023","38","58","0","0","88","0","1","3","3","1","0","0","0","0","0","0","0","0","0","0","0","96","POINT (-73.524948 5.632455)"
"13042","Bolívar","Arenal","2,026","125","114","0","0","0","125","114","0","0","0","0","0","0","0","0","0","0","0","239","0","0","239","POINT (-73.941099 8.458865)"
"19517","Cauca","Páez","2,026","46","56","0","0","1","100","1","0","0","0","0","102","0","0","0","0","0","0","0","0","0","102","POINT (-75.971965 2.641367)"
"85225","Casanare","Nunchía","2,026","10","15","0","0","1","21","3","0","0","0","0","0","0","0","0","0","0","0","25","0","0","25","POINT (-72.195319 5.636469)"
"15276","Boyacá","Floresta","2,024","0","0","0","0","0","0","0","0","0","0","0","0","0","0","0","0","0","0","0","0","0","0","POINT (-72.918111 5.859519)"
"76054","Valle del Cauca","Argelia","2,024","0","0","0","0","0","0","0","0","0","0","0","0","0","0","0","0","0","0","0","0","0","0","POINT (-76.119905 4.726945)"
"05647","Antioquia","San Andrés de Cuerquía","2,025","0","0","0","0","0","0","0","0","0","0","0","0","0","0","0","0","0","0","0","0","0","0","POINT (-75.676008 6.912558)"
"15600","Boyacá","Ráquira","2,025","0","0","0","0","0","0","0","0","0","0","0","0","0","0","0","0","0","0","0","0","0","0","POINT (-73.632543 5.539136)"
"08141","Atlántico","Candelaria","2,026","0","0","0","0","0","0","0","0","0","0","0","0","0","0","0","0","0","0","0","0","0","0","POINT (-74.879717 10.461903)"
"27425","Chocó","Medio Atrato","2,025","66","59","0","0","0","23","54","47","1","0","12","113","0","0","0","0","0","0","0","0","0","125","POINT (-76.783042 5.994935)"
"66572","Risaralda","Pueblo Rico","2,025","404","486","0","0","62","443","354","28","2","1","166","136","0","0","0","0","7","0","324","0","0","890","POINT (-76.030805 5.222022)"
"19392","Cauca","La Sierra","2,025","100","121","0","0","2","89","126","2","2","0","103","3","0","0","0","0","1","0","115","0","0","221","POINT (-76.763278 2.179383)"
"52490","Nariño","Olaya Herrera","2,025","148","171","0","0","3","125","159","28","4","0","315","4","0","0","0","0","0","0","193","0","0","319","POINT (-78.325814 2.347457)"
"52356","Nariño","Ipiales","2,024","365","471","0","0","4","707","70","28","26","1","0","17","0","0","0","0","0","0","0","0","0","836","POINT (-77.646367 0.827732)"
"25386","Cundinamarca","La Mesa","2,024","4","4","0","0","0","0","0","1","6","1","0","0","0","0","0","0","0","0","0","0","0","8","POINT (-74.461588 4.631028)"
"05120","Antioquia","Cáceres","2,024","124","112","0","0","1","96","132","3","4","0","6","1","1","0","0","0","1","0","0","0","0","236","POINT (-75.35205 7.578366)"
"05686","Antioquia","Santa Rosa de Osos","2,024","180","211","0","0","0","284","104","3","0","0","0","0","0","0","0","0","7","0","0","0","0","391","POINT (-75.460723 6.643366)"
"50350","Meta","La Macarena","2,024","120","109","0","0","10","106","109","1","3","0","0","0","0","0","0","0","0","0","0","0","0","229","POINT (-73.78661 2.177143)"
"05585","Antioquia","Puerto Nare","2,024","117","99","0","0","0","181","31","2","1","1","0","0","0","0","0","0","0","0","0","0","0","216","POINT (-74.583012 6.186025)"
"52019","Nariño","Albán","2,024","133","129","0","0","0","182","79","1","0","0","0","2","0","0","0","0","1","0","0","0","0","262","POINT (-77.080712 1.474978)"
"13212","Bolívar","Córdoba","2,023","6","7","0","0","0","1","1","8","1","2","1","1","0","0","0","0","0","0","0","0","0","13","POINT (-74.827391 9.586926)"
"20443","Cesar","Manaure Balcón del Cesar","2,023","16","7","0","0","0","2","1","5","11","4","2","1","0","0","0","0","0","0","0","0","0","23","POINT (-73.02832 10.390899)"
"27075","Chocó","Bahía Solano","2,023","2","1","0","0","0","0","0","2","1","0","2","0","0","0","0","0","0","0","0","0","0","3","POINT (-77.401633 6.22127)"
"52258","Nariño","El Tablón de Gómez","2,023","1","2","0","0","0","0","0","3","0","0","0","0","0","0","0","0","1","0","0","0","0","3","POINT (-77.097101 1.427277)"
"25053","Cundinamarca","Arbeláez","2,023","2","0","0","0","0","0","0","0","2","0","0","0","0","0","0","0","0","0","0","0","0","2","POINT (-74.414901 4.272534)"
"15764","Boyacá","Soracá","2,026","0","0","0","0","0","0","0","0","0","0","0","0","0","0","0","0","0","0","0","0","0","0","POINT (-73.332804 5.500898)"
"81001","Arauca","Arauca","2,025","985","950","0","0","25","947","921","25","16","1","90","7","0","0","0","0","8","0","233","0","0","1,935","POINT (-70.74635 7.077359)"
"25200","Cundinamarca","Cogua","2,025","230","233","0","0","11","252","194","6","0","0","0","0","0","0","0","0","9","0","2","0","0","463","POINT (-73.978497 5.061842)"
"17616","Caldas","Risaralda","2,025","7","2","0","0","0","0","1","5","3","0","0","0","0","0","0","0","0","0","0","0","0","9","POINT (-75.76722 5.164509)"
"52520","Nariño","Francisco Pizarro","2,023","5","12","0","0","1","0","3","7","5","1","8","0","0","0","0","0","0","0","0","0","0","17","POINT (-78.658361 2.040629)"
"52621","Nariño","Roberto Payán","2,023","37","16","0","0","0","1","1","47","3","1","50","0","0","0","0","0","0","0","0","0","0","53","POINT (-78.245716 1.697492)"
"13052","Bolívar","Arjona","2,026","257","226","0","0","0","201","274","6","2","0","358","0","0","0","0","0","0","0","121","0","0","483","POINT (-75.344501 10.256633)"
"41530","Huila","Palestina","2,026","211","198","0","0","12","161","233","3","0","0","0","0","0","0","0","0","0","0","409","0","0","409","POINT (-76.133291 1.723723)"
"76895","Valle del Cauca","Zarzal","2,026","2","0","0","0","0","0","0","1","1","0","0","0","0","0","0","0","0","0","0","0","0","2","POINT (-76.070795 4.392658)"
"52254","Nariño","El Peñol","2,024","2","0","0","0","0","0","0","2","0","0","1","0","0","0","0","0","0","0","0","0","0","2","POINT (-77.437859 1.452893)"
"05206","Antioquia","Concepción","2,026","0","0","0","1","0","0","0","1","0","0","0","0","0","0","0","0","0","0","0","0","0","1","POINT (-75.257587 6.394348)"
"15810","Boyacá","Tipacoque","2,023","0","0","0","0","0","0","0","0","0","0","0","0","0","0","0","0","0","0","0","0","0","0","POINT (-72.693173 6.418586)"
"68673","Santander","San Benito","2,025","0","0","0","0","0","0","0","0","0","0","0","0","0","0","0","0","0","0","0","0","0","0","POINT (-73.50907 6.126656)"
"68549","Santander","Pinchote","2,026","0","0","0","0","0","0","0","0","0","0","0","0","0","0","0","0","0","0","0","0","0","0","POINT (-73.174699 6.531745)"
"86573","Putumayo","Puerto Leguízamo","2,025","243","250","0","0","0","222","264","1","6","0","7","36","0","0","0","0","1","0","276","0","0","493","POINT (-74.782473 -0.190921)"
"70230","Sucre","Chalán","2,025","76","91","0","0","0","82","82","1","2","0","10","4","0","0","0","0","5","0","0","0","0","167","POINT (-75.312697 9.545352)"
"05670","Antioquia","San Roque","2,024","242","215","0","0","2","183","260","8","4","0","0","0","0","0","0","0","0","0","0","0","0","457","POINT (-75.019109 6.485939)"
"19022","Cauca","Almaguer","2,024","109","111","0","0","5","112","83","18","2","0","0","2","0","0","0","0","0","0","0","0","0","220","POINT (-76.85607 1.913429)"
"20383","Cesar","La Gloria","2,024","158","125","0","0","0","90","173","5","8","7","5","0","0","0","0","0","0","0","0","0","0","283","POINT (-73.80321 8.619298)"
"81001","Arauca","Arauca","2,024","332","334","0","0","1","398","257","8","2","0","15","0","0","0","0","0","2","0","0","0","0","666","POINT (-70.74635 7.077359)"
"73148","Tolima","Carmen de Apicalá","2,024","0","10","0","0","0","0","0","0","10","0","0","0","0","0","0","0","0","0","0","0","0","10","POINT (-74.716169 4.147912)"
"17272","Caldas","Filadelfia","2,023","2","2","0","0","0","0","0","2","2","0","0","0","0","0","0","0","0","0","0","0","0","4","POINT (-75.562474 5.297091)"
"41801","Huila","Teruel","2,023","4","0","0","0","0","0","0","0","4","0","0","0","0","0","0","0","0","0","0","0","0","4","POINT (-75.567034 2.740968)"
"54398","Norte de Santander","La Playa","2,023","3","1","0","0","0","0","0","4","0","0","0","0","0","0","0","0","0","0","0","0","0","4","POINT (-73.238417 8.212854)"
"17001","Caldas","Manizales","2,026","1","0","0","9","0","0","0","9","1","0","0","0","0","0","0","0","0","0","0","0","0","10","POINT (-75.491018 5.057655)"
"27006","Chocó","Acandí","2,026","72","82","0","0","7","87","60","0","0","0","153","0","0","0","0","0","0","0","154","0","0","154","POINT (-77.279951 8.512178)"
"25402","Cundinamarca","La Vega","2,024","0","3","0","0","0","0","0","3","0","0","0","0","0","0","0","0","0","0","0","0","0","3","POINT (-74.331138 4.993077)"
"05873","Antioquia","Vigía del Fuerte","2,023","2","1","0","0","0","0","0","2","1","0","2","0","0","0","0","0","0","0","0","0","0","3","POINT (-76.896004 6.588164)"
"52418","Nariño","Los Andes","2,024","1","1","0","1","0","0","0","3","0","0","0","0","0","0","0","1","0","0","0","0","0","3","POINT (-77.521303 1.494587)"
"76054","Valle del Cauca","Argelia","2,025","3","0","0","0","0","0","0","0","3","0","0","0","0","0","0","0","0","0","0","0","0","3","POINT (-76.119905 4.726945)"
"68705","Santander","Santa Bárbara","2,024","2","0","0","0","0","0","0","0","2","0","0","0","0","0","0","0","0","0","0","0","0","2","POINT (-72.907445 6.990996)"
"05310","Antioquia","Gómez Plata","2,024","1","1","0","0","0","0","0","2","0","0","0","0","0","0","0","0","0","0","0","0","0","2","POINT (-75.220018 6.683269)"
"25154","Cundinamarca","Carmen de Carupa","2,023","2","0","0","0","0","0","0","0","2","0","0","0","0","0","0","0","0","0","0","0","0","2","POINT (-73.901357 5.349119)"
"68820","Santander","Tona","2,023","1","0","1","0","0","0","0","2","0","0","0","0","0","0","0","0","0","0","0","0","0","2","POINT (-72.966018 7.202725)"
"25524","Cundinamarca","Pandi","2,023","0","1","0","0","0","0","0","1","0","0","0","0","0","0","0","0","0","0","0","0","0","1","POINT (-74.486641 4.190393)"
"66088","Risaralda","Belén de Umbría","2,023","0","1","0","0","0","0","0","0","1","0","0","0","0","0","0","0","0","0","0","0","0","1","POINT (-75.868334 5.200793)"
"05628","Antioquia","Sabanalarga","2,023","1","0","0","0","0","0","0","0","1","0","0","0","0","0","0","0","0","0","0","0","0","1","POINT (-75.816645 6.850028)"
"25805","Cundinamarca","Tibacuy","2,025","1","0","0","0","0","0","0","1","0","0","0","0","0","0","0","0","0","0","0","0","0","1","POINT (-74.452344 4.348315)"
"86760","Putumayo","Santiago","2,026","1","0","0","0","0","0","0","0","1","0","0","1","0","0","0","0","0","0","1","0","0","1","POINT (-77.002641 1.147076)"
"25612","Cundinamarca","Ricaurte","2,023","0","0","0","0","0","0","0","0","0","0","0","0","0","0","0","0","0","0","0","0","0","0","POINT (-74.784543 4.29395)"
"05002","Antioquia","Abejorral","2,024","0","0","0","0","0","0","0","0","0","0","0","0","0","0","0","0","0","0","0","0","0","0","POINT (-75.428739 5.789315)"
"18205","Caquetá","Curillo","2,026","0","0","0","0","0","0","0","0","0","0","0","0","0","0","0","0","0","0","0","0","0","0","POINT (-75.919205 1.033473)"
"25851","Cundinamarca","Útica","2,026","0","0","0","0","0","0","0","0","0","0","0","0","0","0","0","0","0","0","0","0","0","0","POINT (-74.483154 5.19055)"
"54172","Norte de Santander","Chinácota","2,026","0","0","0","0","0","0","0","0","0","0","0","0","0","0","0","0","0","0","0","0","0","0","POINT (-72.6047 7.60108)"
"68264","Santander","Encino","2,025","56","62","0","0","14","82","20","0","2","0","0","0","0","0","0","0","0","0","89","0","0","118","POINT (-73.098749 6.137429)"
"15293","Boyacá","Gachantivá","2,025","48","44","0","0","0","51","39","0","2","0","0","0","0","0","0","0","1","0","91","0","0","92","POINT (-73.549092 5.751891)"
"52019","Nariño","Albán","2,025","205","187","0","0","0","236","153","3","0","0","2","0","0","0","0","0","1","0","130","0","0","392","POINT (-77.080712 1.474978)"
"68051","Santander","Aratoca","2,024","266","294","0","0","5","363","182","7","3","0","0","0","0","0","0","0","5","0","0","0","0","560","POINT (-73.01786 6.694418)"
"15244","Boyacá","El Cocuy","2,023","12","3","0","0","0","0","0","15","0","0","0","0","0","0","0","0","0","0","0","0","0","15","POINT (-72.444537 6.407738)"
"05376","Antioquia","La Ceja","2,023","17","7","0","0","0","1","0","10","11","2","0","0","1","0","0","0","0","0","0","0","0","24","POINT (-75.429433 6.028062)"
"05615","Antioquia","Rionegro","2,026","193","160","0","0","26","287","40","0","0","0","0","0","0","0","0","0","6","0","0","0","0","353","POINT (-75.376859 6.147425)"
"25095","Cundinamarca","Bituima","2,025","0","1","0","0","0","0","0","0","1","0","0","0","0","0","0","0","0","0","0","0","0","1","POINT (-74.539609 4.872171)"
"68418","Santander","Los Santos","2,023","0","0","0","0","0","0","0","0","0","0","0","0","0","0","0","0","0","0","0","0","0","0","POINT (-73.102746 6.755208)"
"15090","Boyacá","Berbeo","2,025","0","0","0","0","0","0","0","0","0","0","0","0","0","0","0","0","0","0","0","0","0","0","POINT (-73.12721 5.227451)"
"05664","Antioquia","San Pedro de los Milagros","2,026","0","0","0","0","0","0","0","0","0","0","0","0","0","0","0","0","0","0","0","0","0","0","POINT (-75.556743 6.46012)"
"17662","Caldas","Samaná","2,026","0","0","0","0","0","0","0","0","0","0","0","0","0","0","0","0","0","0","0","0","0","0","POINT (-74.992263 5.41308)"
"23672","Córdoba","San Antero","2,026","0","0","0","0","0","0","0","0","0","0","0","0","0","0","0","0","0","0","0","0","0","0","POINT (-75.76112 9.376434)"
"25599","Cundinamarca","Apulo","2,026","0","0","0","0","0","0","0","0","0","0","0","0","0","0","0","0","0","0","0","0","0","0","POINT (-74.593926 4.520304)"
"73411","Tolima","Líbano","2,026","0","0","0","0","0","0","0","0","0","0","0","0","0","0","0","0","0","0","0","0","0","0","POINT (-75.063421 4.923442)"
"95015","Guaviare","Calamar","2,026","0","0","0","0","0","0","0","0","0","0","0","0","0","0","0","0","0","0","0","0","0","0","POINT (-72.655197 1.960982)"
"73270","Tolima","Falan","2,025","104","95","0","0","0","38","120","9","12","20","0","0","0","0","0","0","0","0","4","0","0","199","POINT (-74.953007 5.123104)"
"13673","Bolívar","Santa Catalina","2,025","138","147","0","0","0","131","153","1","0","0","285","0","0","0","0","0","0","0","0","0","0","285","POINT (-75.287786 10.605178)"
"05411","Antioquia","Liborina","2,024","3","2","0","0","0","0","0","4","1","0","0","0","0","0","0","0","0","0","0","0","0","5","POINT (-75.812838 6.677316)"
"15401","Boyacá","La Victoria","2,023","3","2","0","0","0","2","0","0","2","1","0","0","0","0","0","0","0","0","0","0","0","5","POINT (-74.234393 5.523792)"
"52320","Nariño","Guaitarilla","2,023","6","3","0","0","0","0","0","4","5","0","0","2","0","0","0","0","0","0","0","0","0","9","POINT (-77.549818 1.129567)"
"50606","Meta","Restrepo","2,023","6","4","0","0","0","0","0","8","2","0","0","0","0","0","0","0","0","0","0","0","0","10","POINT (-73.56497 4.260447)"
"13222","Bolívar","Clemencia","2,023","6","13","0","0","0","0","0","16","3","0","2","0","0","0","0","0","0","0","0","0","0","19","POINT (-75.328517 10.567541)"
"20750","Cesar","San Diego","2,023","11","11","0","0","0","1","1","11","8","1","3","1","0","0","0","0","0","0","0","0","0","22","POINT (-73.181208 10.333039)"
"91540","Amazonas","Puerto Nariño","2,023","115","60","0","0","2","28","45","10","60","30","0","161","0","0","0","0","0","0","0","0","0","175","POINT (-70.365072 -3.78111)"
"23675","Córdoba","San Bernardo del Viento","2,023","2","2","0","0","0","0","0","0","3","1","0","3","0","0","0","0","0","0","0","0","0","4","POINT (-75.955053 9.352481)"
"68296","Santander","Galán","2,024","1","0","0","0","0","0","0","1","0","0","0","0","0","0","0","0","0","0","0","0","0","1","POINT (-73.287765 6.638415)"
"15185","Boyacá","Chitaraque","2,025","0","0","0","0","0","0","0","0","0","0","0","0","0","0","0","0","0","0","0","0","0","0","POINT (-73.4471 6.027425)"
"23168","Córdoba","Chimá","2,026","0","0","0","0","0","0","0","0","0","0","0","0","0","0","0","0","0","0","0","0","0","0","POINT (-75.626886 9.149698)"
"25040","Cundinamarca","Anolaima","2,026","0","0","0","0","0","0","0","0","0","0","0","0","0","0","0","0","0","0","0","0","0","0","POINT (-74.46384 4.7617)"
"47053","Magdalena","Aracataca","2,026","0","0","0","0","0","0","0","0","0","0","0","0","0","0","0","0","0","0","0","0","0","0","POINT (-74.186702 10.589791)"
"50223","Meta","Cubarral","2,026","0","0","0","0","0","0","0","0","0","0","0","0","0","0","0","0","0","0","0","0","0","0","POINT (-73.838724 3.793614)"
"66170","Risaralda","Dosquebradas","2,026","0","0","0","0","0","0","0","0","0","0","0","0","0","0","0","0","0","0","0","0","0","0","POINT (-75.682469 4.8272)"
"19824","Cauca","Totoró","2,025","261","277","0","0","11","315","194","8","9","1","0","490","0","0","0","0","3","0","240","0","0","538","POINT (-76.402443 2.510229)"
"52356","Nariño","Ipiales","2,025","223","228","0","0","3","393","40","1","14","0","0","106","0","0","0","0","4","0","1","0","0","451","POINT (-77.646367 0.827732)"
"52585","Nariño","Pupiales","2,025","158","150","0","0","16","126","148","3","14","1","0","9","0","0","0","0","11","0","35","0","0","308","POINT (-77.633504 0.86714)"
"50226","Meta","Cumaral","2,025","370","452","0","0","19","406","383","7","5","2","7","0","0","0","0","0","5","0","196","0","0","822","POINT (-73.486557 4.269535)"
"52405","Nariño","Leiva","2,025","74","64","0","0","9","122","7","0","0","0","0","0","0","0","0","0","5","0","137","0","0","138","POINT (-77.306135 1.934453)"
"50318","Meta","Guamal","2,025","6","2","0","0","0","0","0","0","8","0","0","0","0","0","0","0","0","0","0","0","0","8","POINT (-73.768324 3.880572)"
"20770","Cesar","San Martín","2,025","51","47","0","0","3","86","8","0","1","0","0","0","0","0","0","0","0","0","97","0","0","98","POINT (-73.510914 7.999855)"
"41615","Huila","Rivera","2,023","6","4","0","0","0","0","0","6","3","1","0","0","0","0","0","0","0","0","0","0","0","10","POINT (-75.258643 2.777638)"
"05212","Antioquia","Copacabana","2,023","1","1","0","0","0","0","0","2","0","0","0","0","0","0","0","0","0","0","0","0","0","2","POINT (-75.509309 6.348654)"
"17524","Caldas","Palestina","2,023","0","1","0","0","0","0","0","0","0","1","0","0","0","0","0","0","0","0","0","0","0","1","POINT (-75.62163 5.020634)"
"41349","Huila","Hobo","2,024","0","0","0","0","0","0","0","0","0","0","0","0","0","0","0","0","0","0","0","0","0","0","POINT (-75.451151 2.582868)"
"19533","Cauca","Piamonte","2,026","0","0","0","0","0","0","0","0","0","0","0","0","0","0","0","0","0","0","0","0","0","0","POINT (-76.327892 1.119414)"
"19785","Cauca","Sucre","2,026","0","0","0","0","0","0","0","0","0","0","0","0","0","0","0","0","0","0","0","0","0","0","POINT (-76.926279 2.038237)"
"20250","Cesar","El Paso","2,026","0","0","0","0","0","0","0","0","0","0","0","0","0","0","0","0","0","0","0","0","0","0","POINT (-73.741788 9.66847)"
"25779","Cundinamarca","Susa","2,026","0","0","0","0","0","0","0","0","0","0","0","0","0","0","0","0","0","0","0","0","0","0","POINT (-73.813938 5.455291)"
"13657","Bolívar","San Juan Nepomuceno","2,025","502","506","0","0","22","395","551","6","18","16","150","17","0","0","0","0","3","0","242","0","0","1,008","POINT (-75.081402 9.95338)"
"25151","Cundinamarca","Cáqueza","2,025","139","154","0","0","10","148","113","0","22","0","2","0","0","0","0","0","9","0","209","0","0","293","POINT (-73.946473 4.404112)"
"68689","Santander","San Vicente de Chucurí","2,025","433","462","0","0","49","565","276","2","3","0","0","0","0","0","0","0","17","0","474","0","0","895","POINT (-73.411024 6.880383)"
"68051","Santander","Aratoca","2,025","293","319","0","0","51","393","165","2","1","0","0","0","0","0","0","0","8","0","334","0","0","612","POINT (-73.01786 6.694418)"
"68179","Santander","Chipatá","2,025","163","177","0","1","12","140","184","5","0","0","0","0","0","0","0","0","0","0","309","0","0","341","POINT (-73.637111 6.062521)"
"15600","Boyacá","Ráquira","2,024","2","3","0","0","0","0","0","4","1","0","0","1","0","0","0","0","0","0","0","0","0","5","POINT (-73.632543 5.539136)"
"27660","Chocó","San José del Palmar","2,024","152","172","0","0","5","98","197","22","2","0","179","145","0","0","0","0","0","0","0","0","0","324","POINT (-76.232849 4.897593)"
"47258","Magdalena","El Piñón","2,024","206","189","0","0","0","38","338","19","0","0","198","0","0","0","0","0","0","0","0","0","0","395","POINT (-74.823263 10.403071)"
"17380","Caldas","La Dorada","2,023","4","3","0","0","0","2","0","2","2","1","0","0","0","0","0","0","0","0","0","0","0","7","POINT (-74.658488 5.444501)"
"68575","Santander","Puerto Wilches","2,023","6","5","0","0","0","0","0","8","3","0","0","0","0","0","0","0","0","0","0","0","0","11","POINT (-73.899068 7.349039)"
"25769","Cundinamarca","Subachoque","2,023","12","3","0","0","0","0","2","6","7","0","0","0","0","0","0","0","0","0","0","0","0","15","POINT (-74.172773 4.929118)"
"23855","Córdoba","Valencia","2,023","7","10","0","0","0","7","2","1","7","0","0","1","0","0","0","0","2","0","0","0","0","17","POINT (-76.150756 8.255016)"
"19137","Cauca","Caldono","2,023","112","126","0","0","1","99","102","19","15","2","0","221","0","0","0","0","1","0","0","0","0","238","POINT (-76.484789 2.798819)"
"05042","Antioquia","Santa Fé de Antioquia","2,026","179","194","0","1","6","278","88","2","0","0","2","0","0","0","0","0","7","0","29","0","0","374","POINT (-75.826648 6.556484)"
"13248","Bolívar","El Guamo","2,025","0","3","0","0","0","0","0","0","1","2","0","0","0","0","0","0","0","0","0","0","0","3","POINT (-74.976102 10.030874)"
"68682","Santander","San Joaquín","2,024","2","0","0","0","0","0","0","0","2","0","0","0","0","0","0","0","0","0","0","0","0","2","POINT (-72.867638 6.427548)"
"15322","Boyacá","Guateque","2,023","2","0","0","0","0","0","0","0","2","0","0","0","0","0","0","0","0","0","0","0","0","2","POINT (-73.471207 5.007321)"
"13650","Bolívar","San Fernando","2,024","1","0","0","0","0","0","0","0","1","0","0","0","0","0","0","0","0","0","0","0","0","1","POINT (-74.323867 9.214179)"
"25841","Cundinamarca","Ubaque","2,023","0","0","0","0","0","0","0","0","0","0","0","0","0","0","0","0","0","0","0","0","0","0","POINT (-73.933477 4.483788)"
"15332","Boyacá","Güicán de la Sierra","2,026","0","0","0","0","0","0","0","0","0","0","0","0","0","0","0","0","0","0","0","0","0","0","POINT (-72.411763 6.462864)"
"20178","Cesar","Chiriguaná","2,026","0","0","0","0","0","0","0","0","0","0","0","0","0","0","0","0","0","0","0","0","0","0","POINT (-73.599913 9.361058)"
"54480","Norte de Santander","Mutiscua","2,026","0","0","0","0","0","0","0","0","0","0","0","0","0","0","0","0","0","0","0","0","0","0","POINT (-72.747169 7.300469)"
"66075","Risaralda","Balboa","2,026","0","0","0","0","0","0","0","0","0","0","0","0","0","0","0","0","0","0","0","0","0","0","POINT (-75.960134 4.945848)"
"05670","Antioquia","San Roque","2,025","273","226","0","0","11","202","261","7","2","16","48","0","0","0","0","0","5","0","233","0","0","499","POINT (-75.019109 6.485939)"
"97161","Vaupés","Carurú","2,025","48","52","0","0","0","0","91","9","0","0","0","100","0","0","0","0","0","0","0","0","0","100","POINT (-71.297793 1.014598)"
"73443","Tolima","San Sebastián de Mariquita","2,025","581","614","0","3","17","739","399","27","15","1","0","1","0","0","0","0","6","0","228","0","0","1,198","POINT (-74.889276 5.199708)"
"68152","Santander","Carcasí","2,024","12","10","0","1","0","8","9","4","2","0","0","0","0","0","0","0","0","0","0","0","0","23","POINT (-72.627099 6.629016)"
"70230","Sucre","Chalán","2,024","3","2","0","0","0","0","0","1","4","0","2","0","0","0","0","0","0","0","0","0","0","5","POINT (-75.312697 9.545352)"
"13873","Bolívar","Villanueva","2,023","5","1","0","0","0","0","0","4","2","0","2","0","0","0","0","0","0","0","0","0","0","6","POINT (-75.271108 10.445091)"
"05147","Antioquia","Carepa","2,023","7","11","1","0","0","3","0","7","9","0","3","0","0","0","0","0","0","0","0","0","0","19","POINT (-76.652822 7.755199)"
"41078","Huila","Baraya","2,023","2","0","0","0","0","0","0","0","2","0","0","0","0","0","0","0","0","0","0","0","0","2","POINT (-75.055253 3.152983)"
"15299","Boyacá","Garagoa","2,024","1","0","0","0","0","0","0","0","1","0","0","0","0","0","0","0","0","0","0","0","0","1","POINT (-73.364413 5.083234)"
"05055","Antioquia","Argelia","2,023","0","0","0","0","0","0","0","0","0","0","0","0","0","0","0","0","0","0","0","0","0","0","POINT (-75.141741 5.730672)"
"41206","Huila","Colombia","2,023","0","0","0","0","0","0","0","0","0","0","0","0","0","0","0","0","0","0","0","0","0","0","POINT (-74.802815 3.376745)"
"13650","Bolívar","San Fernando","2,025","0","0","0","0","0","0","0","0","0","0","0","0","0","0","0","0","0","0","0","0","0","0","POINT (-74.323867 9.214179)"
"05150","Antioquia","Carolina","2,026","0","0","0","0","0","0","0","0","0","0","0","0","0","0","0","0","0","0","0","0","0","0","POINT (-75.283192 6.725995)"
"66383","Risaralda","La Celia","2,026","0","0","0","0","0","0","0","0","0","0","0","0","0","0","0","0","0","0","0","0","0","0","POINT (-76.0032 5.002787)"
"76100","Valle del Cauca","Bolívar","2,026","0","0","0","0","0","0","0","0","0","0","0","0","0","0","0","0","0","0","0","0","0","0","POINT (-76.183583 4.337846)"
"20060","Cesar","Bosconia","2,025","787","824","0","0","7","833","764","4","3","0","25","12","0","0","0","0","10","0","7","0","0","1,611","POINT (-73.888761 9.975098)"
"27245","Chocó","El Carmen de Atrato","2,025","571","580","0","0","76","394","444","231","4","2","84","1,061","0","0","0","0","0","0","1,010","0","0","1,151","POINT (-76.142112 5.899789)"
"05088","Antioquia","Bello","2,025","651","641","0","1","254","803","201","12","22","1","19","1","0","0","0","0","6","0","1","0","0","1,293","POINT (-75.555245 6.333587)"
"19824","Cauca","Totoró","2,024","90","86","0","0","8","128","34","5","1","0","0","141","0","0","0","0","1","0","0","0","0","176","POINT (-76.402443 2.510229)"
"52405","Nariño","Leiva","2,024","49","57","0","0","0","3","93","8","2","0","0","0","0","0","0","0","0","0","0","0","0","106","POINT (-77.306135 1.934453)"
"23079","Córdoba","Buenavista","2,024","75","77","0","0","0","11","138","2","1","0","0","1","0","0","0","0","0","0","0","0","0","152","POINT (-75.480897 8.221187)"
"54385","Norte de Santander","La Esperanza","2,023","5","3","0","0","0","0","4","2","1","1","0","0","0","0","0","0","0","0","0","0","0","8","POINT (-73.328126 7.639839)"
"20011","Cesar","Aguachica","2,023","5","9","0","0","0","0","0","7","6","1","0","0","0","0","0","0","2","0","0","0","0","14","POINT (-73.599399 8.309986)"
"47720","Magdalena","Santa Bárbara de Pinto","2,026","50","70","0","0","10","29","69","12","0","0","0","0","0","0","0","0","0","0","0","0","0","120","POINT (-74.704667 9.432263)"
"19075","Cauca","Balboa","2,026","348","281","0","0","66","287","270","6","0","0","206","0","0","0","0","0","2","0","423","0","0","629","POINT (-77.215773 2.040998)"
"54313","Norte de Santander","Gramalote","2,023","2","1","0","0","0","0","0","3","0","0","0","0","0","0","0","0","0","0","0","0","0","3","POINT (-72.787233 7.916946)"
"25245","Cundinamarca","El Colegio","2,024","2","1","0","0","0","0","0","3","0","0","0","0","0","0","0","0","0","0","0","0","0","3","POINT (-74.44221 4.578071)"
"52506","Nariño","Ospina","2,024","1","2","0","0","0","0","0","3","0","0","0","0","0","0","0","0","0","0","0","0","0","3","POINT (-77.566082 1.058433)"
"15839","Boyacá","Tutazá","2,023","2","0","0","0","0","0","0","0","2","0","0","0","0","0","0","0","0","0","0","0","0","2","POINT (-72.856035 6.032608)"
"13300","Bolívar","Hatillo de Loba","2,023","1","0","0","0","0","0","0","0","1","0","0","0","0","0","0","0","0","0","0","0","0","1","POINT (-74.07833 8.955708)"
"15135","Boyacá","Campohermoso","2,024","1","0","0","0","0","0","0","0","1","0","0","0","0","0","0","0","0","0","0","0","0","1","POINT (-73.104173 5.031676)"
"41006","Huila","Acevedo","2,023","0","0","0","0","0","0","0","0","0","0","0","0","0","0","0","0","0","0","0","0","0","0","POINT (-75.888532 1.805259)"
"52399","Nariño","La Unión","2,023","0","0","0","0","0","0","0","0","0","0","0","0","0","0","0","0","0","0","0","0","0","0","POINT (-77.131316 1.600219)"
"08520","Atlántico","Palmar de Varela","2,026","0","0","0","0","0","0","0","0","0","0","0","0","0","0","0","0","0","0","0","0","0","0","POINT (-74.754765 10.738591)"
"13647","Bolívar","San Estanislao","2,026","0","0","0","0","0","0","0","0","0","0","0","0","0","0","0","0","0","0","0","0","0","0","POINT (-75.153101 10.398602)"
"15087","Boyacá","Belén","2,026","0","0","0","0","0","0","0","0","0","0","0","0","0","0","0","0","0","0","0","0","0","0","POINT (-72.911641 5.98923)"
"68169","Santander","Charta","2,026","0","0","0","0","0","0","0","0","0","0","0","0","0","0","0","0","0","0","0","0","0","0","POINT (-72.968798 7.28082)"
"50573","Meta","Puerto López","2,025","536","539","0","0","20","806","238","9","2","0","3","7","0","0","0","0","13","0","100","0","0","1,075","POINT (-72.957324 4.09349)"
"13549","Bolívar","Pinillos","2,025","380","344","0","0","38","308","350","27","1","0","54","1","0","0","0","0","0","0","701","0","0","724","POINT (-74.462294 8.914952)"
"23001","Córdoba","Montería","2,025","764","779","0","1","113","801","610","14","3","3","50","0","0","0","0","0","10","0","103","0","0","1,544","POINT (-75.875576 8.74513)"
"50223","Meta","Cubarral","2,025","378","377","0","0","59","447","248","1","0","0","0","0","0","0","0","0","1","0","0","0","0","755","POINT (-73.838724 3.793614)"
"76126","Valle del Cauca","Calima","2,025","108","105","0","0","0","99","113","0","1","0","0","0","0","0","0","0","0","0","0","0","0","213","POINT (-76.484132 3.933664)"
"15322","Boyacá","Guateque","2,025","3","1","0","0","0","0","0","0","4","0","0","0","0","0","0","0","0","0","0","0","0","4","POINT (-73.471207 5.007321)"
"63470","Quindío","Montenegro","2,024","222","221","0","0","0","345","92","0","6","0","0","0","0","0","0","0","8","0","0","0","0","443","POINT (-75.751812 4.56296)"
"54172","Norte de Santander","Chinácota","2,023","7","5","0","0","0","0","0","11","0","1","1","0","0","0","0","0","1","0","0","0","0","12","POINT (-72.6047 7.60108)"
"13140","Bolívar","Calamar","2,023","76","66","0","0","0","61","79","2","0","0","21","8","0","0","0","0","0","0","0","0","0","142","POINT (-74.913629 10.251963)"
"23466","Córdoba","Montelíbano","2,023","117","142","1","0","0","51","100","98","9","2","6","7","0","0","0","0","1","0","0","0","0","260","POINT (-75.416818 7.973777)"
"25491","Cundinamarca","Nocaima","2,023","31","11","0","0","0","25","15","0","2","0","0","0","0","0","0","0","1","0","0","0","0","42","POINT (-74.377728 5.068933)"
"47288","Magdalena","Fundación","2,023","94","84","0","0","0","46","114","10","5","3","4","0","0","0","0","0","0","0","0","0","0","178","POINT (-74.191453 10.514146)"
"68444","Santander","Matanza","2,025","3","0","0","0","0","0","0","0","3","0","0","0","0","0","0","0","0","0","0","0","0","3","POINT (-73.015566 7.323175)"
"25317","Cundinamarca","Guachetá","2,024","0","0","0","0","0","0","0","0","0","0","0","0","0","0","0","0","0","0","0","0","0","0","POINT (-73.686972 5.383378)"
"81220","Arauca","Cravo Norte","2,024","0","0","0","0","0","0","0","0","0","0","0","0","0","0","0","0","0","0","0","0","0","0","POINT (-70.204286 6.303913)"
"15810","Boyacá","Tipacoque","2,026","0","0","0","0","0","0","0","0","0","0","0","0","0","0","0","0","0","0","0","0","0","0","POINT (-72.693173 6.418586)"
"17380","Caldas","La Dorada","2,025","445","496","0","0","0","595","321","9","16","0","11","0","0","0","0","0","10","0","87","0","0","941","POINT (-74.658488 5.444501)"
"68385","Santander","Landázuri","2,025","313","371","0","0","61","339","277","7","0","0","114","0","0","0","0","0","2","0","684","0","0","684","POINT (-73.811296 6.218866)"
"54172","Norte de Santander","Chinácota","2,025","382","472","0","0","16","591","244","3","0","0","0","0","0","0","0","0","8","0","193","0","0","854","POINT (-72.6047 7.60108)"
"41006","Huila","Acevedo","2,025","55","47","0","0","2","19","80","1","0","0","0","0","0","0","0","0","0","0","102","0","0","102","POINT (-75.888532 1.805259)"
"15806","Boyacá","Tibasosa","2,024","17","9","0","0","0","0","2","6","14","4","0","0","0","0","0","0","1","0","0","0","0","26","POINT (-72.999449 5.74723)"
"52480","Nariño","Nariño","2,024","4","2","0","0","0","0","0","6","0","0","0","0","0","0","0","0","0","0","0","0","0","6","POINT (-77.357972 1.288979)"
"25785","Cundinamarca","Tabio","2,024","5","4","0","0","0","0","1","6","2","0","0","0","0","0","0","0","0","0","0","0","0","9","POINT (-74.096461 4.916832)"
"41359","Huila","Isnos","2,024","179","169","0","0","0","277","66","3","2","0","0","0","0","0","0","0","8","0","0","0","0","348","POINT (-76.217637 1.929467)"
"25779","Cundinamarca","Susa","2,023","6","1","0","0","0","1","0","3","3","0","0","0","0","0","0","0","0","0","0","0","0","7","POINT (-73.813938 5.455291)"
"25743","Cundinamarca","Silvania","2,023","10","5","0","0","0","1","0","4","10","0","0","1","0","0","0","0","0","0","0","0","0","15","POINT (-74.405534 4.381981)"
"13647","Bolívar","San Estanislao","2,023","9","24","0","0","0","0","0","31","2","0","20","0","0","0","0","0","0","0","0","0","0","33","POINT (-75.153101 10.398602)"
"15764","Boyacá","Soracá","2,023","3","1","0","0","0","0","0","4","0","0","0","0","0","0","0","0","0","0","0","0","0","4","POINT (-73.332804 5.500898)"
"05091","Antioquia","Betania","2,023","1","0","0","0","0","0","0","0","0","1","0","0","0","0","0","0","0","0","0","0","0","1","POINT (-75.975655 5.744735)"
"25530","Cundinamarca","Paratebueno","2,024","1","0","0","0","0","0","0","0","1","0","0","0","0","0","0","0","0","0","0","0","0","1","POINT (-73.212825 4.374832)"
"52287","Nariño","Funes","2,024","1","0","0","0","0","0","0","0","0","1","0","1","0","0","0","0","0","0","0","0","0","1","POINT (-77.448913 1.001159)"
"25488","Cundinamarca","Nilo","2,023","0","0","0","0","0","0","0","0","0","0","0","0","0","0","0","0","0","0","0","0","0","0","POINT (-74.620009 4.305838)"
"05091","Antioquia","Betania","2,025","0","0","0","0","0","0","0","0","0","0","0","0","0","0","0","0","0","0","0","0","0","0","POINT (-75.975655 5.744735)"
"15764","Boyacá","Soracá","2,025","0","0","0","0","0","0","0","0","0","0","0","0","0","0","0","0","0","0","0","0","0","0","POINT (-73.332804 5.500898)"
"25779","Cundinamarca","Susa","2,025","0","0","0","0","0","0","0","0","0","0","0","0","0","0","0","0","0","0","0","0","0","0","POINT (-73.813938 5.455291)"
"05736","Antioquia","Segovia","2,026","0","0","0","0","0","0","0","0","0","0","0","0","0","0","0","0","0","0","0","0","0","0","POINT (-74.701596 7.079648)"
"15051","Boyacá","Arcabuco","2,026","0","0","0","0","0","0","0","0","0","0","0","0","0","0","0","0","0","0","0","0","0","0","POINT (-73.438111 5.755381)"
"20011","Cesar","Aguachica","2,026","0","0","0","0","0","0","0","0","0","0","0","0","0","0","0","0","0","0","0","0","0","0","POINT (-73.599399 8.309986)"
"41206","Huila","Colombia","2,026","0","0","0","0","0","0","0","0","0","0","0","0","0","0","0","0","0","0","0","0","0","0","POINT (-74.802815 3.376745)"
"54313","Norte de Santander","Gramalote","2,026","0","0","0","0","0","0","0","0","0","0","0","0","0","0","0","0","0","0","0","0","0","0","POINT (-72.787233 7.916946)"
"13140","Bolívar","Calamar","2,025","327","347","0","0","0","249","414","11","0","0","561","0","0","0","0","0","4","0","569","0","0","674","POINT (-74.913629 10.251963)"
"47288","Magdalena","Fundación","2,025","617","604","0","0","1","719","479","19","3","0","3","1","0","0","0","0","1","0","0","0","0","1,221","POINT (-74.191453 10.514146)"
"25491","Cundinamarca","Nocaima","2,025","61","41","0","0","16","74","11","1","0","0","0","0","0","0","0","0","0","0","0","0","0","102","POINT (-74.377728 5.068933)"
"25841","Cundinamarca","Ubaque","2,025","3","3","0","0","0","0","0","0","2","4","0","0","0","0","0","0","0","0","0","0","0","6","POINT (-73.933477 4.483788)"
"68679","Santander","San Gil","2,024","241","246","0","0","0","262","207","7","11","0","0","0","0","0","0","0","0","0","0","0","0","487","POINT (-73.136284 6.556081)"
"41026","Huila","Altamira","2,023","3","1","0","0","0","0","0","4","0","0","0","0","0","0","0","0","0","0","0","0","0","4","POINT (-75.788471 2.063841)"
"05893","Antioquia","Yondó","2,026","197","209","0","0","32","301","73","0","0","0","0","0","0","0","0","0","8","0","106","0","0","406","POINT (-73.912445 7.00396)"
"13222","Bolívar","Clemencia","2,026","123","109","0","0","0","100","112","19","1","0","126","0","0","0","0","0","0","0","1","0","0","232","POINT (-75.328517 10.567541)"
"76126","Valle del Cauca","Calima","2,023","0","2","0","0","0","0","0","0","2","0","0","0","0","0","0","0","0","0","0","0","0","2","POINT (-76.484132 3.933664)"
"52385","Nariño","La Llanada","2,024","0","0","0","0","0","0","0","0","0","0","0","0","0","0","0","0","0","0","0","0","0","0","POINT (-77.58091 1.472892)"
"63212","Quindío","Córdoba","2,025","67","66","0","0","5","110","3","1","9","5","0","0","0","0","0","0","1","0","1","0","0","133","POINT (-75.687866 4.392485)"
"20570","Cesar","Pueblo Bello","2,025","305","330","0","0","20","303","292","16","4","0","1","522","0","0","0","0","0","0","392","0","0","635","POINT (-73.588468 10.415186)"
"44098","La Guajira","Distracción","2,025","449","520","0","0","16","432","501","12","8","0","1","383","0","0","0","0","0","0","1","0","0","969","POINT (-72.887405 10.898414)"
"85225","Casanare","Nunchía","2,025","194","187","0","0","37","195","135","12","2","0","2","2","0","0","0","0","6","0","351","0","0","381","POINT (-72.195319 5.636469)"
"13490","Bolívar","Norosí","2,025","5","1","0","0","0","1","1","0","4","0","0","0","0","0","0","0","0","0","0","0","0","6","POINT (-74.038043 8.526298)"
"15047","Boyacá","Aquitania","2,024","88","97","0","0","3","110","67","4","1","0","0","0","0","0","0","0","0","0","0","0","0","185","POINT (-72.88399 5.518602)"
"73675","Tolima","San Antonio","2,024","180","126","0","0","5","133","154","7","7","0","0","15","0","0","0","0","0","0","0","0","0","306","POINT (-75.481072 3.913072)"
"15204","Boyacá","Cómbita","2,024","119","128","0","0","0","102","136","8","1","0","0","0","0","0","0","0","0","0","0","0","0","247","POINT (-73.323957 5.634545)"
"47170","Magdalena","Chivolo","2,024","172","178","0","0","3","119","210","15","3","0","0","0","0","0","0","0","0","0","0","0","0","350","POINT (-74.622842 10.026803)"
"68077","Santander","Barbosa","2,024","282","302","0","0","0","455","125","0","3","1","0","1","0","0","0","0","0","0","0","0","0","584","POINT (-73.616016 5.932699)"
"05543","Antioquia","Peque","2,026","122","140","0","0","35","160","65","2","0","0","0","0","0","0","0","0","2","0","139","0","0","262","POINT (-75.910347 7.02102)"
"41615","Huila","Rivera","2,026","149","138","0","0","2","212","73","0","0","0","0","0","0","0","0","0","3","0","0","0","0","287","POINT (-75.258643 2.777638)"
"13647","Bolívar","San Estanislao","2,025","0","2","0","0","0","0","0","0","2","0","0","0","0","0","0","0","0","0","1","0","0","2","POINT (-75.153101 10.398602)"
"68385","Santander","Landázuri","2,023","2","0","0","0","0","0","0","0","2","0","0","0","0","0","0","0","0","0","0","0","0","2","POINT (-73.811296 6.218866)"
"52693","Nariño","San Pablo","2,025","1","0","0","0","0","0","0","0","1","0","0","0","0","0","0","0","0","0","0","0","0","1","POINT (-77.013984 1.669429)"
"05150","Antioquia","Carolina","2,023","0","0","0","0","0","0","0","0","0","0","0","0","0","0","0","0","0","0","0","0","0","0","POINT (-75.283192 6.725995)"
"15162","Boyacá","Cerinza","2,023","0","0","0","0","0","0","0","0","0","0","0","0","0","0","0","0","0","0","0","0","0","0","POINT (-72.947918 5.955939)"
"08634","Atlántico","Sabanagrande","2,024","0","0","0","0","0","0","0","0","0","0","0","0","0","0","0","0","0","0","0","0","0","0","POINT (-74.75847 10.791063)"
"15162","Boyacá","Cerinza","2,025","0","0","0","0","0","0","0","0","0","0","0","0","0","0","0","0","0","0","0","0","0","0","POINT (-72.947918 5.955939)"
"05134","Antioquia","Campamento","2,026","0","0","0","0","0","0","0","0","0","0","0","0","0","0","0","0","0","0","0","0","0","0","POINT (-75.298091 6.979771)"
"05425","Antioquia","Maceo","2,026","0","0","0","0","0","0","0","0","0","0","0","0","0","0","0","0","0","0","0","0","0","0","POINT (-74.78716 6.552116)"
"15244","Boyacá","El Cocuy","2,026","0","0","0","0","0","0","0","0","0","0","0","0","0","0","0","0","0","0","0","0","0","0","POINT (-72.444537 6.407738)"
"76869","Valle del Cauca","Vijes","2,026","0","0","0","0","0","0","0","0","0","0","0","0","0","0","0","0","0","0","0","0","0","0","POINT (-76.441804 3.698686)"
"20001","Cesar","Valledupar","2,025","1,860","1,875","0","2","2","2,088","1,614","16","15","2","175","150","0","0","0","0","16","0","139","0","0","3,737","POINT (-73.259398 10.460472)"
"27006","Chocó","Acandí","2,025","650","599","0","0","1","599","637","12","0","0","1,237","8","0","0","0","0","0","0","1,233","0","0","1,249","POINT (-77.279951 8.512178)"
"05055","Antioquia","Argelia","2,025","241","280","0","0","7","267","243","4","0","0","0","0","0","0","0","0","14","0","154","0","0","521","POINT (-75.141741 5.730672)"
"15476","Boyacá","Motavita","2,025","133","155","0","0","45","144","86","1","8","4","0","0","0","0","0","0","1","0","284","0","0","288","POINT (-73.367841 5.5777)"
"68368","Santander","Jesús María","2,024","118","165","0","0","5","93","181","4","0","0","0","1","0","0","0","0","0","0","0","0","0","283","POINT (-73.783396 5.876497)"
"68895","Santander","Zapatoca","2,024","187","184","0","0","0","270","97","4","0","0","0","0","0","0","0","0","24","0","0","0","0","371","POINT (-73.268034 6.814387)"
"17442","Caldas","Marmato","2,024","166","210","0","0","2","250","119","3","2","0","67","5","0","0","0","0","0","0","0","0","0","376","POINT (-75.600049 5.47422)"
"19212","Cauca","Corinto","2,024","185","174","0","0","1","110","242","0","1","5","73","164","1","0","0","0","20","0","0","0","0","359","POINT (-76.261866 3.173854)"
"73168","Tolima","Chaparral","2,024","393","332","0","0","1","316","328","31","42","7","0","7","0","0","0","0","9","0","0","0","0","725","POINT (-75.480765 3.722918)"
"18610","Caquetá","San José del Fragua","2,024","133","149","0","0","3","131","134","8","5","1","0","0","0","0","0","0","2","0","0","0","0","282","POINT (-75.973528 1.331957)"
"13244","Bolívar","El Carmen de Bolívar","2,024","426","499","0","0","0","247","630","45","3","0","3","0","0","0","0","0","0","0","0","0","0","925","POINT (-75.121231 9.718573)"
"25645","Cundinamarca","San Antonio del Tequendama","2,023","3","0","0","0","0","0","0","1","2","0","0","0","0","0","0","0","0","0","0","0","0","3","POINT (-74.351443 4.616138)"
"68169","Santander","Charta","2,023","3","0","0","0","0","0","0","1","2","0","0","0","0","0","0","0","0","0","0","0","0","3","POINT (-72.968798 7.28082)"
"68522","Santander","Palmar","2,024","0","0","0","0","0","0","0","0","0","0","0","0","0","0","0","0","0","0","0","0","0","0","POINT (-73.29109 6.537789)"
"15090","Boyacá","Berbeo","2,026","0","0","0","0","0","0","0","0","0","0","0","0","0","0","0","0","0","0","0","0","0","0","POINT (-73.12721 5.227451)"
"15774","Boyacá","Susacón","2,026","0","0","0","0","0","0","0","0","0","0","0","0","0","0","0","0","0","0","0","0","0","0","POINT (-72.690289 6.230332)"
"66170","Risaralda","Dosquebradas","2,025","1,750","1,863","0","0","171","2,558","873","6","5","0","17","15","0","0","0","0","148","0","9","0","0","3,613","POINT (-75.682469 4.8272)"
"27025","Chocó","Alto Baudó","2,024","86","91","0","0","8","80","49","36","4","0","4","170","0","0","0","0","0","0","0","0","0","177","POINT (-76.974373 5.516221)"
"27745","Chocó","Sipí","2,024","4","3","0","0","0","0","0","6","1","0","5","0","0","0","0","0","0","0","0","0","0","7","POINT (-76.643453 4.65262)"
"70508","Sucre","Ovejas","2,024","6","3","0","0","0","0","0","4","5","0","0","2","0","0","0","0","0","0","0","0","0","9","POINT (-75.229037 9.527176)"
"68211","Santander","Contratación","2,024","85","73","0","0","0","103","51","2","2","0","0","0","0","0","0","0","0","0","0","0","0","158","POINT (-73.474426 6.290561)"
"13549","Bolívar","Pinillos","2,023","4","3","0","0","0","1","0","1","5","0","0","0","0","0","0","0","0","0","0","0","0","7","POINT (-74.462294 8.914952)"
"52788","Nariño","Tangua","2,023","87","89","0","0","18","0","0","2","3","153","0","0","0","0","0","0","1","0","0","0","0","176","POINT (-77.393244 1.095178)"
"13670","Bolívar","San Pablo","2,026","270","210","0","0","0","207","272","1","0","0","0","0","0","0","0","0","0","0","0","0","0","480","POINT (-73.924602 7.476747)"
"50573","Meta","Puerto López","2,023","1","0","0","0","0","0","0","0","1","0","0","0","0","0","0","0","0","0","0","0","0","1","POINT (-72.957324 4.09349)"
"97161","Vaupés","Carurú","2,023","0","0","0","0","0","0","0","0","0","0","0","0","0","0","0","0","0","0","0","0","0","0","POINT (-71.297793 1.014598)"
"05209","Antioquia","Concordia","2,025","0","0","0","0","0","0","0","0","0","0","0","0","0","0","0","0","0","0","0","0","0","0","POINT (-75.908417 6.045766)"
"97511","Vaupés","Pacoa (Anm)","2,025","0","0","0","0","0","0","0","0","0","0","0","0","0","0","0","0","0","0","0","0","0","0","POINT (-71.004339 0.020698)"
"15401","Boyacá","La Victoria","2,026","0","0","0","0","0","0","0","0","0","0","0","0","0","0","0","0","0","0","0","0","0","0","POINT (-74.234393 5.523792)"
"25200","Cundinamarca","Cogua","2,026","0","0","0","0","0","0","0","0","0","0","0","0","0","0","0","0","0","0","0","0","0","0","POINT (-73.978497 5.061842)"
"27150","Chocó","Carmen del Darién","2,026","0","0","0","0","0","0","0","0","0","0","0","0","0","0","0","0","0","0","0","0","0","0","POINT (-76.970795 7.158538)"
"54820","Norte de Santander","Toledo","2,026","0","0","0","0","0","0","0","0","0","0","0","0","0","0","0","0","0","0","0","0","0","0","POINT (-72.485088 7.310023)"
"23855","Córdoba","Valencia","2,025","732","744","0","0","35","558","860","23","0","0","8","5","0","0","0","0","11","0","589","0","0","1,476","POINT (-76.150756 8.255016)"
"73283","Tolima","Fresno","2,025","560","593","0","0","86","651","409","7","0","0","0","0","0","0","0","0","28","0","409","0","0","1,153","POINT (-75.035722 5.153576)"
"15832","Boyacá","Tununguá","2,024","3","2","0","0","0","0","0","4","1","0","0","0","0","0","0","0","0","0","0","0","0","5","POINT (-73.933155 5.730582)"
"20550","Cesar","Pelaya","2,024","266","244","0","0","0","197","299","10","4","0","210","0","0","0","0","0","3","0","0","0","0","510","POINT (-73.666451 8.689006)"
"20295","Cesar","Gamarra","2,024","92","11","0","0","0","0","2","19","56","26","41","0","0","0","0","0","3","0","0","0","0","103","POINT (-73.74376 8.320449)"
"44078","La Guajira","Barrancas","2,024","306","280","0","0","1","84","441","29","28","3","25","175","0","0","0","0","8","0","0","0","0","586","POINT (-72.793574 10.958663)"
"13473","Bolívar","Morales","2,024","252","254","0","0","0","205","287","8","6","0","0","0","0","0","0","0","1","0","0","0","0","506","POINT (-73.868178 8.276519)"
"05690","Antioquia","Santo Domingo","2,023","3","4","0","0","0","0","0","5","1","1","1","0","0","0","0","0","0","0","0","0","0","7","POINT (-75.167142 6.475646)"
"05425","Antioquia","Maceo","2,023","5","3","0","0","0","0","0","8","0","0","1","0","0","0","0","0","0","0","0","0","0","8","POINT (-74.78716 6.552116)"
"20060","Cesar","Bosconia","2,023","7","1","0","0","0","1","0","4","3","0","0","0","0","0","0","0","0","0","0","0","0","8","POINT (-73.888761 9.975098)"
"50318","Meta","Guamal","2,023","2","0","0","0","0","0","0","0","2","0","0","0","0","0","0","0","0","0","0","0","0","2","POINT (-73.768324 3.880572)"
"76823","Valle del Cauca","Toro","2,023","1","0","0","0","0","0","0","0","1","0","0","0","0","0","0","0","0","0","0","0","0","1","POINT (-76.076859 4.608085)"
"15790","Boyacá","Tasco","2,023","0","0","0","0","0","0","0","0","0","0","0","0","0","0","0","0","0","0","0","0","0","0","POINT (-72.781011 5.909821)"
"73152","Tolima","Casabianca","2,023","0","0","0","0","0","0","0","0","0","0","0","0","0","0","0","0","0","0","0","0","0","0","POINT (-75.120966 5.078465)"
"70233","Sucre","El Roble","2,024","0","0","0","0","0","0","0","0","0","0","0","0","0","0","0","0","0","0","0","0","0","0","POINT (-75.198831 9.099532)"
"94887","Guainía","Pana Pana (Anm)","2,025","0","0","0","0","0","0","0","0","0","0","0","0","0","0","0","0","0","0","0","0","0","0","POINT (-69.0099 1.865668)"
"05209","Antioquia","Concordia","2,026","0","0","0","0","0","0","0","0","0","0","0","0","0","0","0","0","0","0","0","0","0","0","POINT (-75.908417 6.045766)"
"41013","Huila","Agrado","2,026","0","0","0","0","0","0","0","0","0","0","0","0","0","0","0","0","0","0","0","0","0","0","POINT (-75.772022 2.25987)"
"68081","Santander","Barrancabermeja","2,026","0","0","0","0","0","0","0","0","0","0","0","0","0","0","0","0","0","0","0","0","0","0","POINT (-73.849313 7.064855)"
"05284","Antioquia","Frontino","2,025","160","133","0","0","8","104","167","7","6","1","58","106","0","0","0","0","3","0","278","0","0","293","POINT (-76.130765 6.776066)"
"05847","Antioquia","Urrao","2,025","53","80","0","0","1","46","85","0","1","0","0","13","0","0","0","0","0","0","0","0","0","133","POINT (-76.133951 6.317343)"
"66088","Risaralda","Belén de Umbría","2,025","655","632","0","0","80","870","327","6","4","0","5","22","0","0","0","0","33","0","528","0","0","1,287","POINT (-75.868334 5.200793)"
"19130","Cauca","Cajibío","2,024","368","362","0","1","11","408","273","21","16","2","123","1","0","0","0","0","1","0","0","0","0","731","POINT (-76.570682 2.623371)"
"54250","Norte de Santander","El Tarra","2,024","590","647","0","1","30","706","482","11","7","2","0","0","0","0","0","0","3","0","0","0","0","1,238","POINT (-73.09614 8.574281)"
"19693","Cauca","San Sebastián","2,024","52","48","0","0","2","46","49","0","1","2","0","3","0","0","0","0","0","0","0","0","0","100","POINT (-76.769467 1.838451)"
"66075","Risaralda","Balboa","2,023","4","2","0","0","0","0","0","5","1","0","0","0","0","0","0","0","0","0","0","0","0","6","POINT (-75.960134 4.945848)"
"05088","Antioquia","Bello","2,023","103","291","1","0","0","243","77","47","26","2","12","0","0","0","0","0","1","0","0","0","0","395","POINT (-75.555245 6.333587)"
"44098","La Guajira","Distracción","2,023","88","102","0","0","0","0","0","0","0","190","0","190","0","0","0","0","0","0","0","0","0","190","POINT (-72.887405 10.898414)"
"13006","Bolívar","Achí","2,026","242","273","0","0","9","201","288","17","0","0","0","0","0","0","0","0","0","0","423","0","0","515","POINT (-74.557065 8.569113)"
"15224","Boyacá","Cucaita","2,023","3","0","0","0","0","0","0","0","3","0","0","0","0","0","0","0","0","0","0","0","0","3","POINT (-73.454338 5.544452)"
"68444","Santander","Matanza","2,023","0","0","0","0","0","0","0","0","0","0","0","0","0","0","0","0","0","0","0","0","0","0","POINT (-73.015566 7.323175)"
"17616","Caldas","Risaralda","2,026","0","0","0","0","0","0","0","0","0","0","0","0","0","0","0","0","0","0","0","0","0","0","POINT (-75.76722 5.164509)"
"52788","Nariño","Tangua","2,025","117","15","0","1","4","56","20","29","18","6","18","4","0","0","0","0","0","0","42","0","0","133","POINT (-77.393244 1.095178)"
"20400","Cesar","La Jagua de Ibirico","2,025","459","542","0","0","60","502","425","8","6","0","351","11","0","0","0","0","2","0","371","0","0","1,001","POINT (-73.334143 9.563752)"
"91530","Amazonas","Puerto Alegría (Anm)","2,025","53","57","0","0","23","53","25","6","3","0","0","110","0","0","0","0","0","0","0","0","0","110","POINT (-74.014461 -1.005674)"
"76100","Valle del Cauca","Bolívar","2,025","86","57","0","0","7","80","34","4","17","1","1","0","0","0","0","0","0","0","122","0","0","143","POINT (-76.183583 4.337846)"
"76306","Valle del Cauca","Ginebra","2,025","112","137","0","0","2","151","93","2","1","0","0","0","0","0","0","0","0","0","53","0","0","249","POINT (-76.268068 3.724181)"
"85300","Casanare","Sabanalarga","2,024","149","254","0","0","6","177","209","10","1","0","0","0","0","0","0","0","0","0","0","0","0","403","POINT (-73.038696 4.854787)"
"19418","Cauca","López de Micay","2,024","369","334","0","2","31","322","281","70","1","0","530","175","0","0","0","0","0","0","0","0","0","705","POINT (-77.247803 2.846788)"
"52215","Nariño","Córdoba","2,024","10","7","0","0","0","0","0","5","11","1","0","17","0","0","0","0","0","0","0","0","0","17","POINT (-77.517897 0.854564)"
"47720","Magdalena","Santa Bárbara de Pinto","2,023","3","1","0","0","0","1","0","0","3","0","0","0","0","0","0","0","0","0","0","0","0","4","POINT (-74.704667 9.432263)"
"13140","Bolívar","Calamar","2,026","223","257","0","0","2","147","322","9","0","0","369","0","0","0","0","0","1","0","360","0","0","480","POINT (-74.913629 10.251963)"
"13657","Bolívar","San Juan Nepomuceno","2,026","287","311","0","0","0","238","359","1","0","0","0","0","0","0","0","0","0","0","239","0","0","598","POINT (-75.081402 9.95338)"
"41791","Huila","Tarqui","2,024","0","3","0","0","0","0","0","3","0","0","0","0","0","0","0","0","0","0","0","0","0","3","POINT (-75.823976 2.111325)"
"25851","Cundinamarca","Útica","2,025","2","0","0","0","0","0","0","0","2","0","0","0","0","0","0","0","0","0","0","0","0","2","POINT (-74.483154 5.19055)"
"73770","Tolima","Suárez","2,024","0","2","0","0","0","0","0","0","2","0","0","0","0","0","0","0","0","0","0","0","0","2","POINT (-74.831885 4.048891)"
"15090","Boyacá","Berbeo","2,023","0","2","0","0","0","0","0","0","2","0","0","0","0","0","0","0","0","0","0","0","0","2","POINT (-73.12721 5.227451)"
"05264","Antioquia","Entrerríos","2,024","1","0","0","0","0","0","0","0","1","0","0","0","0","0","0","0","0","0","0","0","0","1","POINT (-75.517685 6.566273)"
"23574","Córdoba","Puerto Escondido","2,026","1","0","0","0","0","0","0","0","1","0","1","0","0","0","0","0","0","0","0","0","0","1","POINT (-76.260411 9.005372)"
"25815","Cundinamarca","Tocaima","2,023","0","0","0","0","0","0","0","0","0","0","0","0","0","0","0","0","0","0","0","0","0","0","POINT (-74.636296 4.459279)"
"15332","Boyacá","Güicán de la Sierra","2,025","0","0","0","0","0","0","0","0","0","0","0","0","0","0","0","0","0","0","0","0","0","0","POINT (-72.411763 6.462864)"
"54385","Norte de Santander","La Esperanza","2,026","0","0","0","0","0","0","0","0","0","0","0","0","0","0","0","0","0","0","0","0","0","0","POINT (-73.328126 7.639839)"
"54810","Norte de Santander","Tibú","2,025","1,775","1,778","0","0","173","1,924","1,375","61","20","0","0","55","0","0","0","0","7","0","2,855","0","0","3,553","POINT (-72.734496 8.639891)"
"05631","Antioquia","Sabaneta","2,025","616","644","0","0","70","882","295","0","13","0","5","2","0","0","0","0","62","0","1","0","0","1,260","POINT (-75.615479 6.149903)"
"19075","Cauca","Balboa","2,025","222","217","0","0","45","219","162","5","6","2","227","0","0","0","0","0","1","0","200","0","0","439","POINT (-77.215773 2.040998)"
"15790","Boyacá","Tasco","2,025","3","1","0","0","0","0","0","0","3","1","0","0","0","0","0","0","0","0","1","0","0","4","POINT (-72.781011 5.909821)"
"15842","Boyacá","Úmbita","2,024","99","84","0","0","1","96","85","1","0","0","1","0","0","0","0","0","0","0","0","0","0","183","POINT (-73.456917 5.221176)"
"05147","Antioquia","Carepa","2,026","166","147","0","0","0","247","66","0","0","0","9","0","0","0","0","0","4","0","0","0","0","313","POINT (-76.652822 7.755199)"
"18460","Caquetá","Milán","2,026","149","157","0","0","70","122","109","5","0","0","3","30","0","0","0","0","1","0","196","0","0","306","POINT (-75.506926 1.29021)"
"23682","Córdoba","San José de Uré","2,026","327","346","0","0","50","276","334","13","0","0","308","77","0","0","0","0","1","0","489","0","0","673","POINT (-75.533476 7.787303)"
"66687","Risaralda","Santuario","2,023","1","1","0","0","0","0","0","3","0","0","0","0","0","0","0","0","0","0","0","0","0","3","POINT (-75.962196 5.072762)"
"15162","Boyacá","Cerinza","2,026","0","2","0","0","0","0","0","0","2","0","0","0","0","0","0","0","0","0","0","0","0","2","POINT (-72.947918 5.955939)"
"25154","Cundinamarca","Carmen de Carupa","2,025","2","0","0","0","0","0","0","2","0","0","0","0","0","0","0","0","0","0","2","0","0","2","POINT (-73.901357 5.349119)"
"73319","Tolima","Guamo","2,023","0","2","0","0","0","0","0","2","0","0","0","0","0","0","0","0","0","0","0","0","0","2","POINT (-74.968135 4.030992)"
"99624","Vichada","Santa Rosalía","2,024","1","0","0","0","0","0","0","0","1","0","0","0","0","0","0","0","0","0","0","0","0","1","POINT (-70.859499 5.136393)"
"19533","Cauca","Piamonte","2,025","1","0","0","0","0","0","0","0","1","0","0","0","0","0","0","0","0","0","0","0","0","1","POINT (-76.327892 1.119414)"
"17050","Caldas","Aranzazu","2,026","1","0","0","0","0","0","0","0","1","0","0","0","0","0","0","0","0","0","0","0","0","1","POINT (-75.491255 5.271142)"
"05353","Antioquia","Hispania","2,026","0","0","0","0","0","0","0","0","0","0","0","0","0","0","0","0","0","0","0","0","0","0","POINT (-75.906587 5.799461)"
"15522","Boyacá","Panqueba","2,026","0","0","0","0","0","0","0","0","0","0","0","0","0","0","0","0","0","0","0","0","0","0","POINT (-72.459424 6.443416)"
"25596","Cundinamarca","Quipile","2,026","0","0","0","0","0","0","0","0","0","0","0","0","0","0","0","0","0","0","0","0","0","0","POINT (-74.533705 4.74481)"
"27425","Chocó","Medio Atrato","2,026","0","0","0","0","0","0","0","0","0","0","0","0","0","0","0","0","0","0","0","0","0","0","POINT (-76.783042 5.994935)"
"68745","Santander","Simacota","2,026","0","0","0","0","0","0","0","0","0","0","0","0","0","0","0","0","0","0","0","0","0","0","POINT (-73.337368 6.443471)"
"19785","Cauca","Sucre","2,025","0","1","0","25","0","0","0","25","1","0","0","0","0","0","0","0","0","0","1","0","0","26","POINT (-76.926279 2.038237)"
"25658","Cundinamarca","San Francisco","2,025","4","0","0","0","0","0","0","0","3","1","0","0","0","0","0","0","0","0","1","0","0","4","POINT (-74.289672 4.972917)"
"70678","Sucre","San Benito Abad","2,024","12","5","0","0","0","0","0","10","5","2","0","4","0","0","0","0","0","0","0","0","0","17","POINT (-75.031089 8.930108)"
"73001","Tolima","Ibagué","2,024","619","733","0","5","17","750","441","78","67","4","2","2","0","0","0","2","2","0","0","0","0","1,357","POINT (-75.193715 4.439609)"
"08549","Atlántico","Piojó","2,024","89","85","0","0","0","66","99","5","4","0","0","0","0","0","0","0","0","0","0","0","0","174","POINT (-75.107592 10.749216)"
"68673","Santander","San Benito","2,023","7","0","0","0","0","0","0","0","7","0","0","0","0","0","0","0","0","0","0","0","0","7","POINT (-73.50907 6.126656)"
"15296","Boyacá","Gámeza","2,023","7","1","0","0","0","3","0","0","5","0","0","0","0","0","0","0","1","0","0","0","0","8","POINT (-72.80553 5.802333)"
"05631","Antioquia","Sabaneta","2,023","6","4","0","0","0","0","0","4","5","1","0","1","0","0","0","0","0","0","0","0","0","10","POINT (-75.615479 6.149903)"
"25200","Cundinamarca","Cogua","2,023","4","7","0","0","0","0","0","8","3","0","0","0","0","0","0","0","0","0","0","0","0","11","POINT (-73.978497 5.061842)"
"20001","Cesar","Valledupar","2,023","805","704","1","0","646","75","690","66","26","7","3","17","0","0","0","0","1","0","0","0","0","1,510","POINT (-73.259398 10.460472)"
"91530","Amazonas","Puerto Alegría (Anm)","2,023","2","2","0","0","0","0","0","3","1","0","0","4","0","0","0","0","0","0","0","0","0","4","POINT (-74.014461 -1.005674)"
"23417","Córdoba","Lorica","2,026","219","236","0","0","0","167","284","4","0","0","1","5","0","0","0","0","6","0","116","0","0","455","POINT (-75.815984 9.240862)"
"15325","Boyacá","Guayatá","2,024","2","0","0","0","0","0","0","2","0","0","0","0","0","0","0","0","0","0","0","0","0","2","POINT (-73.489698 4.967122)"
"15531","Boyacá","Pauna","2,024","2","0","0","0","0","0","0","0","2","0","0","0","0","0","0","0","0","0","0","0","0","2","POINT (-73.978449 5.656323)"
"15332","Boyacá","Güicán de la Sierra","2,023","0","2","0","0","0","0","0","2","0","0","0","0","0","0","0","0","0","0","0","0","0","2","POINT (-72.411763 6.462864)"
"19075","Cauca","Balboa","2,023","2","0","0","0","0","0","0","1","0","1","0","0","0","0","0","0","0","0","0","0","0","2","POINT (-77.215773 2.040998)"
"25740","Cundinamarca","Sibaté","2,026","1","0","0","0","0","0","0","0","1","0","0","0","0","0","0","0","0","0","1","0","0","1","POINT (-74.258995 4.489774)"
"76100","Valle del Cauca","Bolívar","2,023","0","0","0","0","0","0","0","0","0","0","0","0","0","0","0","0","0","0","0","0","0","0","POINT (-76.183583 4.337846)"
"23678","Córdoba","San Carlos","2,024","0","0","0","0","0","0","0","0","0","0","0","0","0","0","0","0","0","0","0","0","0","0","POINT (-75.698799 8.799282)"
"27372","Chocó","Juradó","2,024","0","0","0","0","0","0","0","0","0","0","0","0","0","0","0","0","0","0","0","0","0","0","POINT (-77.762751 7.103619)"
"25815","Cundinamarca","Tocaima","2,025","0","0","0","0","0","0","0","0","0","0","0","0","0","0","0","0","0","0","0","0","0","0","POINT (-74.636296 4.459279)"
"13248","Bolívar","El Guamo","2,026","0","0","0","0","0","0","0","0","0","0","0","0","0","0","0","0","0","0","0","0","0","0","POINT (-74.976102 10.030874)"
"68444","Santander","Matanza","2,026","0","0","0","0","0","0","0","0","0","0","0","0","0","0","0","0","0","0","0","0","0","0","POINT (-73.015566 7.323175)"
"47720","Magdalena","Santa Bárbara de Pinto","2,025","412","335","0","0","25","220","457","36","8","1","9","0","0","0","0","0","0","0","410","0","0","747","POINT (-74.704667 9.432263)"
"15646","Boyacá","Samacá","2,025","236","249","0","0","49","375","52","9","0","0","0","0","0","0","0","0","0","0","475","0","0","485","POINT (-73.485589 5.492161)"
"73067","Tolima","Ataco","2,025","448","325","0","0","4","400","360","7","2","0","0","1","0","0","0","0","2","0","403","0","0","773","POINT (-75.382545 3.590591)"
"76041","Valle del Cauca","Ansermanuevo","2,025","47","64","0","0","0","8","99","3","1","0","0","0","0","0","0","0","0","0","110","0","0","111","POINT (-75.992003 4.794984)"
"05873","Antioquia","Vigía del Fuerte","2,025","4","1","0","0","0","0","0","1","4","0","3","2","0","0","0","0","0","0","0","0","0","5","POINT (-76.896004 6.588164)"
"05660","Antioquia","San Luis","2,024","1","3","0","0","0","0","0","3","1","0","0","0","0","0","0","0","0","0","0","0","0","4","POINT (-74.993562 6.043012)"
"54051","Norte de Santander","Arboledas","2,023","0","10","0","0","0","0","0","7","3","0","0","0","0","0","0","0","0","0","0","0","0","10","POINT (-72.798952 7.642985)"
"73067","Tolima","Ataco","2,023","36","28","0","0","48","2","3","7","1","3","0","0","0","0","0","0","0","0","0","0","0","64","POINT (-75.382545 3.590591)"
"13549","Bolívar","Pinillos","2,026","50","64","0","0","0","31","77","6","0","0","114","0","0","0","0","0","0","0","114","0","0","114","POINT (-74.462294 8.914952)"
"41026","Huila","Altamira","2,026","101","117","0","0","14","195","8","0","1","0","0","0","0","0","0","0","0","0","0","0","0","218","POINT (-75.788471 2.063841)"
"25645","Cundinamarca","San Antonio del Tequendama","2,026","2","0","0","0","0","0","0","0","2","0","0","0","0","0","0","0","0","0","0","0","0","2","POINT (-74.351443 4.616138)"
"68264","Santander","Encino","2,023","0","2","0","0","0","0","0","0","2","0","0","0","0","0","0","0","0","0","0","0","0","2","POINT (-73.098749 6.137429)"
"13670","Bolívar","San Pablo","2,023","1","1","0","0","0","0","0","0","1","1","0","0","0","0","0","0","0","0","0","0","0","2","POINT (-73.924602 7.476747)"
"63690","Quindío","Salento","2,026","1","0","0","0","0","0","0","0","1","0","0","0","0","0","0","0","0","0","0","0","0","1","POINT (-75.570844 4.637157)"
"05667","Antioquia","San Rafael","2,025","0","0","0","0","0","0","0","0","0","0","0","0","0","0","0","0","0","0","0","0","0","0","POINT (-75.02849 6.293759)"
"25295","Cundinamarca","Gachancipá","2,026","0","0","0","0","0","0","0","0","0","0","0","0","0","0","0","0","0","0","0","0","0","0","POINT (-73.873464 4.990947)"
"76892","Valle del Cauca","Yumbo","2,026","0","0","0","0","0","0","0","0","0","0","0","0","0","0","0","0","0","0","0","0","0","0","POINT (-76.499893 3.540097)"
"68162","Santander","Cerrito","2,024","151","136","0","0","3","129","116","17","4","18","0","103","0","0","0","0","0","0","0","0","0","287","POINT (-72.692345 6.844244)"
"73217","Tolima","Coyaima","2,024","241","290","0","0","5","248","266","5","4","3","0","3","0","0","0","0","0","0","0","0","0","531","POINT (-75.193862 3.798036)"
"47268","Magdalena","El Retén","2,024","221","208","0","0","0","144","266","16","3","0","141","0","0","0","0","0","0","0","0","0","0","429","POINT (-74.268412 10.610445)"
"23570","Córdoba","Pueblo Nuevo","2,024","215","234","0","0","0","129","286","28","6","0","1","0","0","0","0","0","0","0","0","0","0","449","POINT (-75.508035 8.504099)"
"15518","Boyacá","Pajarito","2,024","83","105","0","0","0","77","106","3","1","1","0","0","0","0","0","0","0","0","0","0","0","188","POINT (-72.703231 5.293783)"
"05209","Antioquia","Concordia","2,023","3","2","0","0","0","0","0","2","2","1","0","0","0","0","0","0","0","0","0","0","0","5","POINT (-75.908417 6.045766)"
"19785","Cauca","Sucre","2,023","7","5","0","0","0","12","0","0","0","0","0","0","0","0","0","0","0","0","0","0","0","12","POINT (-76.926279 2.038237)"
"52317","Nariño","Guachucal","2,023","14","10","0","0","0","1","0","21","1","1","0","18","0","0","0","0","1","0","0","0","0","24","POINT (-77.731589 0.959744)"
"66170","Risaralda","Dosquebradas","2,023","29","19","0","0","0","0","1","29","16","2","4","1","0","0","0","0","1","0","0","0","0","48","POINT (-75.682469 4.8272)"
"08638","Atlántico","Sabanalarga","2,026","302","291","0","0","43","387","161","2","0","0","0","0","0","0","0","0","8","0","0","0","0","593","POINT (-74.92153 10.632291)"
"15296","Boyacá","Gámeza","2,025","3","0","0","0","0","0","0","1","2","0","0","0","0","0","0","0","0","0","0","0","0","3","POINT (-72.80553 5.802333)"
"15109","Boyacá","Buenavista","2,024","2","0","0","0","0","0","0","0","2","0","0","0","0","0","0","0","0","0","0","0","0","2","POINT (-73.94217 5.512594)"
"97511","Vaupés","Pacoa (Anm)","2,023","0","1","0","0","0","0","0","0","1","0","0","1","0","0","0","0","0","0","0","0","0","1","POINT (-71.004339 0.020698)"
"05150","Antioquia","Carolina","2,025","1","0","0","0","0","0","0","0","1","0","0","0","0","0","0","0","0","0","0","0","0","1","POINT (-75.283192 6.725995)"
"20060","Cesar","Bosconia","2,026","1","0","0","0","0","0","0","0","1","0","0","0","0","0","0","0","0","0","0","0","0","1","POINT (-73.888761 9.975098)"
"50223","Meta","Cubarral","2,023","0","0","0","0","0","0","0","0","0","0","0","0","0","0","0","0","0","0","0","0","0","0","POINT (-73.838724 3.793614)"
"15185","Boyacá","Chitaraque","2,026","0","0","0","0","0","0","0","0","0","0","0","0","0","0","0","0","0","0","0","0","0","0","POINT (-73.4471 6.027425)"
"25524","Cundinamarca","Pandi","2,026","0","0","0","0","0","0","0","0","0","0","0","0","0","0","0","0","0","0","0","0","0","0","POINT (-74.486641 4.190393)"
"17174","Caldas","Chinchiná","2,025","1,109","1,090","0","0","100","1,362","715","6","5","11","0","0","0","0","0","0","88","0","102","0","0","2,199","POINT (-75.607529 4.985227)"
"66075","Risaralda","Balboa","2,025","178","175","0","0","15","218","113","7","0","0","0","11","0","0","0","0","7","0","226","0","0","353","POINT (-75.960134 4.945848)"
"76823","Valle del Cauca","Toro","2,025","179","181","0","0","0","105","253","1","1","0","5","0","0","0","0","0","11","0","3","0","0","360","POINT (-76.076859 4.608085)"
"13683","Bolívar","Santa Rosa","2,025","252","297","0","0","0","180","345","10","13","1","459","2","0","0","0","0","0","0","121","0","0","549","POINT (-75.369824 10.444396)"
"15224","Boyacá","Cucaita","2,025","103","83","0","0","0","17","166","3","0","0","0","0","0","0","0","0","8","0","98","0","0","186","POINT (-73.454338 5.544452)"
"73152","Tolima","Casabianca","2,025","46","55","0","0","8","50","42","1","0","0","0","0","0","0","0","0","0","0","101","0","0","101","POINT (-75.120966 5.078465)"
"47798","Magdalena","Tenerife","2,024","4","4","0","0","0","0","0","0","6","2","5","0","0","0","0","0","0","0","0","0","0","8","POINT (-74.860757 9.897759)"
"68872","Santander","Villanueva","2,024","4","1","0","0","1","0","0","0","4","0","0","0","0","0","0","0","0","0","0","0","0","5","POINT (-73.174307 6.670078)"
"47605","Magdalena","Remolino","2,024","114","93","0","0","0","27","176","2","2","0","87","0","0","0","0","0","0","0","0","0","0","207","POINT (-74.716172 10.701952)"
"25736","Cundinamarca","Sesquilé","2,024","5","1","0","0","1","0","0","0","5","0","1","0","0","0","0","0","0","0","0","0","0","6","POINT (-73.796099 5.04476)"
"05107","Antioquia","Briceño","2,024","16","13","0","0","0","1","25","3","0","0","0","1","0","0","0","0","0","0","0","0","0","29","POINT (-75.54813 7.114883)"
"13490","Bolívar","Norosí","2,023","5","0","0","0","0","0","0","2","3","0","0","0","0","0","0","0","0","0","0","0","0","5","POINT (-74.038043 8.526298)"
"13683","Bolívar","Santa Rosa","2,023","9","0","0","0","0","0","0","8","0","1","6","0","0","0","0","0","1","0","0","0","0","9","POINT (-75.369824 10.444396)"
"73283","Tolima","Fresno","2,023","9","1","0","0","0","0","0","7","3","0","0","0","0","0","0","0","0","0","0","0","0","10","POINT (-75.035722 5.153576)"
"05847","Antioquia","Urrao","2,023","62","78","0","0","0","87","53","0","0","0","0","1","0","0","0","0","0","0","0","0","0","140","POINT (-76.133951 6.317343)"
"05376","Antioquia","La Ceja","2,026","214","199","0","0","61","347","3","1","1","0","0","0","0","0","0","0","2","0","0","0","0","413","POINT (-75.429433 6.028062)"
"13212","Bolívar","Córdoba","2,026","310","400","0","0","9","420","278","3","0","0","0","0","0","0","0","0","0","0","592","0","0","710","POINT (-74.827391 9.586926)"
"05101","Antioquia","Ciudad Bolívar","2,023","1","2","0","0","0","0","0","2","1","0","0","0","0","0","0","0","0","0","0","0","0","3","POINT (-76.021509 5.850273)"
"25743","Cundinamarca","Silvania","2,025","3","0","0","0","0","0","0","0","3","0","0","0","0","0","0","0","0","0","0","0","0","3","POINT (-74.405534 4.381981)"
"76250","Valle del Cauca","El Dovio","2,024","0","0","0","0","0","0","0","0","0","0","0","0","0","0","0","0","0","0","0","0","0","0","POINT (-76.237084 4.510452)"
"17665","Caldas","San José","2,026","0","0","0","0","0","0","0","0","0","0","0","0","0","0","0","0","0","0","0","0","0","0","POINT (-75.792004 5.081569)"
"91540","Amazonas","Puerto Nariño","2,026","0","0","0","0","0","0","0","0","0","0","0","0","0","0","0","0","0","0","0","0","0","0","POINT (-70.365072 -3.78111)"
"23168","Córdoba","Chimá","2,025","6","0","0","0","0","0","0","0","6","0","0","5","0","0","0","0","0","0","0","0","0","6","POINT (-75.626886 9.149698)"
"76895","Valle del Cauca","Zarzal","2,025","232","211","0","0","37","327","79","0","0","0","69","1","0","0","0","0","7","0","174","0","0","443","POINT (-76.070795 4.392658)"
"76113","Valle del Cauca","Bugalagrande","2,025","165","162","0","1","14","268","36","2","8","0","2","0","0","0","0","0","4","0","180","0","0","328","POINT (-76.15682 4.208358)"
"08520","Atlántico","Palmar de Varela","2,025","390","500","0","0","3","438","446","2","1","0","0","3","0","0","0","0","0","0","0","0","0","890","POINT (-74.754765 10.738591)"
"27205","Chocó","Condoto","2,024","182","186","0","0","1","119","218","19","8","3","358","5","0","0","0","0","0","0","0","0","0","368","POINT (-76.650683 5.091003)"
"17877","Caldas","Viterbo","2,024","250","303","0","0","1","222","310","16","3","1","0","6","0","0","0","0","0","0","0","0","0","553","POINT (-75.87061 5.062664)"
"25658","Cundinamarca","San Francisco","2,023","4","2","0","0","0","0","0","1","3","2","0","1","0","0","0","0","0","0","0","0","0","6","POINT (-74.289672 4.972917)"
"27006","Chocó","Acandí","2,023","3","8","0","0","0","0","2","3","4","2","2","0","0","0","0","0","0","0","0","0","0","11","POINT (-77.279951 8.512178)"
"70708","Sucre","San Marcos","2,023","13","7","0","0","0","0","0","13","4","4","1","3","0","0","0","1","0","0","0","0","0","21","POINT (-75.132078 8.664585)"
"23672","Córdoba","San Antero","2,023","1","2","0","0","0","0","0","2","0","1","1","0","0","0","0","0","1","0","0","0","0","3","POINT (-75.76112 9.376434)"
"18479","Caquetá","Morelia","2,024","3","0","0","0","0","0","0","3","0","0","0","0","0","0","0","0","0","0","0","0","0","3","POINT (-75.724581 1.487623)"
"68169","Santander","Charta","2,025","0","1","0","1","0","0","1","1","0","0","0","0","0","0","0","0","0","0","0","0","0","2","POINT (-72.968798 7.28082)"
"15476","Boyacá","Motavita","2,023","2","0","0","0","2","0","0","0","0","0","0","0","0","0","0","0","0","0","0","0","0","2","POINT (-73.367841 5.5777)"
"25851","Cundinamarca","Útica","2,023","0","0","0","0","0","0","0","0","0","0","0","0","0","0","0","0","0","0","0","0","0","0","POINT (-74.483154 5.19055)"
"52323","Nariño","Gualmatán","2,024","0","0","0","0","0","0","0","0","0","0","0","0","0","0","0","0","0","0","0","0","0","0","POINT (-77.566815 0.919803)"
"25151","Cundinamarca","Cáqueza","2,026","0","0","0","0","0","0","0","0","0","0","0","0","0","0","0","0","0","0","0","0","0","0","POINT (-73.946473 4.404112)"
"50318","Meta","Guamal","2,026","0","0","0","0","0","0","0","0","0","0","0","0","0","0","0","0","0","0","0","0","0","0","POINT (-73.768324 3.880572)"
"54398","Norte de Santander","La Playa","2,026","0","0","0","0","0","0","0","0","0","0","0","0","0","0","0","0","0","0","0","0","0","0","POINT (-73.238417 8.212854)"
"73270","Tolima","Falan","2,026","0","0","0","0","0","0","0","0","0","0","0","0","0","0","0","0","0","0","0","0","0","0","POINT (-74.953007 5.123104)"
"52258","Nariño","El Tablón de Gómez","2,025","206","189","0","0","19","142","231","1","2","0","0","176","0","0","0","0","11","0","284","0","0","395","POINT (-77.097101 1.427277)"
"54051","Norte de Santander","Arboledas","2,025","258","258","0","0","8","265","240","3","0","0","0","0","0","0","0","0","7","0","345","0","0","516","POINT (-72.798952 7.642985)"
"52696","Nariño","Santa Bárbara","2,024","77","75","0","0","0","16","125","8","3","0","134","4","0","0","0","0","0","0","0","0","0","152","POINT (-77.979916 2.449653)"
"25183","Cundinamarca","Chocontá","2,024","4","2","0","0","0","0","0","4","2","0","0","0","0","0","0","0","0","0","0","0","0","6","POINT (-73.683533 5.145224)"
"52022","Nariño","Aldana","2,024","13","5","0","0","0","0","0","8","10","0","0","9","0","0","0","0","0","0","0","0","0","18","POINT (-77.700564 0.882381)"
"41503","Huila","Oporapa","2,024","106","90","0","0","1","75","113","2","5","0","0","0","0","0","0","0","2","0","0","0","0","196","POINT (-75.995165 2.025088)"
"05480","Antioquia","Mutatá","2,024","64","80","0","0","0","64","76","0","2","2","0","0","0","0","0","0","0","0","0","0","0","144","POINT (-76.435875 7.242875)"
"05667","Antioquia","San Rafael","2,023","2","2","0","0","0","0","0","2","2","0","0","0","0","0","0","0","0","0","0","0","0","4","POINT (-75.02849 6.293759)"
"23466","Córdoba","Montelíbano","2,026","344","407","0","0","0","483","268","0","0","0","1","7","0","0","0","0","0","0","220","0","0","751","POINT (-75.416818 7.973777)"
"27245","Chocó","El Carmen de Atrato","2,026","92","110","0","0","18","138","44","0","1","1","0","200","0","0","0","0","0","0","1","0","0","202","POINT (-76.142112 5.899789)"
"52520","Nariño","Francisco Pizarro","2,026","147","162","0","0","8","98","169","34","0","0","309","0","0","0","0","0","0","0","0","0","0","309","POINT (-78.658361 2.040629)"
"94887","Guainía","Pana Pana (Anm)","2,023","0","0","0","0","0","0","0","0","0","0","0","0","0","0","0","0","0","0","0","0","0","0","POINT (-69.0099 1.865668)"
"25592","Cundinamarca","Quebradanegra","2,024","0","0","0","0","0","0","0","0","0","0","0","0","0","0","0","0","0","0","0","0","0","0","POINT (-74.48014 5.118076)"
"25599","Cundinamarca","Apulo","2,025","0","0","0","0","0","0","0","0","0","0","0","0","0","0","0","0","0","0","0","0","0","0","POINT (-74.593926 4.520304)"
"20770","Cesar","San Martín","2,026","0","0","0","0","0","0","0","0","0","0","0","0","0","0","0","0","0","0","0","0","0","0","POINT (-73.510914 7.999855)"
"25488","Cundinamarca","Nilo","2,026","0","0","0","0","0","0","0","0","0","0","0","0","0","0","0","0","0","0","0","0","0","0","POINT (-74.620009 4.305838)"
"68179","Santander","Chipatá","2,026","0","0","0","0","0","0","0","0","0","0","0","0","0","0","0","0","0","0","0","0","0","0","POINT (-73.637111 6.062521)"
"70708","Sucre","San Marcos","2,025","176","165","0","0","2","233","95","1","9","1","1","222","0","0","0","0","0","0","333","0","0","341","POINT (-75.132078 8.664585)"
"52224","Nariño","Cuaspud Carlosama","2,025","6","1","0","0","0","0","0","1","6","0","0","5","0","0","0","0","0","0","0","0","0","7","POINT (-77.728947 0.862978)"
"15480","Boyacá","Muzo","2,025","43","37","0","0","0","38","36","4","2","0","0","0","0","0","0","0","0","0","0","0","0","80","POINT (-74.10269 5.532758)"
"50577","Meta","Puerto Lleras","2,024","162","163","0","0","4","126","166","26","2","1","0","0","0","0","0","0","2","0","0","0","0","325","POINT (-73.373743 3.269732)"
"15693","Boyacá","Santa Rosa de Viterbo","2,024","7","3","0","0","0","0","0","6","4","0","0","0","0","0","0","0","0","0","0","0","0","10","POINT (-72.982461 5.874547)"
"52378","Nariño","La Cruz","2,023","4","7","0","0","0","0","0","7","4","0","0","0","0","0","0","0","0","0","0","0","0","11","POINT (-76.970504 1.601318)"
"27800","Chocó","Unguía","2,023","6","9","0","0","0","0","0","7","8","0","7","0","0","0","0","0","0","0","0","0","0","15","POINT (-77.091753 8.042761)"
"25817","Cundinamarca","Tocancipá","2,023","13","3","0","0","0","1","0","7","8","0","0","0","0","0","0","0","0","0","0","0","0","16","POINT (-73.912091 4.964786)"
"19693","Cauca","San Sebastián","2,026","136","141","0","0","19","117","139","2","0","0","0","0","0","0","0","0","2","0","277","0","0","277","POINT (-76.769467 1.838451)"
"76130","Valle del Cauca","Candelaria","2,024","1","2","0","0","0","0","0","3","0","0","3","0","0","0","0","0","0","0","0","0","0","3","POINT (-76.346663 3.407761)"
"91430","Amazonas","La Victoria (Anm)","2,023","0","0","0","0","0","0","0","0","0","0","0","0","0","0","0","0","0","0","0","0","0","0","POINT (-71.223208 0.054936)"
"15380","Boyacá","La Capilla","2,026","0","0","0","0","0","0","0","0","0","0","0","0","0","0","0","0","0","0","0","0","0","0","POINT (-73.444347 5.095687)"
"25339","Cundinamarca","Gutiérrez","2,026","0","0","0","0","0","0","0","0","0","0","0","0","0","0","0","0","0","0","0","0","0","0","POINT (-74.003042 4.254679)"
"50006","Meta","Acacías","2,025","526","581","0","0","66","858","115","5","36","27","4","0","0","0","0","0","3","0","235","0","0","1,107","POINT (-73.765909 3.990024)"
"52885","Nariño","Yacuanquer","2,025","30","3","0","0","1","20","2","3","7","0","0","0","0","0","0","0","0","0","1","0","0","33","POINT (-77.402824 1.114556)"
"76892","Valle del Cauca","Yumbo","2,025","191","155","0","0","41","268","24","2","11","0","4","2","0","0","0","0","0","0","0","0","0","346","POINT (-76.499893 3.540097)"
"15491","Boyacá","Nobsa","2,024","209","204","0","0","1","138","264","9","1","0","0","0","0","0","0","0","0","0","0","0","0","413","POINT (-72.939853 5.771043)"
"68266","Santander","Enciso","2,024","123","117","0","0","0","3","217","20","0","0","1","0","0","0","0","0","0","0","0","0","0","240","POINT (-72.699647 6.668034)"
"05440","Antioquia","Marinilla","2,023","8","4","0","0","0","1","0","10","1","0","0","0","0","0","0","0","0","0","0","0","0","12","POINT (-75.33889 6.172156)"
"27150","Chocó","Carmen del Darién","2,023","337","375","0","0","292","0","3","3","6","408","219","14","0","0","0","0","0","0","0","0","0","712","POINT (-76.970795 7.158538)"
"05197","Antioquia","Cocorná","2,026","116","131","0","0","4","165","77","1","0","0","0","0","0","0","0","0","8","0","132","0","0","247","POINT (-75.185483 6.058295)"
"23670","Córdoba","San Andrés de Sotavento","2,026","202","178","0","0","0","200","174","6","0","0","0","340","0","0","0","0","18","0","45","0","0","380","POINT (-75.508817 9.145345)"
"05308","Antioquia","Girardota","2,024","2","1","0","0","0","0","0","3","0","0","0","0","0","0","0","0","0","0","0","0","0","3","POINT (-75.444235 6.379487)"
"15368","Boyacá","Jericó","2,025","0","2","0","0","0","0","0","0","2","0","0","0","0","0","0","0","0","0","2","0","0","2","POINT (-72.57073 6.145902)"
"15816","Boyacá","Togüí","2,024","1","0","0","0","0","0","0","0","1","0","0","0","0","0","0","0","0","0","0","0","0","1","POINT (-73.513655 5.937438)"
"15816","Boyacá","Togüí","2,025","1","0","0","0","0","0","0","0","1","0","0","0","0","0","0","0","0","0","0","0","0","1","POINT (-73.513655 5.937438)"
"15522","Boyacá","Panqueba","2,023","0","0","0","0","0","0","0","0","0","0","0","0","0","0","0","0","0","0","0","0","0","0","POINT (-72.459424 6.443416)"
"76497","Valle del Cauca","Obando","2,023","0","0","0","0","0","0","0","0","0","0","0","0","0","0","0","0","0","0","0","0","0","0","POINT (-75.974709 4.575712)"
"05858","Antioquia","Vegachí","2,026","0","0","0","0","0","0","0","0","0","0","0","0","0","0","0","0","0","0","0","0","0","0","POINT (-74.798714 6.773525)"
"08849","Atlántico","Usiacurí","2,026","0","0","0","0","0","0","0","0","0","0","0","0","0","0","0","0","0","0","0","0","0","0","POINT (-74.976985 10.74298)"
"44035","La Guajira","Albania","2,025","461","335","0","0","13","322","415","40","6","0","3","455","0","0","0","0","2","0","0","0","0","796","POINT (-72.598522 11.157489)"
"41503","Huila","Oporapa","2,025","127","102","0","0","0","117","110","1","1","0","0","0","0","0","0","0","4","0","125","0","0","229","POINT (-75.995165 2.025088)"
"05756","Antioquia","Sonsón","2,024","9","3","0","0","0","0","0","4","8","0","0","0","0","0","0","0","0","0","0","0","0","12","POINT (-75.309596 5.714851)"
"15480","Boyacá","Muzo","2,024","45","37","0","0","0","38","36","4","4","0","0","0","0","0","0","0","0","0","0","0","0","82","POINT (-74.10269 5.532758)"
"73352","Tolima","Icononzo","2,024","65","58","0","0","11","63","32","13","4","0","0","0","0","0","0","0","0","0","0","0","0","123","POINT (-74.531969 4.176487)"
"18247","Caquetá","El Doncello","2,024","411","412","0","0","9","255","506","35","17","1","5","2","0","0","0","0","0","0","0","0","0","823","POINT (-75.283631 1.679951)"
"41615","Huila","Rivera","2,024","78","67","0","0","0","66","76","2","1","0","0","0","0","0","0","0","6","0","0","0","0","145","POINT (-75.258643 2.777638)"
"19256","Cauca","El Tambo","2,026","522","535","0","0","55","494","497","11","0","0","3","38","0","0","0","0","17","0","936","0","0","1,057","POINT (-76.810911 2.451409)"
"52001","Nariño","Pasto","2,026","5","1","0","1","0","0","0","2","4","1","0","0","0","0","0","0","1","0","1","0","0","7","POINT (-77.278597 1.212022)"
"52885","Nariño","Yacuanquer","2,024","3","0","0","0","0","0","0","3","0","0","0","0","0","0","0","0","0","0","0","0","0","3","POINT (-77.402824 1.114556)"
"52560","Nariño","Potosí","2,025","3","0","0","0","0","0","0","0","3","0","0","2","0","0","0","0","0","0","1","0","0","3","POINT (-77.572792 0.806342)"
"25899","Cundinamarca","Zipaquirá","2,026","0","1","0","0","0","0","0","0","1","0","0","0","0","0","0","0","0","0","0","0","0","1","POINT (-73.994434 5.02544)"
"05308","Antioquia","Girardota","2,025","459","526","0","0","76","878","21","1","3","6","8","0","0","0","0","0","16","0","119","0","0","985","POINT (-75.444235 6.379487)"
"18460","Caquetá","Milán","2,025","448","479","0","0","59","277","549","39","3","0","0","214","0","0","0","0","5","0","713","0","0","927","POINT (-75.506926 1.29021)"
"68266","Santander","Enciso","2,025","110","112","0","1","0","27","186","10","0","0","1","0","0","0","0","0","7","0","158","0","0","223","POINT (-72.699647 6.668034)"
"18247","Caquetá","El Doncello","2,025","667","715","0","0","164","582","586","44","6","0","0","1","0","0","0","0","0","0","206","0","0","1,382","POINT (-75.283631 1.679951)"
"15491","Boyacá","Nobsa","2,025","460","439","0","0","47","342","497","11","2","0","0","0","0","0","0","0","0","0","178","0","0","899","POINT (-72.939853 5.771043)"
"70473","Sucre","Morroa","2,024","4","3","0","0","0","0","0","3","4","0","0","0","0","0","0","0","0","0","0","0","0","7","POINT (-75.305949 9.331395)"
"52224","Nariño","Cuaspud Carlosama","2,024","3","2","0","0","0","0","0","1","4","0","0","5","0","0","0","0","0","0","0","0","0","5","POINT (-77.728947 0.862978)"
"05664","Antioquia","San Pedro de los Milagros","2,023","3","4","0","0","0","0","0","6","1","0","0","0","0","0","0","0","0","0","0","0","0","7","POINT (-75.556743 6.46012)"
"47707","Magdalena","Santa Ana","2,023","7","0","0","0","0","0","0","2","5","0","0","0","0","0","0","0","0","0","0","0","0","7","POINT (-74.567658 9.321759)"
"54820","Norte de Santander","Toledo","2,023","7","9","0","0","0","0","0","10","4","2","0","0","0","0","0","0","1","0","0","0","0","16","POINT (-72.485088 7.310023)"
"05686","Antioquia","Santa Rosa de Osos","2,023","157","143","0","0","300","0","0","0","0","0","0","0","0","0","0","0","0","0","0","0","0","300","POINT (-75.460723 6.643366)"
"52356","Nariño","Ipiales","2,023","325","379","2","0","53","391","26","33","31","172","0","93","0","0","0","0","0","0","0","0","0","706","POINT (-77.646367 0.827732)"
"19622","Cauca","Rosas","2,023","2","2","0","0","0","0","0","2","2","0","2","0","0","0","0","0","0","0","0","0","0","4","POINT (-76.740336 2.260941)"
"68745","Santander","Simacota","2,023","2","2","0","0","0","0","0","2","2","0","0","0","0","0","0","0","2","0","0","0","0","4","POINT (-73.337368 6.443471)"
"25126","Cundinamarca","Cajicá","2,026","6","0","0","0","0","0","0","0","6","0","0","0","0","0","0","0","1","0","0","0","0","6","POINT (-74.02298 4.920009)"
"15533","Boyacá","Paya","2,023","0","1","0","0","0","1","0","0","0","0","0","0","0","0","0","0","0","0","0","0","0","1","POINT (-72.423775 5.625699)"
"25898","Cundinamarca","Zipacón","2,024","0","0","0","0","0","0","0","0","0","0","0","0","0","0","0","0","0","0","0","0","0","0","POINT (-74.379566 4.759932)"
"70820","Sucre","Santiago de Tolú","2,024","0","0","0","0","0","0","0","0","0","0","0","0","0","0","0","0","0","0","0","0","0","0","POINT (-75.581284 9.525454)"
"68255","Santander","El Playón","2,025","416","448","0","1","35","603","199","19","9","0","0","0","0","0","0","0","8","0","283","0","0","865","POINT (-73.20287 7.470715)"
"54128","Norte de Santander","Cáchira","2,025","113","115","0","0","24","108","93","3","0","0","0","0","0","0","0","0","1","0","228","0","0","228","POINT (-73.048983 7.741248)"
"52683","Nariño","Sandoná","2,025","98","136","0","0","0","63","164","2","4","1","0","0","2","0","0","0","0","0","4","0","0","234","POINT (-77.469571 1.286137)"
"13620","Bolívar","San Cristóbal","2,024","22","5","0","0","0","0","3","0","19","5","3","0","0","0","0","0","0","0","0","0","0","27","POINT (-75.065076 10.392836)"
"52683","Nariño","Sandoná","2,024","50","89","0","0","0","34","95","8","2","0","0","0","0","0","0","0","0","0","0","0","0","139","POINT (-77.469571 1.286137)"
"50689","Meta","San Martín","2,024","251","231","0","1","0","263","195","25","0","0","0","0","0","0","0","0","0","0","0","0","0","483","POINT (-73.695812 3.701899)"
"18860","Caquetá","Valparaíso","2,023","19","5","0","0","0","2","11","6","4","1","0","2","0","0","0","0","0","0","0","0","0","24","POINT (-75.70671 1.194619)"
"05656","Antioquia","San Jerónimo","2,026","180","195","0","0","9","248","112","6","0","0","1","0","0","0","0","0","2","0","32","0","0","375","POINT (-75.726975 6.44809)"
"13744","Bolívar","Simití","2,026","321","338","0","0","18","401","239","1","0","0","0","0","0","0","0","0","0","0","448","0","0","659","POINT (-73.946715 7.9546)"
"05361","Antioquia","Ituango","2,023","2","1","0","0","0","0","0","1","2","0","0","0","0","0","0","0","0","0","0","0","0","3","POINT (-75.764673 7.171629)"
"05756","Antioquia","Sonsón","2,025","2","0","0","0","0","0","0","0","2","0","0","0","0","0","0","0","0","0","0","0","0","2","POINT (-75.309596 5.714851)"
"15401","Boyacá","La Victoria","2,025","2","0","0","0","0","0","0","0","2","0","0","0","0","0","0","0","0","0","0","0","0","2","POINT (-74.234393 5.523792)"
"68051","Santander","Aratoca","2,023","0","2","0","0","0","0","0","2","0","0","0","0","0","0","0","0","0","0","0","0","0","2","POINT (-73.01786 6.694418)"
"25279","Cundinamarca","Fómeque","2,023","2","0","0","0","0","0","0","0","2","0","0","0","0","0","0","0","0","0","0","0","0","2","POINT (-73.892523 4.485474)"
"68207","Santander","Concepción","2,023","1","0","0","0","0","1","0","0","0","0","0","0","0","0","0","0","0","0","0","0","0","1","POINT (-72.694583 6.768918)"
"68176","Santander","Chima","2,025","0","0","0","1","0","0","0","1","0","0","0","0","0","0","0","0","0","0","0","0","0","1","POINT (-73.373656 6.344348)"
"68468","Santander","Molagavita","2,024","0","0","0","0","0","0","0","0","0","0","0","0","0","0","0","0","0","0","0","0","0","0","POINT (-72.809177 6.674326)"
"05847","Antioquia","Urrao","2,026","0","0","0","0","0","0","0","0","0","0","0","0","0","0","0","0","0","0","0","0","0","0","POINT (-76.133951 6.317343)"
"08770","Atlántico","Suan","2,026","0","0","0","0","0","0","0","0","0","0","0","0","0","0","0","0","0","0","0","0","0","0","POINT (-74.881687 10.335432)"
"17486","Caldas","Neira","2,026","0","0","0","0","0","0","0","0","0","0","0","0","0","0","0","0","0","0","0","0","0","0","POINT (-75.519886 5.166799)"
"47161","Magdalena","Cerro de San Antonio","2,026","0","0","0","0","0","0","0","0","0","0","0","0","0","0","0","0","0","0","0","0","0","0","POINT (-74.868481 10.325621)"
"68245","Santander","El Guacamayo","2,026","0","0","0","0","0","0","0","0","0","0","0","0","0","0","0","0","0","0","0","0","0","0","POINT (-73.496893 6.245119)"
"68502","Santander","Onzaga","2,026","0","0","0","0","0","0","0","0","0","0","0","0","0","0","0","0","0","0","0","0","0","0","POINT (-72.816766 6.344104)"
"76041","Valle del Cauca","Ansermanuevo","2,026","0","0","0","0","0","0","0","0","0","0","0","0","0","0","0","0","0","0","0","0","0","0","POINT (-75.992003 4.794984)"
"76243","Valle del Cauca","El Águila","2,026","0","0","0","0","0","0","0","0","0","0","0","0","0","0","0","0","0","0","0","0","0","0","POINT (-76.041317 4.909568)"
"50577","Meta","Puerto Lleras","2,025","321","321","0","0","39","295","276","27","4","1","0","0","0","0","0","0","2","0","616","0","0","642","POINT (-73.373743 3.269732)"
"15368","Boyacá","Jericó","2,024","8","6","0","0","0","0","7","2","4","1","0","0","0","0","0","0","0","0","0","0","0","14","POINT (-72.57073 6.145902)"
"70708","Sucre","San Marcos","2,024","18","7","0","0","2","0","0","5","11","7","1","1","0","0","0","0","0","0","0","0","0","25","POINT (-75.132078 8.664585)"
"50006","Meta","Acacías","2,024","190","235","0","0","1","320","65","3","34","2","0","0","0","0","0","0","1","0","0","0","0","425","POINT (-73.765909 3.990024)"
"68020","Santander","Albania","2,024","2","5","0","0","0","0","0","2","3","2","0","0","0","0","0","0","0","0","0","0","0","7","POINT (-73.913823 5.758993)"
"76892","Valle del Cauca","Yumbo","2,024","3","1","0","0","0","0","0","1","3","0","0","0","0","0","0","0","0","0","0","0","0","4","POINT (-76.499893 3.540097)"
"05697","Antioquia","El Santuario","2,023","2","4","0","0","0","1","0","4","1","0","0","0","0","0","0","0","0","0","0","0","0","6","POINT (-75.265851 6.137058)"
"15500","Boyacá","Oicatá","2,023","7","0","0","0","0","1","0","1","5","0","0","0","0","0","0","0","0","0","0","0","0","7","POINT (-73.308399 5.595235)"
"19532","Cauca","Patía","2,023","220","197","0","0","41","213","143","0","12","8","411","0","0","0","0","0","0","0","0","0","0","417","POINT (-76.981075 2.115875)"
"44279","La Guajira","Fonseca","2,023","132","106","0","0","8","103","80","24","20","3","6","214","0","0","0","0","1","0","0","0","0","238","POINT (-72.846662 10.884301)"
"68655","Santander","Sabana de Torres","2,023","4","0","0","0","0","0","0","0","4","0","0","0","0","0","0","0","0","0","0","0","0","4","POINT (-73.49906 7.391919)"
"25473","Cundinamarca","Mosquera","2,026","6","1","0","0","0","0","0","0","6","1","0","0","0","0","0","0","1","0","1","0","0","7","POINT (-74.231775 4.711371)"
"52427","Nariño","Magüí","2,026","44","56","0","0","0","49","51","0","0","0","99","0","0","0","0","0","0","0","0","0","0","100","POINT (-78.183024 1.76523)"
"17272","Caldas","Filadelfia","2,024","1","0","0","0","0","0","0","1","0","0","0","1","0","0","0","0","0","0","0","0","0","1","POINT (-75.562474 5.297091)"
"97001","Vaupés","Mitú","2,025","503","504","0","0","14","233","681","77","2","0","2","968","0","0","0","0","1","0","170","0","0","1,007","POINT (-70.232641 1.253151)"
"41615","Huila","Rivera","2,025","116","115","0","0","1","101","128","1","0","0","0","0","0","0","0","0","15","0","88","0","0","231","POINT (-75.258643 2.777638)"
"13688","Bolívar","Santa Rosa del Sur","2,025","451","415","0","0","63","413","371","6","13","0","0","0","0","0","0","0","7","0","612","0","0","866","POINT (-74.052943 7.963626)"
"19110","Cauca","Buenos Aires","2,024","139","137","0","1","7","135","114","12","5","4","274","1","0","0","0","0","0","0","0","0","0","277","POINT (-76.642238 3.015382)"
"15469","Boyacá","Moniquirá","2,024","7","8","0","0","0","1","6","3","4","1","0","0","0","0","0","0","0","0","0","0","0","15","POINT (-73.573374 5.876331)"
"19824","Cauca","Totoró","2,023","11","8","0","0","0","1","0","17","2","0","0","14","0","0","0","0","0","0","0","0","0","20","POINT (-76.402443 2.510229)"
"86568","Putumayo","Puerto Asís","2,023","359","319","0","0","41","212","100","52","25","248","14","28","0","0","0","0","62","0","0","0","0","678","POINT (-76.496887 0.505627)"
"23580","Córdoba","Puerto Libertador","2,026","276","236","0","0","0","210","301","0","1","0","3","66","0","0","0","0","1","0","101","0","0","512","POINT (-75.671761 7.888859)"
"41359","Huila","Isnos","2,026","175","177","0","0","1","192","159","0","0","0","0","3","0","0","0","0","4","0","231","0","0","352","POINT (-76.217637 1.929467)"
"25797","Cundinamarca","Tena","2,024","1","0","0","0","0","0","0","0","1","0","0","0","0","0","0","0","0","0","0","0","0","1","POINT (-74.389193 4.655286)"
"15839","Boyacá","Tutazá","2,026","1","0","0","0","0","0","0","1","0","0","0","0","0","0","0","0","0","0","0","0","0","1","POINT (-72.856035 6.032608)"
"68020","Santander","Albania","2,025","0","0","0","0","0","0","0","0","0","0","0","0","0","0","0","0","0","0","0","0","0","0","POINT (-73.913823 5.758993)"
"05107","Antioquia","Briceño","2,026","0","0","0","0","0","0","0","0","0","0","0","0","0","0","0","0","0","0","0","0","0","0","POINT (-75.54813 7.114883)"
"25530","Cundinamarca","Paratebueno","2,026","0","0","0","0","0","0","0","0","0","0","0","0","0","0","0","0","0","0","0","0","0","0","POINT (-73.212825 4.374832)"
"19110","Cauca","Buenos Aires","2,025","234","220","0","0","3","271","163","10","7","0","448","3","0","0","0","0","0","0","0","0","0","454","POINT (-76.642238 3.015382)"
"68176","Santander","Chima","2,024","4","2","0","0","0","0","0","3","3","0","0","0","0","0","0","0","0","0","0","0","0","6","POINT (-73.373656 6.344348)"
"13001","Bolívar","Cartagena de Indias","2,023","309","207","1","0","7","71","298","64","65","13","83","3","0","0","0","0","12","0","0","0","0","518","POINT (-75.496269 10.385126)"
"25290","Cundinamarca","Fusagasugá","2,023","70","89","0","0","0","35","89","25","10","0","0","2","0","0","0","0","0","0","0","0","0","159","POINT (-74.365398 4.337922)"
"41807","Huila","Timaná","2,026","196","225","0","0","98","113","208","2","0","0","0","0","0","0","0","0","3","0","201","0","0","421","POINT (-75.932167 1.974539)"
"73555","Tolima","Planadas","2,026","49","55","0","0","11","74","19","0","0","0","0","0","0","0","0","0","2","0","104","0","0","104","POINT (-75.644163 3.197911)"
"15693","Boyacá","Santa Rosa de Viterbo","2,025","0","1","0","0","0","0","0","0","1","0","0","0","0","0","0","0","0","0","0","0","0","1","POINT (-72.982461 5.874547)"
"05306","Antioquia","Giraldo","2,023","0","0","0","0","0","0","0","0","0","0","0","0","0","0","0","0","0","0","0","0","0","0","POINT (-75.952158 6.680808)"
"25328","Cundinamarca","Guayabal de Síquima","2,026","0","0","0","0","0","0","0","0","0","0","0","0","0","0","0","0","0","0","0","0","0","0","POINT (-74.467437 4.877968)"
"85440","Casanare","Villanueva","2,026","0","0","0","0","0","0","0","0","0","0","0","0","0","0","0","0","0","0","0","0","0","0","POINT (-72.927446 4.610006)"
"05376","Antioquia","La Ceja","2,025","332","312","0","0","62","521","33","1","19","8","0","0","0","0","0","0","1","0","3","0","0","644","POINT (-75.429433 6.028062)"
"08433","Atlántico","Malambo","2,025","820","885","0","0","71","966","657","5","6","0","6","199","0","0","0","0","26","0","8","0","0","1,705","POINT (-74.778892 10.851407)"
"27600","Chocó","Río Quito","2,025","334","401","0","0","21","240","446","28","0","0","729","5","0","0","0","0","3","0","65","0","0","735","POINT (-76.740684 5.483667)"
"05789","Antioquia","Támesis","2,025","298","352","0","0","86","424","123","10","7","0","158","0","0","0","0","0","6","0","210","0","0","650","POINT (-75.714429 5.664645)"
"15223","Boyacá","Cubará","2,024","6","0","0","0","0","0","0","0","5","1","0","1","0","0","0","0","0","0","0","0","0","6","POINT (-72.110688 7.000093)"
"13673","Bolívar","Santa Catalina","2,023","7","2","0","0","0","0","0","4","5","0","5","0","0","0","0","0","0","0","0","0","0","9","POINT (-75.287786 10.605178)"
"54405","Norte de Santander","Los Patios","2,023","8","9","0","0","0","0","0","9","6","2","0","0","0","0","0","0","1","0","0","0","0","17","POINT (-72.505764 7.833055)"
"23678","Córdoba","San Carlos","2,023","12","6","0","0","0","1","0","17","0","0","0","0","0","0","0","0","0","0","0","0","0","18","POINT (-75.698799 8.799282)"
"76890","Valle del Cauca","Yotoco","2,023","101","101","0","0","3","117","80","0","2","0","2","15","0","0","0","0","4","0","0","0","0","202","POINT (-76.382698 3.861241)"
"25483","Cundinamarca","Nariño","2,024","3","0","0","0","0","0","0","3","0","0","2","0","0","0","0","0","0","0","0","0","0","3","POINT (-74.824732 4.399837)"
"52435","Nariño","Mallama","2,023","1","0","0","0","0","0","0","0","1","0","0","0","0","0","0","0","0","0","0","0","0","1","POINT (-77.864549 1.141037)"
"17442","Caldas","Marmato","2,026","0","0","0","0","0","0","0","0","0","0","0","0","0","0","0","0","0","0","0","0","0","0","POINT (-75.600049 5.47422)"
"73408","Tolima","Lérida","2,026","0","0","0","0","0","0","0","0","0","0","0","0","0","0","0","0","0","0","0","0","0","0","POINT (-74.910716 4.862046)"
"17777","Caldas","Supía","2,025","709","690","0","0","47","1,021","307","2","4","18","8","433","0","0","0","0","27","0","467","0","0","1,399","POINT (-75.64966 5.446843)"
"23300","Córdoba","Cotorra","2,025","289","334","0","0","28","278","309","0","8","0","0","8","0","0","0","0","0","0","560","0","0","623","POINT (-75.799216 9.037163)"
"52079","Nariño","Barbacoas","2,025","214","186","0","2","0","111","227","55","9","0","165","218","0","0","0","0","0","0","136","0","0","402","POINT (-78.139425 1.670423)"
"73319","Tolima","Guamo","2,025","801","814","0","0","144","623","800","48","0","0","0","15","0","0","0","0","5","0","493","0","0","1,615","POINT (-74.968135 4.030992)"
"50711","Meta","Vistahermosa","2,025","452","499","0","0","36","357","520","37","1","0","0","0","0","0","0","0","0","0","709","0","0","951","POINT (-73.750911 3.125577)"
"15212","Boyacá","Coper","2,025","4","0","0","0","0","0","0","0","4","0","0","0","0","0","0","0","0","0","4","0","0","4","POINT (-74.045636 5.475074)"
"54398","Norte de Santander","La Playa","2,024","11","4","0","0","0","1","3","1","5","5","0","0","0","0","0","0","1","0","0","0","0","15","POINT (-73.238417 8.212854)"
"68547","Santander","Piedecuesta","2,024","1,514","1,526","0","0","0","2,520","514","2","4","0","6","0","0","0","0","0","15","0","0","0","0","3,040","POINT (-73.054493 6.997272)"
"47318","Magdalena","Guamal","2,024","131","82","0","0","0","19","166","19","9","0","3","0","0","0","0","0","0","0","0","0","0","213","POINT (-74.223689 9.144354)"
"20621","Cesar","La Paz","2,024","289","358","0","0","0","156","490","0","0","1","0","0","0","0","0","0","2","0","0","0","0","647","POINT (-73.171365 10.387552)"
"52233","Nariño","Cumbitara","2,023","10","5","0","0","0","3","2","4","6","0","0","0","0","0","0","0","5","0","0","0","0","15","POINT (-77.578616 1.647163)"
"19130","Cauca","Cajibío","2,023","15","20","0","0","0","5","2","20","5","3","0","9","1","0","0","0","0","0","0","0","0","35","POINT (-76.570682 2.623371)"
"81001","Arauca","Arauca","2,023","205","210","0","0","6","192","181","27","7","2","2","3","0","0","0","0","8","0","0","0","0","415","POINT (-70.74635 7.077359)"
"23815","Córdoba","Tuchín","2,026","108","122","0","0","10","114","105","1","0","0","0","228","0","0","0","0","1","0","0","0","0","230","POINT (-75.554451 9.186966)"
"25843","Cundinamarca","Villa de San Diego de Ubaté","2,024","1","0","0","0","0","0","0","0","1","0","0","0","0","0","0","0","0","0","0","0","0","1","POINT (-73.814356 5.307528)"
"15224","Boyacá","Cucaita","2,026","1","0","0","0","0","0","0","0","1","0","0","0","0","0","0","0","0","0","0","0","0","1","POINT (-73.454338 5.544452)"
"25148","Cundinamarca","Caparrapí","2,026","0","0","0","0","0","0","0","0","0","0","0","0","0","0","0","0","0","0","0","0","0","0","POINT (-74.490708 5.34901)"
"25372","Cundinamarca","Junín","2,026","0","0","0","0","0","0","0","0","0","0","0","0","0","0","0","0","0","0","0","0","0","0","POINT (-73.662961 4.79057)"
"47980","Magdalena","Zona Bananera","2,026","0","0","0","0","0","0","0","0","0","0","0","0","0","0","0","0","0","0","0","0","0","0","POINT (-74.140091 10.763024)"
"68895","Santander","Zapatoca","2,026","0","0","0","0","0","0","0","0","0","0","0","0","0","0","0","0","0","0","0","0","0","0","POINT (-73.268034 6.814387)"
"25843","Cundinamarca","Villa de San Diego de Ubaté","2,025","31","3","0","0","0","0","0","3","19","12","1","0","0","0","0","0","0","0","22","0","0","34","POINT (-73.814356 5.307528)"
"66687","Risaralda","Santuario","2,025","338","338","0","0","105","412","153","6","0","0","2","3","0","0","0","0","5","0","519","0","0","676","POINT (-75.962196 5.072762)"
"05576","Antioquia","Pueblorrico","2,025","5","14","0","0","0","0","0","13","6","0","0","0","0","0","0","0","0","0","0","0","0","19","POINT (-75.83737 5.792984)"
"17777","Caldas","Supía","2,024","247","224","0","1","4","351","108","9","0","0","0","205","0","0","0","1","0","0","0","0","0","472","POINT (-75.64966 5.446843)"
"73319","Tolima","Guamo","2,024","318","321","0","0","15","254","338","31","1","0","0","3","0","0","0","0","0","0","0","0","0","639","POINT (-74.968135 4.030992)"
"52079","Nariño","Barbacoas","2,024","179","174","0","0","1","20","250","58","23","1","176","149","0","0","0","0","0","0","0","0","0","353","POINT (-78.139425 1.670423)"
"85125","Casanare","Hato Corozal","2,024","176","148","0","0","3","117","182","19","3","0","0","0","0","0","0","0","0","0","0","0","0","324","POINT (-71.764184 6.154097)"
"73686","Tolima","Santa Isabel","2,023","8","7","0","0","0","0","0","4","11","0","0","0","0","0","0","0","2","0","0","0","0","15","POINT (-75.097934 4.713606)"
"76306","Valle del Cauca","Ginebra","2,023","11","13","0","0","0","0","0","12","10","2","0","0","0","0","0","0","0","0","0","0","0","24","POINT (-76.268068 3.724181)"
"19100","Cauca","Bolívar","2,026","219","246","0","0","66","233","164","2","0","0","72","0","0","0","0","0","7","0","290","0","0","465","POINT (-76.966215 1.837538)"
"19212","Cauca","Corinto","2,026","397","345","0","0","5","508","227","0","2","0","19","57","0","0","0","0","0","0","1","0","0","742","POINT (-76.261866 3.173854)"
"05495","Antioquia","Nechí","2,023","2","1","0","0","0","0","0","0","3","0","0","0","0","0","0","0","0","0","0","0","0","3","POINT (-74.77647 8.094129)"
"25754","Cundinamarca","Soacha","2,026","2","1","0","0","0","0","0","0","3","0","0","0","0","0","0","0","1","0","1","0","0","3","POINT (-74.215456 4.579298)"
"05890","Antioquia","Yolombó","2,025","0","0","0","0","0","0","0","0","0","0","0","0","0","0","0","0","0","0","0","0","0","0","POINT (-75.013385 6.594511)"
"15223","Boyacá","Cubará","2,025","0","0","0","0","0","0","0","0","0","0","0","0","0","0","0","0","0","0","0","0","0","0","POINT (-72.110688 7.000093)"
"25483","Cundinamarca","Nariño","2,025","0","0","0","0","0","0","0","0","0","0","0","0","0","0","0","0","0","0","0","0","0","0","POINT (-74.824732 4.399837)"
"05667","Antioquia","San Rafael","2,026","0","0","0","0","0","0","0","0","0","0","0","0","0","0","0","0","0","0","0","0","0","0","POINT (-75.02849 6.293759)"
"05790","Antioquia","Tarazá","2,026","0","0","0","0","0","0","0","0","0","0","0","0","0","0","0","0","0","0","0","0","0","0","POINT (-75.401407 7.580127)"
"52258","Nariño","El Tablón de Gómez","2,026","0","0","0","0","0","0","0","0","0","0","0","0","0","0","0","0","0","0","0","0","0","0","POINT (-77.097101 1.427277)"
"54800","Norte de Santander","Teorama","2,025","571","544","0","0","45","422","620","22","5","1","0","0","0","0","0","0","3","0","734","0","0","1,115","POINT (-73.287409 8.436377)"
"13688","Bolívar","Santa Rosa del Sur","2,024","261","258","0","0","11","274","203","24","7","0","1","0","0","0","0","0","4","0","0","0","0","519","POINT (-74.052943 7.963626)"
"08433","Atlántico","Malambo","2,024","411","427","0","0","34","336","413","46","9","0","5","51","0","0","0","0","0","0","0","0","0","838","POINT (-74.778892 10.851407)"
"97001","Vaupés","Mitú","2,024","83","85","0","0","0","112","33","11","11","1","0","6","0","0","0","0","0","0","0","0","0","168","POINT (-70.232641 1.253151)"
"68132","Santander","California","2,024","7","3","0","0","0","0","0","7","3","0","0","0","0","0","0","0","0","0","0","0","0","10","POINT (-72.946295 7.347829)"
"05789","Antioquia","Támesis","2,024","83","98","0","0","0","103","66","10","2","0","0","0","0","0","0","0","0","0","0","0","0","181","POINT (-75.714429 5.664645)"
"17665","Caldas","San José","2,024","212","213","0","0","1","153","250","20","1","0","0","0","0","0","0","0","0","0","0","0","0","425","POINT (-75.792004 5.081569)"
"15814","Boyacá","Toca","2,023","1","4","0","0","0","0","0","3","2","0","0","0","0","0","0","0","0","0","0","0","0","5","POINT (-73.184794 5.566464)"
"68229","Santander","Curití","2,023","4","4","0","0","0","0","0","8","0","0","0","0","0","0","0","0","0","0","0","0","0","8","POINT (-73.069388 6.605102)"
"18256","Caquetá","El Paujíl","2,023","109","127","0","0","0","220","2","10","1","3","0","4","0","0","0","0","0","0","0","0","0","236","POINT (-75.326093 1.570226)"
"13654","Bolívar","San Jacinto","2,026","141","99","0","0","0","166","74","0","0","0","0","0","0","0","0","0","2","0","0","0","0","240","POINT (-75.12105 9.830275)"
"70742","Sucre","San Luis de Sincé","2,026","106","115","0","0","52","97","70","2","0","0","0","118","0","0","0","0","0","0","208","0","0","221","POINT (-75.145995 9.244307)"
"23419","Córdoba","Los Córdobas","2,023","1","0","0","0","0","0","0","0","1","0","0","0","0","0","0","0","0","0","0","0","0","1","POINT (-76.35518 8.892098)"
"25178","Cundinamarca","Chipaque","2,023","1","0","0","0","0","0","0","1","0","0","0","0","0","0","0","0","0","0","0","0","0","1","POINT (-74.044876 4.442671)"
"68121","Santander","Cabrera","2,025","0","0","0","0","0","0","0","0","0","0","0","0","0","0","0","0","0","0","0","0","0","0","POINT (-73.246475 6.592118)"
"54599","Norte de Santander","Ragonvalia","2,026","0","0","0","0","0","0","0","0","0","0","0","0","0","0","0","0","0","0","0","0","0","0","POINT (-72.476708 7.577861)"
"18460","Caquetá","Milán","2,024","142","150","0","0","0","109","103","75","4","1","0","14","0","0","0","0","3","0","0","0","0","292","POINT (-75.506926 1.29021)"
"05890","Antioquia","Yolombó","2,024","22","10","0","0","13","0","0","11","7","1","1","0","0","0","0","0","0","0","0","0","0","32","POINT (-75.013385 6.594511)"
"66687","Risaralda","Santuario","2,024","266","243","0","0","22","353","125","7","2","0","3","1","0","0","0","0","0","0","0","0","0","509","POINT (-75.962196 5.072762)"
"52560","Nariño","Potosí","2,024","7","3","0","0","0","0","0","7","3","0","0","1","0","0","0","0","0","0","0","0","0","10","POINT (-77.572792 0.806342)"
"73585","Tolima","Purificación","2,023","2","2","0","0","0","0","0","4","0","0","0","1","0","0","0","0","0","0","0","0","0","4","POINT (-74.936989 3.853147)"
"27491","Chocó","Nóvita","2,026","135","107","0","0","15","90","132","5","0","0","241","1","0","0","0","0","0","0","127","0","0","242","POINT (-76.607118 4.956097)"
"25260","Cundinamarca","El Rosal","2,026","1","0","0","0","0","0","0","0","1","0","0","0","0","0","0","0","0","0","0","0","0","1","POINT (-74.263767 4.85226)"
"50400","Meta","Lejanías","2,026","1","0","0","0","0","0","0","0","1","0","0","0","0","0","0","0","0","0","0","0","0","1","POINT (-74.02447 3.526355)"
"05585","Antioquia","Puerto Nare","2,023","0","0","0","0","0","0","0","0","0","0","0","0","0","0","0","0","0","0","0","0","0","0","POINT (-74.583012 6.186025)"
"17867","Caldas","Victoria","2,024","0","0","0","0","0","0","0","0","0","0","0","0","0","0","0","0","0","0","0","0","0","0","POINT (-74.911239 5.317437)"
"05467","Antioquia","Montebello","2,026","0","0","0","0","0","0","0","0","0","0","0","0","0","0","0","0","0","0","0","0","0","0","POINT (-75.523455 5.946313)"
"73678","Tolima","San Luis","2,026","0","0","0","0","0","0","0","0","0","0","0","0","0","0","0","0","0","0","0","0","0","0","POINT (-75.095804 4.133721)"
"05679","Antioquia","Santa Bárbara","2,025","12","2","0","0","0","0","0","1","8","5","0","0","0","0","0","0","0","0","0","0","0","14","POINT (-75.567351 5.875527)"
"17665","Caldas","San José","2,025","315","301","0","0","26","252","290","14","22","12","0","1","0","0","0","0","19","0","192","0","0","616","POINT (-75.792004 5.081569)"
"05690","Antioquia","Santo Domingo","2,025","280","248","0","0","24","188","312","3","1","0","126","0","0","0","0","0","10","0","270","0","0","528","POINT (-75.167142 6.475646)"
"70473","Sucre","Morroa","2,025","157","201","0","0","26","262","68","0","2","0","1","3","0","0","0","0","3","0","0","0","0","358","POINT (-75.305949 9.331395)"
"15537","Boyacá","Paz de Río","2,024","9","1","0","0","0","0","0","4","6","0","0","0","0","0","0","0","0","0","0","0","0","10","POINT (-72.749137 5.987645)"
"08141","Atlántico","Candelaria","2,024","10","2","0","2","0","0","0","9","4","1","6","0","0","0","0","0","0","0","0","0","0","14","POINT (-74.879717 10.461903)"
"25281","Cundinamarca","Fosca","2,024","2","8","0","0","0","0","0","8","2","0","0","0","0","0","0","0","0","0","0","0","0","10","POINT (-73.93902 4.339093)"
"15425","Boyacá","Macanal","2,024","79","103","0","0","0","176","6","0","0","0","0","0","0","0","0","0","0","0","0","0","0","182","POINT (-73.319593 4.972464)"
"05282","Antioquia","Fredonia","2,023","4","3","0","0","0","0","0","1","4","2","0","0","0","0","0","0","0","0","0","0","0","7","POINT (-75.670453 5.924363)"
"15131","Boyacá","Caldas","2,023","11","1","0","0","0","0","0","8","4","0","0","0","0","0","0","0","0","0","0","0","0","12","POINT (-73.865553 5.55458)"
"54498","Norte de Santander","Ocaña","2,026","49","59","0","0","0","0","107","1","0","0","0","0","0","0","0","0","0","0","0","0","0","108","POINT (-73.355889 8.247588)"
"68132","Santander","California","2,025","2","0","0","0","0","0","0","1","1","0","0","0","0","0","0","0","0","0","0","0","0","2","POINT (-72.946295 7.347829)"
"05284","Antioquia","Frontino","2,023","0","1","0","0","0","0","0","0","1","0","0","0","0","0","0","0","0","0","0","0","0","1","POINT (-76.130765 6.776066)"
"15806","Boyacá","Tibasosa","2,026","1","0","0","0","0","0","0","0","1","0","0","0","0","0","0","0","0","0","1","0","0","1","POINT (-72.999449 5.74723)"
"05093","Antioquia","Betulia","2,023","0","0","0","0","0","0","0","0","0","0","0","0","0","0","0","0","0","0","0","0","0","0","POINT (-75.984452 6.115208)"
"15511","Boyacá","Pachavita","2,023","0","0","0","0","0","0","0","0","0","0","0","0","0","0","0","0","0","0","0","0","0","0","POINT (-73.396953 5.140065)"
"85279","Casanare","Recetor","2,023","0","0","0","0","0","0","0","0","0","0","0","0","0","0","0","0","0","0","0","0","0","0","POINT (-72.760991 5.229181)"
"76622","Valle del Cauca","Roldanillo","2,024","0","0","0","0","0","0","0","0","0","0","0","0","0","0","0","0","0","0","0","0","0","0","POINT (-76.152277 4.413601)"
"25653","Cundinamarca","San Cayetano","2,026","0","0","0","0","0","0","0","0","0","0","0","0","0","0","0","0","0","0","0","0","0","0","POINT (-74.024754 5.332938)"
"68324","Santander","Guavatá","2,026","0","0","0","0","0","0","0","0","0","0","0","0","0","0","0","0","0","0","0","0","0","0","POINT (-73.700906 5.954348)"
"76622","Valle del Cauca","Roldanillo","2,025","135","138","0","0","16","145","108","3","1","0","0","6","0","0","0","0","7","0","110","0","0","273","POINT (-76.152277 4.413601)"
"76130","Valle del Cauca","Candelaria","2,025","98","109","0","0","11","109","78","5","4","0","16","0","0","0","0","0","0","0","0","0","0","207","POINT (-76.346663 3.407761)"
"54398","Norte de Santander","La Playa","2,025","76","45","0","1","0","2","106","4","8","2","0","0","0","0","0","0","2","0","113","0","0","122","POINT (-73.238417 8.212854)"
"15425","Boyacá","Macanal","2,025","110","126","0","0","24","203","6","2","1","0","0","0","0","0","0","0","1","0","233","0","0","236","POINT (-73.319593 4.972464)"
"05690","Antioquia","Santo Domingo","2,024","254","230","0","0","0","169","293","12","8","2","1","0","0","0","0","0","11","0","0","0","0","484","POINT (-75.167142 6.475646)"
"44874","La Guajira","Villanueva","2,024","249","190","0","1","0","153","251","21","15","0","8","3","0","0","0","1","0","0","0","0","0","440","POINT (-72.977583 10.608774)"
"54800","Norte de Santander","Teorama","2,024","526","517","0","0","0","262","719","57","5","0","3","0","0","0","0","0","0","0","0","0","0","1,043","POINT (-73.287409 8.436377)"
"19701","Cauca","Santa Rosa","2,023","6","1","0","0","0","0","0","2","5","0","0","0","0","0","0","0","0","0","0","0","0","7","POINT (-76.573252 1.700916)"
"13473","Bolívar","Morales","2,023","6","2","0","0","0","1","3","2","1","1","0","0","0","0","0","0","0","0","0","0","0","8","POINT (-73.868178 8.276519)"
"54003","Norte de Santander","Ábrego","2,023","9","4","0","0","0","0","0","7","6","0","0","0","0","0","0","0","0","0","0","0","0","13","POINT (-73.221722 8.081616)"
"25740","Cundinamarca","Sibaté","2,023","36","37","1","0","0","0","4","30","40","0","0","0","0","0","0","0","0","0","0","0","0","74","POINT (-74.258995 4.489774)"
"73001","Tolima","Ibagué","2,023","239","212","3","0","0","107","181","81","78","8","2","2","0","0","0","0","7","0","0","0","0","455","POINT (-75.193715 4.439609)"
"05579","Antioquia","Puerto Berrío","2,026","254","285","0","0","0","318","221","0","0","0","5","0","0","0","0","0","9","0","0","0","0","539","POINT (-74.409962 6.48701)"
"13667","Bolívar","San Martín de Loba","2,026","145","197","0","0","1","123","202","16","0","0","0","0","0","0","0","0","0","0","342","0","0","342","POINT (-74.039064 8.937273)"
"19513","Cauca","Padilla","2,026","232","253","0","0","24","350","109","2","0","0","393","0","0","0","0","0","7","0","101","0","0","485","POINT (-76.313265 3.220984)"
"25281","Cundinamarca","Fosca","2,025","2","0","0","0","0","0","0","0","2","0","0","0","0","0","0","0","0","0","0","0","0","2","POINT (-73.93902 4.339093)"
"41132","Huila","Campoalegre","2,023","2","0","0","0","0","0","0","1","1","0","0","0","0","0","0","0","0","0","0","0","0","2","POINT (-75.325724 2.686757)"
"25839","Cundinamarca","Ubalá","2,023","0","0","0","0","0","0","0","0","0","0","0","0","0","0","0","0","0","0","0","0","0","0","POINT (-73.533967 4.743995)"
"17867","Caldas","Victoria","2,025","0","0","0","0","0","0","0","0","0","0","0","0","0","0","0","0","0","0","0","0","0","0","POINT (-74.911239 5.317437)"
"15022","Boyacá","Almeida","2,026","0","0","0","0","0","0","0","0","0","0","0","0","0","0","0","0","0","0","0","0","0","0","POINT (-73.378933 4.970857)"
"15514","Boyacá","Páez","2,026","0","0","0","0","0","0","0","0","0","0","0","0","0","0","0","0","0","0","0","0","0","0","POINT (-73.054496 5.094621)"
"68322","Santander","Guapotá","2,026","0","0","0","0","0","0","0","0","0","0","0","0","0","0","0","0","0","0","0","0","0","0","POINT (-73.320699 6.308588)"
"68524","Santander","Palmas del Socorro","2,026","0","0","0","0","0","0","0","0","0","0","0","0","0","0","0","0","0","0","0","0","0","0","POINT (-73.287764 6.406139)"
"63470","Quindío","Montenegro","2,025","627","628","0","0","0","810","430","4","9","2","3","0","0","0","0","0","59","0","0","0","0","1,255","POINT (-75.751812 4.56296)"
"50689","Meta","San Martín","2,025","490","511","0","0","46","458","460","35","2","0","1","0","0","0","0","0","0","0","1","0","0","1,001","POINT (-73.695812 3.701899)"
"17272","Caldas","Filadelfia","2,025","3","2","0","0","0","0","0","1","2","2","0","0","0","0","0","0","0","0","0","0","0","5","POINT (-75.562474 5.297091)"
"50711","Meta","Vistahermosa","2,024","211","253","0","0","5","151","267","40","1","0","1","0","0","0","0","0","0","0","0","0","0","464","POINT (-73.750911 3.125577)"
"44090","La Guajira","Dibulla","2,024","297","248","0","0","1","324","206","10","3","1","34","19","0","0","0","0","2","0","0","0","0","545","POINT (-73.307598 11.27155)"
"68255","Santander","El Playón","2,024","252","281","0","0","0","350","128","27","26","2","2","0","0","0","0","0","0","0","0","0","0","533","POINT (-73.20287 7.470715)"
"54128","Norte de Santander","Cáchira","2,024","92","90","0","0","0","93","85","3","1","0","0","0","0","0","0","0","1","0","0","0","0","182","POINT (-73.048983 7.741248)"
"73675","Tolima","San Antonio","2,023","8","0","0","0","0","0","0","5","3","0","0","2","0","0","0","0","1","0","0","0","0","8","POINT (-75.481072 3.913072)"
"95025","Guaviare","El Retorno","2,023","107","102","0","0","0","120","70","15","4","0","0","1","0","0","0","0","0","0","0","0","0","209","POINT (-72.627304 2.330164)"
"76109","Valle del Cauca","Buenaventura","2,026","2","0","0","0","0","0","0","0","1","1","1","0","0","0","0","0","0","0","0","0","0","2","POINT (-77.01074 3.875708)"
"68444","Santander","Matanza","2,024","0","1","0","0","0","0","0","0","1","0","0","0","0","0","0","0","0","0","0","0","0","1","POINT (-73.015566 7.323175)"
"15325","Boyacá","Guayatá","2,026","0","0","0","0","0","0","0","0","0","0","0","0","0","0","0","0","0","0","0","0","0","0","POINT (-73.489698 4.967122)"
"25743","Cundinamarca","Silvania","2,026","0","0","0","0","0","0","0","0","0","0","0","0","0","0","0","0","0","0","0","0","0","0","POINT (-74.405534 4.381981)"
"44874","La Guajira","Villanueva","2,025","319","284","0","0","0","102","487","7","7","0","0","6","0","0","0","0","7","0","290","0","0","603","POINT (-72.977583 10.608774)"
"70508","Sucre","Ovejas","2,025","238","297","0","0","45","420","63","0","7","0","1","40","0","0","0","0","1","0","415","0","0","535","POINT (-75.229037 9.527176)"
"86001","Putumayo","Mocoa","2,025","800","821","0","0","72","1,178","357","10","3","1","17","437","0","0","0","0","22","0","719","0","0","1,621","POINT (-76.650271 1.152296)"
"25740","Cundinamarca","Sibaté","2,025","205","187","0","0","0","303","71","7","11","0","0","0","0","0","0","0","9","0","98","0","0","392","POINT (-74.258995 4.489774)"
"47551","Magdalena","Pivijay","2,025","449","507","0","0","2","309","622","16","6","1","0","1","0","0","0","0","0","0","461","0","0","956","POINT (-74.613312 10.460707)"
"73622","Tolima","Roncesvalles","2,025","242","266","0","0","10","269","217","6","4","2","0","0","0","0","0","0","0","0","402","0","0","508","POINT (-75.606561 4.012888)"
"05172","Antioquia","Chigorodó","2,024","129","168","0","0","0","2","271","16","7","1","14","1","0","0","0","0","6","0","0","0","0","297","POINT (-76.681276 7.666199)"
"20175","Cesar","Chimichagua","2,024","293","251","0","0","25","226","281","8","3","1","0","0","0","0","0","0","0","0","0","0","0","544","POINT (-73.813278 9.25875)"
"68861","Santander","Vélez","2,024","262","298","0","0","0","27","512","16","5","0","0","0","0","0","0","0","0","0","0","0","0","560","POINT (-73.666299 6.010953)"
"86757","Putumayo","San Miguel","2,023","6","5","0","0","0","0","1","3","7","0","0","0","0","0","0","0","0","0","0","0","0","11","POINT (-76.912055 0.343481)"
"27205","Chocó","Condoto","2,023","157","310","0","0","438","0","3","20","3","3","288","2","0","0","0","0","1","0","0","0","0","467","POINT (-76.650683 5.091003)"
"68679","Santander","San Gil","2,023","13","8","0","0","0","0","0","14","7","0","1","0","0","0","0","0","1","0","0","0","0","21","POINT (-73.136284 6.556081)"
"19392","Cauca","La Sierra","2,026","166","189","0","0","24","183","145","3","0","0","51","12","0","0","0","0","8","0","0","0","0","355","POINT (-76.763278 2.179383)"
"15109","Boyacá","Buenavista","2,025","0","0","0","0","0","0","0","0","0","0","0","0","0","0","0","0","0","0","0","0","0","0","POINT (-73.94217 5.512594)"
"52036","Nariño","Ancuya","2,026","0","0","0","0","0","0","0","0","0","0","0","0","0","0","0","0","0","0","0","0","0","0","POINT (-77.514512 1.263276)"
"63594","Quindío","Quimbaya","2,026","0","0","0","0","0","0","0","0","0","0","0","0","0","0","0","0","0","0","0","0","0","0","POINT (-75.765074 4.624387)"
"68344","Santander","Hato","2,026","0","0","0","0","0","0","0","0","0","0","0","0","0","0","0","0","0","0","0","0","0","0","POINT (-73.308399 6.543957)"
"70001","Sucre","Sincelejo","2,025","732","607","0","0","18","801","490","7","20","3","9","58","0","0","0","0","51","0","273","0","0","1,339","POINT (-75.395445 9.302322)"
"08141","Atlántico","Candelaria","2,025","79","51","0","0","0","115","5","1","8","1","7","0","0","0","0","0","0","0","0","0","0","130","POINT (-74.879717 10.461903)"
"68077","Santander","Barbosa","2,025","335","345","0","0","136","511","30","1","2","0","0","0","0","0","0","0","7","0","170","0","0","680","POINT (-73.616016 5.932699)"
"27580","Chocó","Río Iró","2,024","126","154","0","0","4","104","149","23","0","0","107","173","0","0","0","0","0","0","0","0","0","280","POINT (-76.472925 5.1863)"
"41132","Huila","Campoalegre","2,024","42","41","0","0","0","10","66","2","4","1","0","2","0","0","0","0","0","0","0","0","0","83","POINT (-75.325724 2.686757)"
"44560","La Guajira","Manaure","2,024","215","239","0","0","0","243","194","8","8","1","1","443","0","0","0","0","0","0","0","0","0","454","POINT (-72.439621 11.773891)"
"17013","Caldas","Aguadas","2,024","308","279","0","1","0","297","265","25","1","0","0","0","0","0","0","0","0","0","0","0","0","588","POINT (-75.45487 5.610244)"
"15599","Boyacá","Ramiriquí","2,023","85","65","0","0","148","0","0","0","2","0","0","0","0","0","0","0","0","0","0","0","0","150","POINT (-73.334839 5.400303)"
"44560","La Guajira","Manaure","2,023","109","121","0","0","0","74","130","22","4","0","0","229","0","0","0","0","0","0","0","0","0","230","POINT (-72.439621 11.773891)"
"44874","La Guajira","Villanueva","2,023","107","105","0","0","0","92","104","8","6","2","8","1","0","0","0","0","1","0","0","0","0","212","POINT (-72.977583 10.608774)"
"05679","Antioquia","Santa Bárbara","2,024","1","2","0","0","1","0","0","1","1","0","0","0","0","0","0","0","0","0","0","0","0","3","POINT (-75.567351 5.875527)"
"25486","Cundinamarca","Nemocón","2,026","0","0","0","0","0","0","0","0","0","0","0","0","0","0","0","0","0","0","0","0","0","0","POINT (-73.87963 5.067365)"
"54377","Norte de Santander","Labateca","2,026","0","0","0","0","0","0","0","0","0","0","0","0","0","0","0","0","0","0","0","0","0","0","POINT (-72.495983 7.298414)"
"68190","Santander","Cimitarra","2,026","0","0","0","0","0","0","0","0","0","0","0","0","0","0","0","0","0","0","0","0","0","0","POINT (-73.953011 6.320886)"
"27745","Chocó","Sipí","2,025","227","268","0","0","41","252","164","36","2","0","495","0","0","0","0","0","11","0","493","0","0","495","POINT (-76.643453 4.65262)"
"52696","Nariño","Santa Bárbara","2,025","69","71","0","0","0","22","110","7","1","0","136","4","0","0","0","0","0","0","3","0","0","140","POINT (-77.979916 2.449653)"
"13473","Bolívar","Morales","2,025","695","647","0","0","13","509","796","21","3","0","0","0","0","0","0","0","4","0","633","0","0","1,342","POINT (-73.868178 8.276519)"
"27073","Chocó","Bagadó","2,024","358","312","0","0","15","242","330","83","0","0","439","231","0","0","0","0","0","0","0","0","0","670","POINT (-76.416063 5.409681)"
"70124","Sucre","Caimito","2,024","2","26","0","0","0","6","9","6","7","0","0","1","0","0","0","0","0","0","0","0","0","28","POINT (-75.117141 8.789324)"
"50590","Meta","Puerto Rico","2,024","160","179","0","0","0","153","172","9","5","0","0","0","0","0","0","0","0","0","0","0","0","339","POINT (-73.206314 2.939621)"
"08141","Atlántico","Candelaria","2,023","14","6","0","0","0","0","0","14","6","0","8","0","0","0","0","0","0","0","0","0","0","20","POINT (-74.879717 10.461903)"
"20013","Cesar","Agustín Codazzi","2,023","93","59","0","0","0","54","88","7","1","2","1","3","0","0","0","0","0","0","0","0","0","152","POINT (-73.238389 10.040454)"
"44650","La Guajira","San Juan del Cesar","2,023","286","234","0","0","233","1","162","38","1","85","1","205","0","0","0","0","0","0","0","0","0","520","POINT (-73.000629 10.769546)"
"86320","Putumayo","Orito","2,023","175","197","0","0","0","261","94","7","8","2","10","43","0","0","0","0","1","0","0","0","0","372","POINT (-76.873276 0.663593)"
"15740","Boyacá","Siachoque","2,026","137","163","0","0","21","226","53","0","0","0","0","0","0","0","0","0","2","0","204","0","0","300","POINT (-73.24466 5.511811)"
"50226","Meta","Cumaral","2,023","1","1","0","0","0","0","0","2","0","0","0","0","0","0","0","0","0","0","0","0","0","2","POINT (-73.486557 4.269535)"
"15681","Boyacá","San Pablo de Borbur","2,026","1","0","0","0","0","0","0","1","0","0","0","0","0","0","0","0","0","0","0","0","0","1","POINT (-74.069963 5.650743)"
"05150","Antioquia","Carolina","2,024","0","0","0","0","0","0","0","0","0","0","0","0","0","0","0","0","0","0","0","0","0","0","POINT (-75.283192 6.725995)"
"15516","Boyacá","Paipa","2,026","0","0","0","0","0","0","0","0","0","0","0","0","0","0","0","0","0","0","0","0","0","0","POINT (-73.117918 5.779949)"
"17174","Caldas","Chinchiná","2,026","0","0","0","0","0","0","0","0","0","0","0","0","0","0","0","0","0","0","0","0","0","0","POINT (-75.607529 4.985227)"
"20400","Cesar","La Jagua de Ibirico","2,026","0","0","0","0","0","0","0","0","0","0","0","0","0","0","0","0","0","0","0","0","0","0","POINT (-73.334143 9.563752)"
"25181","Cundinamarca","Choachí","2,026","0","0","0","0","0","0","0","0","0","0","0","0","0","0","0","0","0","0","0","0","0","0","POINT (-73.922894 4.527048)"
"41357","Huila","Íquira","2,026","0","0","0","0","0","0","0","0","0","0","0","0","0","0","0","0","0","0","0","0","0","0","POINT (-75.634497 2.649359)"
"76054","Valle del Cauca","Argelia","2,026","0","0","0","0","0","0","0","0","0","0","0","0","0","0","0","0","0","0","0","0","0","0","POINT (-76.119905 4.726945)"
"85015","Casanare","Chámeza","2,024","41","12","0","0","0","0","0","4","39","10","0","1","0","0","0","0","0","0","0","0","0","53","POINT (-72.87016 5.214527)"
"70001","Sucre","Sincelejo","2,024","202","223","0","0","1","309","51","37","25","2","6","6","0","0","0","0","55","0","0","0","0","425","POINT (-75.395445 9.302322)"
"68780","Santander","Suratá","2,024","119","198","0","0","0","163","148","6","0","0","0","0","0","0","0","0","6","0","0","0","0","317","POINT (-72.984232 7.36658)"
"54743","Norte de Santander","Silos","2,024","3","3","0","1","0","0","0","7","0","0","0","0","0","0","0","0","0","0","0","0","0","7","POINT (-72.757128 7.204736)"
"19290","Cauca","Florencia","2,024","3","3","0","0","0","0","0","1","3","2","3","0","0","0","0","0","1","0","0","0","0","6","POINT (-77.072547 1.682535)"
"15232","Boyacá","Chíquiza","2,023","0","6","0","0","0","0","0","0","6","0","0","0","0","0","0","0","0","0","0","0","0","6","POINT (-73.449463 5.639834)"
"52473","Nariño","Mosquera","2,026","106","137","0","0","1","92","138","12","0","0","243","0","0","0","0","0","0","0","0","0","0","243","POINT (-78.452992 2.507139)"
"15131","Boyacá","Caldas","2,025","3","0","0","0","0","0","0","0","3","0","1","0","0","0","0","0","0","0","2","0","0","3","POINT (-73.865553 5.55458)"
"15109","Boyacá","Buenavista","2,023","0","1","0","0","0","0","0","0","1","0","0","0","0","0","0","0","0","0","0","0","0","1","POINT (-73.94217 5.512594)"
"73236","Tolima","Dolores","2,023","1","0","0","0","0","0","0","1","0","0","0","0","0","0","0","0","0","0","0","0","0","1","POINT (-74.896754 3.539073)"
"85139","Casanare","Maní","2,026","1","0","0","0","0","0","0","0","1","0","0","0","0","0","0","0","0","0","1","0","0","1","POINT (-72.281384 4.81681)"
"41244","Huila","Elías","2,023","0","0","0","0","0","0","0","0","0","0","0","0","0","0","0","0","0","0","0","0","0","0","POINT (-75.938301 2.012854)"
"15232","Boyacá","Chíquiza","2,024","0","0","0","0","0","0","0","0","0","0","0","0","0","0","0","0","0","0","0","0","0","0","POINT (-73.449463 5.639834)"
"15638","Boyacá","Sáchica","2,024","0","0","0","0","0","0","0","0","0","0","0","0","0","0","0","0","0","0","0","0","0","0","POINT (-73.542539 5.584305)"
"17653","Caldas","Salamina","2,026","0","0","0","0","0","0","0","0","0","0","0","0","0","0","0","0","0","0","0","0","0","0","POINT (-75.487223 5.403025)"
"68425","Santander","Macaravita","2,026","0","0","0","0","0","0","0","0","0","0","0","0","0","0","0","0","0","0","0","0","0","0","POINT (-72.593105 6.50658)"
"86573","Putumayo","Puerto Leguízamo","2,026","0","0","0","0","0","0","0","0","0","0","0","0","0","0","0","0","0","0","0","0","0","0","POINT (-74.782473 -0.190921)"
"73275","Tolima","Flandes","2,025","406","452","0","3","184","457","200","7","7","6","1","0","0","0","0","0","9","0","602","0","0","861","POINT (-74.818754 4.276387)"
"05475","Antioquia","Murindó","2,025","224","209","0","0","0","111","287","24","11","0","175","209","0","0","0","0","1","0","0","0","0","433","POINT (-76.817485 6.97771)"
"85250","Casanare","Paz de Ariporo","2,025","811","836","0","0","26","1,151","441","24","5","0","0","101","0","0","0","0","11","0","342","0","0","1,647","POINT (-71.890348 5.879827)"
"17050","Caldas","Aranzazu","2,025","291","286","0","0","62","365","140","6","4","0","0","0","0","0","0","0","23","0","166","0","0","577","POINT (-75.491255 5.271142)"
"68211","Santander","Contratación","2,025","165","143","0","2","23","182","98","2","5","0","0","0","0","0","0","0","2","0","199","0","0","310","POINT (-73.474426 6.290561)"
"44650","La Guajira","San Juan del Cesar","2,024","230","104","0","0","0","71","231","11","17","4","3","3","0","0","0","0","0","0","0","0","0","334","POINT (-73.000629 10.769546)"
"05321","Antioquia","Guatapé","2,024","8","6","0","2","0","0","0","4","12","0","1","0","0","0","0","2","0","0","0","0","0","16","POINT (-75.162293 6.232669)"
"19075","Cauca","Balboa","2,024","155","138","0","0","13","157","119","1","0","3","192","0","0","0","0","0","5","0","0","0","0","293","POINT (-77.215773 2.040998)"
"15759","Boyacá","Sogamoso","2,024","223","200","0","1","0","201","205","9","9","0","0","0","0","0","0","0","3","0","0","0","0","424","POINT (-72.9231 5.725677)"
"52573","Nariño","Puerres","2,024","6","2","0","0","0","0","0","0","6","2","0","2","0","0","0","0","0","0","0","0","0","8","POINT (-77.504211 0.885125)"
"76400","Valle del Cauca","La Unión","2,024","3","3","0","2","0","0","0","5","2","1","0","0","0","0","0","0","0","0","0","0","0","8","POINT (-76.099661 4.533869)"
"52685","Nariño","San Bernardo","2,024","168","145","0","0","0","67","243","3","0","0","0","0","0","0","0","0","0","0","0","0","0","313","POINT (-77.047412 1.514298)"
"25718","Cundinamarca","Sasaima","2,023","5","0","0","0","0","0","0","0","4","1","0","0","0","0","0","0","0","0","0","0","0","5","POINT (-74.432628 4.962167)"
"70001","Sucre","Sincelejo","2,023","295","226","0","0","14","244","141","82","36","4","1","10","0","0","0","0","58","0","0","0","0","521","POINT (-75.395445 9.302322)"
"08078","Atlántico","Baranoa","2,026","165","192","0","0","116","183","55","3","0","0","0","0","0","0","0","0","0","0","0","0","0","357","POINT (-74.916073 10.794447)"
"50330","Meta","Mesetas","2,026","88","98","0","0","41","133","12","0","0","0","0","0","0","0","0","0","0","0","186","0","0","186","POINT (-74.044519 3.383813)"
"70823","Sucre","San José de Toluviejo","2,026","55","55","0","0","0","93","16","0","1","0","2","2","0","0","0","0","0","0","0","0","0","110","POINT (-75.44085 9.451819)"
"05576","Antioquia","Pueblorrico","2,024","2","0","0","0","0","0","0","0","2","0","0","0","0","0","0","0","0","0","0","0","0","2","POINT (-75.83737 5.792984)"
"25580","Cundinamarca","Pulí","2,023","2","0","0","0","0","0","0","2","0","0","0","0","0","0","0","0","0","0","0","0","0","2","POINT (-74.71438 4.682022)"
"54418","Norte de Santander","Lourdes","2,023","0","0","0","0","0","0","0","0","0","0","0","0","0","0","0","0","0","0","0","0","0","0","POINT (-72.832489 7.944672)"
"25841","Cundinamarca","Ubaque","2,024","0","0","0","0","0","0","0","0","0","0","0","0","0","0","0","0","0","0","0","0","0","0","POINT (-73.933477 4.483788)"
"91263","Amazonas","El Encanto (Anm)","2,025","0","0","0","0","0","0","0","0","0","0","0","0","0","0","0","0","0","0","0","0","0","0","POINT (-73.208974 -1.746288)"
"25293","Cundinamarca","Gachalá","2,026","0","0","0","0","0","0","0","0","0","0","0","0","0","0","0","0","0","0","0","0","0","0","POINT (-73.520161 4.693579)"
"19455","Cauca","Miranda","2,025","410","450","0","0","82","671","97","3","7","0","259","83","0","0","0","0","16","0","26","0","0","860","POINT (-76.229046 3.253161)"
"15537","Boyacá","Paz de Río","2,025","52","51","0","0","46","53","1","0","3","0","0","0","0","0","0","0","1","0","48","0","0","103","POINT (-72.749137 5.987645)"
"15403","Boyacá","La Uvita","2,024","24","8","0","1","1","0","6","4","19","3","0","0","0","0","0","0","0","0","0","0","0","33","POINT (-72.559982 6.31616)"
"66318","Risaralda","Guática","2,024","215","224","0","0","0","164","271","4","0","0","1","62","0","0","0","0","12","0","0","0","0","439","POINT (-75.799324 5.316251)"
"15322","Boyacá","Guateque","2,024","5","1","0","0","0","0","0","2","4","0","0","0","0","0","0","0","0","0","0","0","0","6","POINT (-73.471207 5.007321)"
"23555","Córdoba","Planeta Rica","2,024","256","289","0","3","11","212","263","54","7","1","1","0","0","0","0","0","3","0","0","0","0","548","POINT (-75.583241 8.4082)"
"05284","Antioquia","Frontino","2,024","120","111","0","0","0","81","144","6","0","0","0","10","0","0","0","0","3","0","0","0","0","231","POINT (-76.130765 6.776066)"
"13655","Bolívar","San Jacinto del Cauca","2,024","15","1","0","0","0","0","2","3","11","0","0","0","0","0","0","0","0","0","0","0","0","16","POINT (-74.721083 8.251599)"
"50680","Meta","San Carlos de Guaroa","2,024","52","45","0","0","0","79","7","3","8","0","0","0","0","0","0","0","0","0","0","0","0","97","POINT (-73.242253 3.71065)"
"05038","Antioquia","Angostura","2,024","3","3","0","2","0","0","0","8","0","0","0","0","0","0","0","0","0","0","0","0","0","8","POINT (-75.335116 6.885175)"
"52323","Nariño","Gualmatán","2,023","75","78","0","0","23","5","0","4","5","116","0","1","0","0","0","0","0","0","0","0","0","153","POINT (-77.566815 0.919803)"
"73124","Tolima","Cajamarca","2,023","69","69","0","0","0","0","0","11","0","127","0","0","0","0","0","0","0","0","0","0","0","138","POINT (-75.435748 4.436595)"
"25099","Cundinamarca","Bojacá","2,023","3","1","0","0","0","0","0","3","1","0","0","0","0","0","0","0","0","0","0","0","0","4","POINT (-74.348492 4.741758)"
"23189","Córdoba","Ciénaga de Oro","2,026","954","1,016","0","0","48","1,040","860","22","0","0","4","135","0","0","0","0","7","0","5","0","0","1,970","POINT (-75.620807 8.875794)"
"25426","Cundinamarca","Machetá","2,023","2","1","0","0","0","1","0","2","0","0","0","0","0","0","0","0","0","0","0","0","0","3","POINT (-73.607581 5.080295)"
"73686","Tolima","Santa Isabel","2,024","1","2","0","0","0","0","0","3","0","0","0","0","0","0","0","0","0","0","0","0","0","3","POINT (-75.097934 4.713606)"
"15087","Boyacá","Belén","2,023","1","0","0","0","0","0","0","1","0","0","0","0","0","0","0","0","0","0","0","0","0","1","POINT (-72.911641 5.98923)"
"20228","Cesar","Curumaní","2,025","0","1","0","0","0","0","0","0","1","0","1","0","0","0","0","0","0","0","0","0","0","1","POINT (-73.540843 9.201716)"
"73563","Tolima","Prado","2,023","0","0","0","0","0","0","0","0","0","0","0","0","0","0","0","0","0","0","0","0","0","0","POINT (-74.927447 3.750939)"
"17541","Caldas","Pensilvania","2,026","0","0","0","0","0","0","0","0","0","0","0","0","0","0","0","0","0","0","0","0","0","0","POINT (-75.160299 5.383281)"
"20310","Cesar","González","2,026","0","0","0","0","0","0","0","0","0","0","0","0","0","0","0","0","0","0","0","0","0","0","POINT (-73.38004 8.389604)"
"25001","Cundinamarca","Agua de Dios","2,026","0","0","0","0","0","0","0","0","0","0","0","0","0","0","0","0","0","0","0","0","0","0","POINT (-74.669221 4.375309)"
"27660","Chocó","San José del Palmar","2,026","0","0","0","0","0","0","0","0","0","0","0","0","0","0","0","0","0","0","0","0","0","0","POINT (-76.232849 4.897593)"
"73675","Tolima","San Antonio","2,025","313","245","0","0","24","318","181","13","11","11","1","49","0","0","0","0","2","0","273","0","0","558","POINT (-75.481072 3.913072)"
"50287","Meta","Fuentedeoro","2,025","408","412","0","0","40","422","343","10","5","0","0","0","0","0","0","0","12","0","520","0","0","820","POINT (-73.618121 3.462875)"
"76736","Valle del Cauca","Sevilla","2,025","62","56","0","0","11","55","46","2","4","0","0","0","0","0","0","0","0","0","1","0","0","118","POINT (-75.930941 4.267033)"
"54051","Norte de Santander","Arboledas","2,024","279","307","0","0","0","47","506","25","7","1","7","0","0","0","0","0","5","0","0","0","0","586","POINT (-72.798952 7.642985)"
"13062","Bolívar","Arroyohondo","2,024","73","120","0","0","0","116","63","6","6","2","189","0","0","0","0","0","0","0","0","0","0","193","POINT (-75.017193 10.242798)"
"52110","Nariño","Buesaco","2,024","5","1","0","0","0","0","0","3","3","0","0","0","0","0","0","0","0","0","0","0","0","6","POINT (-77.156463 1.381453)"
"85136","Casanare","La Salina","2,024","5","1","0","0","0","0","0","2","3","1","0","0","0","0","0","0","0","0","0","0","0","6","POINT (-72.334036 6.127816)"
"47268","Magdalena","El Retén","2,023","4","0","0","0","0","0","0","0","4","0","4","0","0","0","0","0","0","0","0","0","0","4","POINT (-74.268412 10.610445)"
"13160","Bolívar","Cantagallo","2,026","194","150","0","0","1","171","164","8","0","0","0","0","0","0","0","0","0","0","104","0","0","344","POINT (-73.914626 7.378247)"
"47745","Magdalena","Sitionuevo","2,026","101","139","0","0","0","17","216","7","0","0","0","0","0","0","0","0","0","0","0","0","0","240","POINT (-74.720021 10.775285)"
"70204","Sucre","Colosó","2,026","192","253","0","0","21","391","33","0","0","0","0","0","0","0","0","0","2","0","58","0","0","445","POINT (-75.353256 9.494192)"
"15660","Boyacá","San Eduardo","2,024","3","0","0","0","0","0","0","0","3","0","0","0","0","0","0","0","0","0","0","0","0","3","POINT (-73.07713 5.223969)"
"23500","Córdoba","Moñitos","2,024","1","1","0","0","0","0","0","0","1","1","1","1","0","0","0","0","0","0","0","0","0","2","POINT (-76.1291 9.245223)"
"05315","Antioquia","Guadalupe","2,023","0","2","0","0","0","0","0","2","0","0","2","0","0","0","0","0","0","0","0","0","0","2","POINT (-75.240019 6.814263)"
"54673","Norte de Santander","San Cayetano","2,023","0","0","0","0","0","0","0","0","0","0","0","0","0","0","0","0","0","0","0","0","0","0","POINT (-72.625459 7.875695)"
"25885","Cundinamarca","Yacopí","2,025","0","0","0","0","0","0","0","0","0","0","0","0","0","0","0","0","0","0","0","0","0","0","POINT (-74.33806 5.459272)"
"05792","Antioquia","Tarso","2,026","0","0","0","0","0","0","0","0","0","0","0","0","0","0","0","0","0","0","0","0","0","0","POINT (-75.823214 5.863296)"
"73520","Tolima","Palocabildo","2,026","0","0","0","0","0","0","0","0","0","0","0","0","0","0","0","0","0","0","0","0","0","0","POINT (-75.022198 5.120972)"
"23682","Córdoba","San José de Uré","2,025","498","504","0","0","37","378","554","33","0","0","101","28","0","0","0","0","4","0","225","0","0","1,002","POINT (-75.533476 7.787303)"
"13442","Bolívar","María la Baja","2,025","632","505","0","0","34","437","634","25","7","0","1,037","0","0","0","0","0","3","0","140","0","0","1,137","POINT (-75.300528 9.982441)"
"54385","Norte de Santander","La Esperanza","2,025","295","305","0","0","3","274","319","4","0","0","0","0","0","0","0","0","7","0","389","0","0","600","POINT (-73.328126 7.639839)"
"41378","Huila","La Argentina","2,025","5","0","0","0","0","0","0","0","5","0","0","0","0","0","0","0","0","0","2","0","0","5","POINT (-75.979763 2.198496)"
"41244","Huila","Elías","2,024","3","2","0","0","0","0","0","4","0","1","0","1","0","0","0","0","0","0","0","0","0","5","POINT (-75.938301 2.012854)"
"05631","Antioquia","Sabaneta","2,024","281","312","0","0","27","417","144","3","2","0","1","1","0","0","0","0","27","0","0","0","0","593","POINT (-75.615479 6.149903)"
"47551","Magdalena","Pivijay","2,023","4","2","0","0","0","4","0","0","2","0","0","0","0","0","0","0","0","0","0","0","0","6","POINT (-74.613312 10.460707)"
"05607","Antioquia","Retiro","2,023","22","5","0","0","0","0","17","4","6","0","0","0","0","0","0","0","0","0","0","0","0","27","POINT (-75.501301 6.062454)"
"05364","Antioquia","Jardín","2,026","86","101","0","1","16","133","38","1","0","0","1","0","0","0","0","0","4","0","11","0","0","188","POINT (-75.818982 5.597542)"
"52435","Nariño","Mallama","2,025","3","0","0","0","0","0","0","0","3","0","0","3","0","0","0","0","0","0","0","0","0","3","POINT (-77.864549 1.141037)"
"05310","Antioquia","Gómez Plata","2,025","0","1","0","0","0","0","0","0","1","0","0","0","0","0","0","0","0","0","0","0","0","1","POINT (-75.220018 6.683269)"
"05647","Antioquia","San Andrés de Cuerquía","2,026","0","1","0","0","0","0","0","0","1","0","0","0","0","0","0","0","0","0","0","0","0","1","POINT (-75.676008 6.912558)"
"23660","Córdoba","Sahagún","2,025","858","846","0","0","12","1,011","671","7","3","0","1","294","0","0","0","0","22","0","836","0","0","1,704","POINT (-75.445834 8.943048)"
"27075","Chocó","Bahía Solano","2,025","313","271","0","0","9","212","324","39","0","0","445","139","0","0","0","0","3","0","492","0","0","584","POINT (-77.401633 6.22127)"
"41872","Huila","Villavieja","2,025","140","185","0","0","0","165","156","4","0","0","0","0","0","0","0","0","0","0","0","0","0","325","POINT (-75.21723 3.220791)"
"54800","Norte de Santander","Teorama","2,023","11","7","1","0","0","1","6","8","4","0","0","0","0","0","0","0","1","0","0","0","0","19","POINT (-73.287409 8.436377)"
"05642","Antioquia","Salgar","2,023","179","129","1","0","309","0","0","0","0","0","0","0","0","0","0","0","0","0","0","0","0","309","POINT (-75.982237 5.965817)"
"05890","Antioquia","Yolombó","2,023","151","170","0","0","321","0","0","0","0","0","0","1","0","0","0","0","0","0","0","0","0","321","POINT (-75.013385 6.594511)"
"13430","Bolívar","Magangué","2,026","292","308","0","0","0","266","332","2","0","0","0","0","0","0","0","0","1","0","329","0","0","600","POINT (-74.770175 9.26854)"
"73030","Tolima","Ambalema","2,026","4","6","0","0","0","0","0","9","1","0","0","0","0","0","0","0","0","0","0","0","0","10","POINT (-74.764429 4.782682)"
"50270","Meta","El Dorado","2,023","0","0","0","0","0","0","0","0","0","0","0","0","0","0","0","0","0","0","0","0","0","0","POINT (-73.835264 3.739984)"
"76890","Valle del Cauca","Yotoco","2,024","0","0","0","0","0","0","0","0","0","0","0","0","0","0","0","0","0","0","0","0","0","0","POINT (-76.382698 3.861241)"
"54174","Norte de Santander","Chitagá","2,025","0","0","0","0","0","0","0","0","0","0","0","0","0","0","0","0","0","0","0","0","0","0","POINT (-72.665468 7.138187)"
"68370","Santander","Jordán","2,026","0","0","0","0","0","0","0","0","0","0","0","0","0","0","0","0","0","0","0","0","0","0","POINT (-73.096053 6.732727)"
"68500","Santander","Oiba","2,026","0","0","0","0","0","0","0","0","0","0","0","0","0","0","0","0","0","0","0","0","0","0","POINT (-73.299786 6.265175)"
"47318","Magdalena","Guamal","2,025","349","356","0","0","0","204","488","9","4","0","1","1","0","0","0","0","1","0","0","0","0","705","POINT (-74.223689 9.144354)"
"05040","Antioquia","Anorí","2,025","371","326","0","0","50","576","69","2","0","0","1","0","0","0","0","0","0","0","251","0","0","697","POINT (-75.148355 7.074703)"
"15377","Boyacá","Labranzagrande","2,024","149","139","0","1","1","120","159","3","6","0","2","0","0","0","0","0","5","0","0","0","0","289","POINT (-72.57777 5.562687)"
"50568","Meta","Puerto Gaitán","2,024","191","210","0","3","1","300","72","18","13","0","12","20","1","0","0","0","7","0","0","0","0","404","POINT (-72.085275 4.315025)"
"47720","Magdalena","Santa Bárbara de Pinto","2,024","183","199","0","0","7","159","185","18","13","0","7","0","0","0","0","0","1","0","0","0","0","382","POINT (-74.704667 9.432263)"
"05541","Antioquia","Peñol","2,024","2","2","0","0","0","0","0","3","1","0","0","0","0","0","0","0","0","0","0","0","0","4","POINT (-75.242693 6.219349)"
"05036","Antioquia","Angelópolis","2,023","4","1","0","0","0","0","0","0","5","0","0","0","0","0","0","0","0","0","0","0","0","5","POINT (-75.711389 6.109719)"
"20250","Cesar","El Paso","2,023","3","6","0","0","0","0","0","5","4","0","2","0","0","0","0","0","0","0","0","0","0","9","POINT (-73.741788 9.66847)"
"44110","La Guajira","El Molino","2,023","116","99","0","0","0","63","131","19","0","2","1","13","0","0","0","0","7","0","0","0","0","215","POINT (-72.92673 10.653505)"
"63001","Quindío","Armenia","2,026","159","172","0","0","0","248","77","5","1","0","7","3","0","0","0","0","13","0","0","0","0","331","POINT (-75.680787 4.53598)"
"25224","Cundinamarca","Cucunubá","2,023","1","0","0","0","0","0","0","0","1","0","0","0","0","0","0","0","0","0","0","0","0","1","POINT (-73.766113 5.249795)"
"25885","Cundinamarca","Yacopí","2,023","0","0","0","0","0","0","0","0","0","0","0","0","0","0","0","0","0","0","0","0","0","0","POINT (-74.33806 5.459272)"
"05240","Antioquia","Ebéjico","2,024","0","0","0","0","0","0","0","0","0","0","0","0","0","0","0","0","0","0","0","0","0","0","POINT (-75.764165 6.326128)"
"15276","Boyacá","Floresta","2,025","0","0","0","0","0","0","0","0","0","0","0","0","0","0","0","0","0","0","0","0","0","0","POINT (-72.918111 5.859519)"
"76377","Valle del Cauca","La Cumbre","2,026","0","0","0","0","0","0","0","0","0","0","0","0","0","0","0","0","0","0","0","0","0","0","POINT (-76.56805 3.649268)"
"86865","Putumayo","Valle del Guamuez","2,026","0","0","0","0","0","0","0","0","0","0","0","0","0","0","0","0","0","0","0","0","0","0","POINT (-76.906751 0.423506)"
"25035","Cundinamarca","Anapoima","2,025","0","0","0","8","0","0","0","8","0","0","0","0","0","0","0","0","0","0","0","0","0","8","POINT (-74.528676 4.562737)"
"23570","Córdoba","Pueblo Nuevo","2,025","706","816","0","0","61","668","728","59","3","3","4","27","0","0","0","0","3","0","1,498","0","0","1,522","POINT (-75.508035 8.504099)"
"85125","Casanare","Hato Corozal","2,025","691","718","0","0","48","685","634","38","4","0","0","102","0","0","0","0","19","0","739","0","0","1,409","POINT (-71.764184 6.154097)"
"20250","Cesar","El Paso","2,025","524","513","0","0","0","641","376","6","14","0","332","0","0","0","0","0","1","0","0","0","0","1,037","POINT (-73.741788 9.66847)"
"15500","Boyacá","Oicatá","2,025","99","118","0","0","12","131","72","2","0","0","0","0","0","0","0","0","0","0","135","0","0","217","POINT (-73.308399 5.595235)"
"76275","Valle del Cauca","Florida","2,024","17","11","0","2","0","0","0","10","16","4","9","0","0","0","0","0","0","0","0","0","0","30","POINT (-76.234199 3.324118)"
"25123","Cundinamarca","Cachipay","2,024","1","3","0","0","0","0","0","4","0","0","0","0","0","0","0","0","0","0","0","0","0","4","POINT (-74.435711 4.730957)"
"41483","Huila","Nátaga","2,024","240","264","0","0","0","171","319","7","7","0","0","5","0","0","0","0","3","0","0","0","0","504","POINT (-75.808756 2.5451)"
"20228","Cesar","Curumaní","2,023","6","5","0","0","0","0","0","11","0","0","0","0","0","0","0","0","0","0","0","0","0","11","POINT (-73.540843 9.201716)"
"18592","Caquetá","Puerto Rico","2,023","268","221","0","0","54","63","352","13","3","5","2","2","0","0","0","0","0","0","0","0","0","490","POINT (-75.157544 1.909071)"
"73168","Tolima","Chaparral","2,023","149","137","0","0","1","1","5","12","13","254","0","4","0","0","0","0","0","0","0","0","0","286","POINT (-75.480765 3.722918)"
"41078","Huila","Baraya","2,026","46","52","0","0","10","41","46","1","0","0","0","1","0","0","0","0","1","0","98","0","0","98","POINT (-75.055253 3.152983)"
"52405","Nariño","Leiva","2,026","51","48","0","0","0","98","1","0","0","0","0","1","0","0","0","0","0","0","95","0","0","99","POINT (-77.306135 1.934453)"
"41378","Huila","La Argentina","2,023","3","0","0","0","0","0","0","0","3","0","0","0","0","0","0","0","0","0","0","0","0","3","POINT (-75.979763 2.198496)"
"68855","Santander","Valle de San José","2,023","2","0","0","0","0","0","0","0","2","0","0","0","0","0","0","0","0","0","0","0","0","2","POINT (-73.143507 6.448028)"
"52323","Nariño","Gualmatán","2,025","0","1","0","0","0","0","0","0","1","0","0","0","0","0","0","0","0","0","1","0","0","1","POINT (-77.566815 0.919803)"
"41791","Huila","Tarqui","2,023","0","0","0","0","0","0","0","0","0","0","0","0","0","0","0","0","0","0","0","0","0","0","POINT (-75.823976 2.111325)"
"05736","Antioquia","Segovia","2,025","0","0","0","0","0","0","0","0","0","0","0","0","0","0","0","0","0","0","0","0","0","0","POINT (-74.701596 7.079648)"
"25224","Cundinamarca","Cucunubá","2,025","0","0","0","0","0","0","0","0","0","0","0","0","0","0","0","0","0","0","0","0","0","0","POINT (-73.766113 5.249795)"
"41885","Huila","Yaguará","2,025","0","0","0","0","0","0","0","0","0","0","0","0","0","0","0","0","0","0","0","0","0","0","POINT (-75.518023 2.664694)"
"15367","Boyacá","Jenesano","2,026","0","0","0","0","0","0","0","0","0","0","0","0","0","0","0","0","0","0","0","0","0","0","POINT (-73.363738 5.385813)"
"94885","Guainía","La Guadalupe (Anm)","2,026","0","0","0","0","0","0","0","0","0","0","0","0","0","0","0","0","0","0","0","0","0","0","POINT (-66.963692 1.632464)"
"68167","Santander","Charalá","2,025","186","251","0","5","14","205","195","23","4","1","0","0","1","0","0","0","6","0","300","0","0","442","POINT (-73.146873 6.284339)"
"52215","Nariño","Córdoba","2,025","59","51","0","0","0","28","72","2","7","1","0","109","0","0","0","0","0","0","100","0","0","110","POINT (-77.517897 0.854564)"
"18592","Caquetá","Puerto Rico","2,025","253","244","0","0","24","164","300","7","2","0","0","0","0","0","0","0","0","0","301","0","0","497","POINT (-75.157544 1.909071)"
"05642","Antioquia","Salgar","2,025","344","318","0","0","54","428","168","6","4","2","0","0","0","0","0","0","4","0","14","0","0","662","POINT (-75.982237 5.965817)"
"25777","Cundinamarca","Supatá","2,025","4","0","0","0","0","0","0","0","4","0","0","0","0","0","0","0","0","0","0","0","0","4","POINT (-74.235403 5.06162)"
"25518","Cundinamarca","Paime","2,024","4","2","0","0","0","0","0","2","3","1","0","0","0","0","0","0","0","0","0","0","0","6","POINT (-74.152213 5.370487)"
"05051","Antioquia","Arboletes","2,024","164","155","0","0","2","89","214","10","4","0","290","0","0","0","0","0","0","0","0","0","0","319","POINT (-76.426708 8.849317)"
"52694","Nariño","San Pedro de Cartago","2,024","2","2","0","0","0","0","0","0","4","0","2","0","0","0","0","0","0","0","0","0","0","4","POINT (-77.119189 1.551758)"
"18001","Caquetá","Florencia","2,024","880","850","0","0","30","956","636","76","26","6","6","1","0","0","0","0","91","0","0","0","0","1,730","POINT (-75.609796 1.618234)"
"50711","Meta","Vistahermosa","2,023","6","7","0","0","0","1","4","6","2","0","1","0","0","0","0","0","0","0","0","0","0","13","POINT (-73.750911 3.125577)"
"08433","Atlántico","Malambo","2,023","7","7","1","0","0","4","2","5","4","0","3","1","0","0","0","0","0","0","0","0","0","15","POINT (-74.778892 10.851407)"
"68464","Santander","Mogotes","2,023","11","7","0","0","0","0","0","7","9","2","0","0","0","0","0","0","0","0","0","0","0","18","POINT (-72.969807 6.475246)"
"05809","Antioquia","Titiribí","2,023","157","47","0","0","192","0","6","2","3","1","0","0","0","0","0","0","0","0","0","0","0","204","POINT (-75.791549 6.06098)"
"41001","Huila","Neiva","2,026","514","534","0","0","37","705","299","6","1","0","0","1","0","0","0","0","17","0","1","0","0","1,048","POINT (-75.277285 2.935971)"
"68276","Santander","Floridablanca","2,026","270","223","0","0","0","485","8","0","0","0","0","0","0","0","0","0","19","0","0","0","0","493","POINT (-73.098991 7.072385)"
"27372","Chocó","Juradó","2,023","0","3","0","0","0","0","0","3","0","0","0","3","0","0","0","0","0","0","0","0","0","3","POINT (-77.762751 7.103619)"
"05264","Antioquia","Entrerríos","2,025","1","1","0","0","0","0","0","0","1","1","0","0","0","0","0","0","0","0","0","0","0","2","POINT (-75.517685 6.566273)"
"76670","Valle del Cauca","San Pedro","2,024","0","1","0","0","0","0","0","0","1","0","0","0","0","0","0","0","0","0","0","0","0","1","POINT (-76.228692 3.995073)"
"52233","Nariño","Cumbitara","2,025","1","0","0","0","0","0","0","0","1","0","0","0","0","0","0","0","0","0","0","0","0","1","POINT (-77.578616 1.647163)"
"85315","Casanare","Sácama","2,026","1","0","0","0","0","0","0","0","1","0","0","0","0","0","0","0","0","0","0","0","0","1","POINT (-72.250157 6.096738)"
"13600","Bolívar","Río Viejo","2,025","0","0","0","0","0","0","0","0","0","0","0","0","0","0","0","0","0","0","0","0","0","0","POINT (-73.840466 8.58795)"
"23678","Córdoba","San Carlos","2,025","0","0","0","0","0","0","0","0","0","0","0","0","0","0","0","0","0","0","0","0","0","0","POINT (-75.698799 8.799282)"
"54553","Norte de Santander","Puerto Santander","2,026","0","0","0","0","0","0","0","0","0","0","0","0","0","0","0","0","0","0","0","0","0","0","POINT (-72.411363 8.359993)"
"63302","Quindío","Génova","2,026","0","0","0","0","0","0","0","0","0","0","0","0","0","0","0","0","0","0","0","0","0","0","POINT (-75.789584 4.207537)"
"76364","Valle del Cauca","Jamundí","2,026","0","0","0","0","0","0","0","0","0","0","0","0","0","0","0","0","0","0","0","0","0","0","POINT (-76.539785 3.260449)"
"25799","Cundinamarca","Tenjo","2,025","126","120","0","7","0","233","9","7","4","0","0","0","0","0","0","0","7","0","0","0","0","253","POINT (-74.14392 4.871887)"
"19760","Cauca","Sotará Paispamba","2,025","10","6","0","0","0","0","0","2","10","4","0","3","0","0","0","0","0","0","10","0","0","16","POINT (-76.613365 2.253156)"
"18785","Caquetá","Solita","2,025","28","44","0","0","10","22","20","6","11","3","1","0","0","0","0","0","2","0","27","0","0","72","POINT (-75.619902 0.87654)"
"73352","Tolima","Icononzo","2,025","92","68","0","0","4","77","61","18","0","0","0","0","0","0","0","0","2","0","121","0","0","160","POINT (-74.531969 4.176487)"
"52786","Nariño","Taminango","2,025","114","118","0","0","0","48","170","14","0","0","0","0","0","0","0","0","0","0","0","0","0","232","POINT (-77.2808 1.570358)"
"05837","Antioquia","Turbo","2,024","567","567","0","0","10","669","388","26","39","2","962","0","1","0","0","0","3","0","0","0","0","1,134","POINT (-76.725988 8.093955)"
"88564","Archipiélago de San Andrés, Providencia y Santa Catalina","Providencia","2,024","99","81","0","0","0","3","143","24","10","0","159","0","0","0","0","0","0","0","0","0","0","180","POINT (-81.370912 13.3701)"
"68266","Santander","Enciso","2,023","6","1","0","0","0","0","0","2","4","1","0","0","0","0","0","0","0","0","0","0","0","7","POINT (-72.699647 6.668034)"
"19455","Cauca","Miranda","2,023","416","475","0","0","554","99","154","51","25","8","557","12","0","0","0","0","0","0","0","0","0","891","POINT (-76.229046 3.253161)"
"52693","Nariño","San Pablo","2,026","179","121","0","0","49","177","61","12","1","0","0","0","0","0","0","0","7","0","0","0","0","300","POINT (-77.013984 1.669429)"
"25426","Cundinamarca","Machetá","2,025","2","1","0","0","0","0","0","1","2","0","0","0","0","0","0","0","0","0","0","0","0","3","POINT (-73.607581 5.080295)"
"25898","Cundinamarca","Zipacón","2,025","3","0","0","0","0","0","0","1","2","0","0","0","0","0","0","0","0","0","0","0","0","3","POINT (-74.379566 4.759932)"
"15761","Boyacá","Somondoco","2,025","1","0","0","0","0","0","0","0","1","0","0","0","0","0","0","0","0","0","0","0","0","1","POINT (-73.433393 4.985726)"
"73443","Tolima","San Sebastián de Mariquita","2,026","1","0","0","0","0","0","0","0","1","0","0","0","0","0","0","0","0","0","0","0","0","1","POINT (-74.889276 5.199708)"
"15276","Boyacá","Floresta","2,023","0","0","0","0","0","0","0","0","0","0","0","0","0","0","0","0","0","0","0","0","0","0","POINT (-72.918111 5.859519)"
"15673","Boyacá","San Mateo","2,024","0","0","0","0","0","0","0","0","0","0","0","0","0","0","0","0","0","0","0","0","0","0","POINT (-72.555264 6.401683)"
"52022","Nariño","Aldana","2,025","11","3","0","0","0","0","0","6","6","2","0","14","0","0","0","0","0","0","1","0","0","14","POINT (-77.700564 0.882381)"
"73563","Tolima","Prado","2,025","104","102","0","0","4","83","116","3","0","0","0","14","0","0","0","0","0","0","126","0","0","206","POINT (-74.927447 3.750939)"
"15572","Boyacá","Puerto Boyacá","2,025","578","615","0","0","72","672","434","11","4","0","10","0","0","0","0","0","10","0","705","0","0","1,193","POINT (-74.587999 5.977935)"
"15469","Boyacá","Moniquirá","2,025","149","204","0","0","13","303","11","18","8","0","0","0","0","0","0","0","1","0","91","0","0","353","POINT (-73.573374 5.876331)"
"15087","Boyacá","Belén","2,025","251","270","0","0","37","300","180","2","1","1","0","0","0","0","0","0","4","0","93","0","0","521","POINT (-72.911641 5.98923)"
"08558","Atlántico","Polonuevo","2,025","368","447","0","0","0","346","463","4","1","1","0","0","0","0","0","0","0","0","20","0","0","815","POINT (-74.854029 10.777894)"
"68872","Santander","Villanueva","2,025","2","1","0","2","0","0","0","2","3","0","0","0","0","0","0","0","0","0","0","0","0","5","POINT (-73.174307 6.670078)"
"73152","Tolima","Casabianca","2,024","13","3","0","0","0","0","0","3","11","2","0","0","0","0","0","0","4","0","0","0","0","16","POINT (-75.120966 5.078465)"
"08758","Atlántico","Soledad","2,024","462","233","0","1","4","360","312","17","2","1","11","1","0","0","0","0","0","0","0","0","0","696","POINT (-74.785829 10.909999)"
"44035","La Guajira","Albania","2,024","128","79","0","0","0","153","40","8","6","0","5","10","0","0","0","0","0","0","0","0","0","207","POINT (-72.598522 11.157489)"
"52490","Nariño","Olaya Herrera","2,023","6","8","0","0","0","0","1","11","2","0","11","0","0","0","0","0","2","0","0","0","0","14","POINT (-78.325814 2.347457)"
"63130","Quindío","Calarcá","2,023","59","24","0","0","5","21","38","6","11","2","0","0","0","0","0","0","3","0","0","0","0","83","POINT (-75.649088 4.515282)"
"15667","Boyacá","San Luis de Gaceno","2,023","2","1","0","0","0","1","0","2","0","0","0","0","0","0","0","0","0","0","0","0","0","3","POINT (-73.168076 4.81976)"
"13030","Bolívar","Altos del Rosario","2,026","0","0","0","0","0","0","0","0","0","0","0","0","0","0","0","0","0","0","0","0","0","0","POINT (-74.164902 8.79187)"
"68770","Santander","Suaita","2,026","0","0","0","0","0","0","0","0","0","0","0","0","0","0","0","0","0","0","0","0","0","0","POINT (-73.438416 6.103542)"
"05543","Antioquia","Peque","2,025","258","261","0","0","40","312","164","3","0","0","0","0","0","0","0","0","1","0","192","0","0","519","POINT (-75.910347 7.02102)"
"19780","Cauca","Suárez","2,024","153","155","0","0","0","138","162","4","2","2","207","11","0","0","0","0","0","0","0","0","0","308","POINT (-76.69357 2.959785)"
"27077","Chocó","Bajo Baudó","2,024","149","227","0","0","0","73","232","66","5","0","172","204","0","0","0","0","0","0","0","0","0","376","POINT (-77.365717 4.954576)"
"70429","Sucre","Majagual","2,024","7","1","0","0","0","0","0","3","5","0","0","0","0","0","0","0","0","0","0","0","0","8","POINT (-74.628077 8.541163)"
"85125","Casanare","Hato Corozal","2,023","4","5","0","0","0","0","0","5","4","0","0","4","0","0","0","0","0","0","0","0","0","9","POINT (-71.764184 6.154097)"
"52683","Nariño","Sandoná","2,023","5","7","0","0","0","0","0","7","5","0","0","1","0","0","0","0","0","0","0","0","0","12","POINT (-77.469571 1.286137)"
"15757","Boyacá","Socha","2,023","3","0","0","0","0","0","0","0","2","1","0","0","0","0","0","0","0","0","0","0","0","3","POINT (-72.691963 5.996717)"
"27745","Chocó","Sipí","2,023","1","2","0","0","0","1","0","0","2","0","1","0","0","0","0","0","0","0","0","0","0","3","POINT (-76.643453 4.65262)"
"25718","Cundinamarca","Sasaima","2,025","2","0","0","0","0","0","0","0","2","0","0","0","0","0","0","0","1","0","2","0","0","2","POINT (-74.432628 4.962167)"
"41872","Huila","Villavieja","2,023","1","1","0","0","0","0","0","0","2","0","0","0","0","0","0","0","0","0","0","0","0","2","POINT (-75.21723 3.220791)"
"91669","Amazonas","Puerto Santander (Anm)","2,024","0","1","0","0","0","0","0","0","1","0","0","0","0","0","0","0","0","0","0","0","0","1","POINT (-72.384213 -0.621184)"
"52585","Nariño","Pupiales","2,026","1","0","0","0","0","0","0","0","1","0","0","0","0","0","0","0","0","0","1","0","0","1","POINT (-77.633504 0.86714)"
"91263","Amazonas","El Encanto (Anm)","2,023","0","0","0","0","0","0","0","0","0","0","0","0","0","0","0","0","0","0","0","0","0","0","POINT (-73.208974 -1.746288)"
"94884","Guainía","Puerto Colombia (Anm)","2,025","0","0","0","0","0","0","0","0","0","0","0","0","0","0","0","0","0","0","0","0","0","0","POINT (-67.566774 2.726438)"
"52203","Nariño","Colón","2,026","0","0","0","0","0","0","0","0","0","0","0","0","0","0","0","0","0","0","0","0","0","0","POINT (-77.019777 1.643878)"
"68679","Santander","San Gil","2,025","752","725","0","15","1","709","757","24","1","0","1","0","0","0","0","0","49","0","2","0","0","1,492","POINT (-73.136284 6.556081)"
"20443","Cesar","Manaure Balcón del Cesar","2,025","359","346","0","0","0","394","296","1","9","5","1","3","0","0","0","0","6","0","175","0","0","705","POINT (-73.02832 10.390899)"
"85430","Casanare","Trinidad","2,025","497","449","0","0","41","541","344","15","5","0","1","0","0","0","0","0","6","0","362","0","0","946","POINT (-71.662812 5.412178)"
"70418","Sucre","Los Palmitos","2,025","182","226","0","0","32","287","75","2","10","2","0","1","0","0","0","0","1","0","263","0","0","408","POINT (-75.268716 9.380269)"
"54172","Norte de Santander","Chinácota","2,024","310","313","0","0","1","396","222","0","4","0","0","0","0","0","0","0","0","0","0","0","0","623","POINT (-72.6047 7.60108)"
"41020","Huila","Algeciras","2,024","181","186","0","2","5","247","105","9","2","1","0","0","0","0","0","1","0","0","0","0","0","369","POINT (-75.315389 2.521674)"
"13440","Bolívar","Margarita","2,024","159","171","0","0","0","128","195","5","1","1","0","0","0","0","0","0","1","0","0","0","0","330","POINT (-74.280822 9.15555)"
"68176","Santander","Chima","2,023","4","1","0","0","0","0","0","1","4","0","0","0","0","0","0","0","0","0","0","0","0","5","POINT (-73.373656 6.344348)"
"50450","Meta","Puerto Concordia","2,023","4","6","0","0","0","1","4","3","2","0","0","0","0","0","0","0","1","0","0","0","0","10","POINT (-72.760209 2.624006)"
"05148","Antioquia","El Carmen de Viboral","2,023","12","14","0","0","0","0","0","3","22","1","0","0","0","0","0","0","0","0","0","0","0","26","POINT (-75.334146 6.083185)"
"23162","Córdoba","Cereté","2,023","17","23","0","0","0","0","1","29","8","2","0","1","0","0","0","0","0","0","0","0","0","40","POINT (-75.796226 8.88859)"
"68209","Santander","Confines","2,024","2","0","0","0","0","0","0","0","2","0","0","0","0","0","0","0","0","0","0","0","0","2","POINT (-73.240554 6.357327)"
"68468","Santander","Molagavita","2,025","0","0","0","0","0","0","0","0","0","0","0","0","0","0","0","0","0","0","0","0","0","0","POINT (-72.809177 6.674326)"
"15187","Boyacá","Chivatá","2,026","0","0","0","0","0","0","0","0","0","0","0","0","0","0","0","0","0","0","0","0","0","0","POINT (-73.282529 5.558949)"
"15762","Boyacá","Sora","2,026","0","0","0","0","0","0","0","0","0","0","0","0","0","0","0","0","0","0","0","0","0","0","POINT (-73.450153 5.56684)"
"15861","Boyacá","Ventaquemada","2,026","0","0","0","0","0","0","0","0","0","0","0","0","0","0","0","0","0","0","0","0","0","0","POINT (-73.522368 5.368739)"
"25095","Cundinamarca","Bituima","2,026","0","0","0","0","0","0","0","0","0","0","0","0","0","0","0","0","0","0","0","0","0","0","POINT (-74.539609 4.872171)"
"05686","Antioquia","Santa Rosa de Osos","2,025","837","836","0","0","114","1,265","275","10","8","1","0","238","0","0","0","0","16","0","74","0","0","1,673","POINT (-75.460723 6.643366)"
"23162","Córdoba","Cereté","2,025","263","213","0","0","0","115","357","3","1","0","0","0","0","0","0","0","1","0","370","0","0","476","POINT (-75.796226 8.88859)"
"68101","Santander","Bolívar","2,024","65","77","0","0","2","44","92","2","2","0","5","0","0","0","0","0","0","0","0","0","0","142","POINT (-73.771346 5.988953)"
"68207","Santander","Concepción","2,024","306","321","0","0","10","285","309","22","1","0","0","0","0","0","0","0","0","0","0","0","0","627","POINT (-72.694583 6.768918)"
"15897","Boyacá","Zetaquira","2,024","9","1","0","1","0","0","0","3","8","0","0","0","0","0","0","0","0","0","0","0","0","11","POINT (-73.169052 5.282116)"
"20770","Cesar","San Martín","2,024","7","6","0","0","0","0","0","7","6","0","0","0","0","0","0","0","0","0","0","0","0","13","POINT (-73.510914 7.999855)"
"44035","La Guajira","Albania","2,023","171","226","0","0","13","100","221","44","2","17","0","201","0","0","0","0","0","0","0","0","0","397","POINT (-72.598522 11.157489)"
"73873","Tolima","Villarrica","2,023","3","1","0","0","0","0","0","4","0","0","0","0","0","0","0","0","0","0","0","0","0","4","POINT (-74.600341 3.936729)"
"54250","Norte de Santander","El Tarra","2,026","153","139","0","0","0","151","135","6","0","0","0","0","0","0","0","0","2","0","291","0","0","292","POINT (-73.09614 8.574281)"
"25299","Cundinamarca","Gama","2,023","1","2","0","0","0","0","0","3","0","0","0","0","0","0","0","0","0","0","0","0","0","3","POINT (-73.611037 4.763325)"
"41797","Huila","Tesalia","2,024","3","0","0","0","0","0","0","0","3","0","0","0","0","0","0","0","0","0","0","0","0","3","POINT (-75.730271 2.486364)"
"15763","Boyacá","Sotaquirá","2,025","3","0","0","0","0","0","0","0","3","0","0","0","0","0","0","0","0","0","0","0","0","3","POINT (-73.247334 5.765231)"
"25279","Cundinamarca","Fómeque","2,024","2","0","0","0","0","0","0","0","2","0","0","0","0","0","0","0","1","0","0","0","0","2","POINT (-73.892523 4.485474)"
"25845","Cundinamarca","Une","2,025","1","0","0","0","0","0","0","0","1","0","0","0","0","0","0","0","0","0","1","0","0","1","POINT (-74.025183 4.40245)"
"20295","Cesar","Gamarra","2,026","1","0","0","0","0","0","0","0","1","0","0","0","0","0","0","0","0","0","0","0","0","1","POINT (-73.74376 8.320449)"
"25286","Cundinamarca","Funza","2,026","1","0","0","0","0","0","0","0","1","0","0","0","0","0","0","0","0","0","0","0","0","1","POINT (-74.211525 4.712763)"
"99773","Vichada","Cumaribo","2,023","0","0","0","0","0","0","0","0","0","0","0","0","0","0","0","0","0","0","0","0","0","0","POINT (-69.795533 4.446352)"
"52418","Nariño","Los Andes","2,026","0","0","0","0","0","0","0","0","0","0","0","0","0","0","0","0","0","0","0","0","0","0","POINT (-77.521303 1.494587)"
"68522","Santander","Palmar","2,026","0","0","0","0","0","0","0","0","0","0","0","0","0","0","0","0","0","0","0","0","0","0","POINT (-73.29109 6.537789)"
"68533","Santander","Páramo","2,026","0","0","0","0","0","0","0","0","0","0","0","0","0","0","0","0","0","0","0","0","0","0","POINT (-73.170394 6.416465)"
"27615","Chocó","Riosucio","2,025","674","567","0","0","18","585","583","55","0","0","944","285","0","0","0","0","3","0","778","0","0","1,241","POINT (-77.113156 7.436704)"
"27800","Chocó","Unguía","2,025","411","331","0","0","13","312","393","19","2","3","732","4","0","0","0","0","1","0","452","0","0","742","POINT (-77.091753 8.042761)"
"52378","Nariño","La Cruz","2,025","177","195","0","0","24","191","142","15","0","0","0","0","0","0","0","0","6","0","170","0","0","372","POINT (-76.970504 1.601318)"
"18860","Caquetá","Valparaíso","2,025","18","8","0","0","0","0","2","9","13","2","0","2","0","0","0","0","2","0","2","0","0","26","POINT (-75.70671 1.194619)"
"85162","Casanare","Monterrey","2,025","295","305","0","0","2","285","310","3","0","0","0","0","0","0","0","0","2","0","8","0","0","600","POINT (-72.894068 4.877024)"
"13780","Bolívar","Talaigua Nuevo","2,024","301","252","0","0","2","163","310","30","40","8","13","34","0","0","0","0","5","0","0","0","0","553","POINT (-74.567628 9.304889)"
"05697","Antioquia","El Santuario","2,024","138","103","0","2","0","117","112","11","3","0","2","0","0","0","0","1","7","0","0","0","0","243","POINT (-75.265851 6.137058)"
"05154","Antioquia","Caucasia","2,024","173","154","0","0","0","153","150","10","13","1","15","0","0","0","0","0","0","0","0","0","0","327","POINT (-75.197996 7.977278)"
"70473","Sucre","Morroa","2,023","9","7","0","0","1","2","1","6","5","1","0","3","0","0","0","0","0","0","0","0","0","16","POINT (-75.305949 9.331395)"
"50006","Meta","Acacías","2,023","82","686","0","0","2","25","0","207","484","50","18","0","0","0","0","0","7","0","0","0","0","768","POINT (-73.765909 3.990024)"
"19001","Cauca","Popayán","2,026","296","357","0","0","13","396","239","5","0","0","8","156","0","0","0","0","20","0","423","0","0","653","POINT (-76.57422 2.482561)"
"41524","Huila","Palermo","2,026","270","289","0","0","57","397","105","0","0","0","2","1","0","0","0","0","14","0","504","0","0","559","POINT (-75.434329 2.888246)"
"76834","Valle del Cauca","Tuluá","2,026","0","1","0","0","0","0","0","0","1","0","0","0","0","0","0","0","0","0","0","0","0","1","POINT (-76.19761 4.085335)"
"94886","Guainía","Cacahual (Anm)","2,025","0","0","0","0","0","0","0","0","0","0","0","0","0","0","0","0","0","0","0","0","0","0","POINT (-67.413263 3.526372)"
"50150","Meta","Castilla la Nueva","2,026","0","0","0","0","0","0","0","0","0","0","0","0","0","0","0","0","0","0","0","0","0","0","POINT (-73.687237 3.826992)"
"13780","Bolívar","Talaigua Nuevo","2,025","291","288","0","0","1","214","345","16","3","0","30","0","0","0","0","0","1","0","305","0","0","579","POINT (-74.567628 9.304889)"
"05154","Antioquia","Caucasia","2,025","384","424","0","0","6","598","191","9","4","0","0","0","0","0","0","0","3","0","0","0","0","808","POINT (-75.197996 7.977278)"
"68235","Santander","El Carmen de Chucurí","2,025","298","261","0","0","16","210","322","7","2","2","0","0","0","0","0","0","4","0","199","0","0","559","POINT (-73.511268 6.697907)"
"68549","Santander","Pinchote","2,025","5","3","0","1","0","2","1","2","4","0","0","0","0","0","0","0","1","0","0","0","0","9","POINT (-73.174699 6.531745)"
"27615","Chocó","Riosucio","2,024","367","342","0","0","12","273","369","53","2","0","469","240","0","0","0","0","0","0","0","0","0","709","POINT (-77.113156 7.436704)"
"27150","Chocó","Carmen del Darién","2,024","202","174","0","0","9","196","148","22","1","0","376","0","0","0","0","0","1","0","0","0","0","376","POINT (-76.970795 7.158538)"
"25817","Cundinamarca","Tocancipá","2,024","7","9","0","1","0","0","0","9","8","0","0","1","0","0","0","0","0","0","0","0","0","17","POINT (-73.912091 4.964786)"
"85162","Casanare","Monterrey","2,024","173","197","0","0","3","123","233","3","6","2","0","0","0","0","0","0","0","0","0","0","0","370","POINT (-72.894068 4.877024)"
"70221","Sucre","Coveñas","2,023","5","0","0","0","0","0","0","4","0","1","1","0","0","0","0","0","0","0","0","0","0","5","POINT (-75.691867 9.402463)"
"05308","Antioquia","Girardota","2,023","13","4","0","0","0","0","0","15","3","0","1","0","0","0","0","0","13","0","0","0","0","18","POINT (-75.444235 6.379487)"
"05138","Antioquia","Cañasgordas","2,026","101","155","0","0","14","159","82","1","0","0","0","0","0","0","0","0","13","0","125","0","0","256","POINT (-76.03221 6.759478)"
"05480","Antioquia","Mutatá","2,026","56","69","0","0","1","16","108","0","0","0","99","19","0","0","0","0","1","0","0","0","0","125","POINT (-76.435875 7.242875)"
"23068","Córdoba","Ayapel","2,026","469","432","0","0","74","486","337","4","0","0","0","0","0","0","0","0","0","0","230","0","0","901","POINT (-75.146048 8.313838)"
"19622","Cauca","Rosas","2,025","2","0","0","0","0","0","0","0","2","0","0","0","0","0","0","0","0","0","2","0","0","2","POINT (-76.740336 2.260941)"
"08372","Atlántico","Juan de Acosta","2,023","1","1","0","0","0","0","0","2","0","0","0","0","0","0","0","0","0","0","0","0","0","2","POINT (-75.035031 10.828909)"
"86569","Putumayo","Puerto Caicedo","2,026","0","1","0","0","0","0","0","1","0","0","0","0","0","0","0","0","0","0","0","0","0","1","POINT (-76.605088 0.684854)"
"41349","Huila","Hobo","2,025","0","0","0","0","0","0","0","0","0","0","0","0","0","0","0","0","0","0","0","0","0","0","POINT (-75.451151 2.582868)"
"52720","Nariño","Sapuyes","2,025","0","0","0","0","0","0","0","0","0","0","0","0","0","0","0","0","0","0","0","0","0","0","POINT (-77.62028 1.037536)"
"68298","Santander","Gámbita","2,026","0","0","0","0","0","0","0","0","0","0","0","0","0","0","0","0","0","0","0","0","0","0","POINT (-73.344184 5.945981)"
"70230","Sucre","Chalán","2,026","0","0","0","0","0","0","0","0","0","0","0","0","0","0","0","0","0","0","0","0","0","0","POINT (-75.312697 9.545352)"
"97777","Vaupés","Papunahua (Anm)","2,026","0","0","0","0","0","0","0","0","0","0","0","0","0","0","0","0","0","0","0","0","0","0","POINT (-70.761467 1.907574)"
"05440","Antioquia","Marinilla","2,025","402","368","0","5","117","567","79","8","4","0","0","0","0","0","0","0","19","0","14","0","0","775","POINT (-75.33889 6.172156)"
"94001","Guainía","Inírida","2,025","421","460","0","90","130","470","245","110","16","0","4","606","0","0","0","0","18","0","215","0","0","971","POINT (-67.918864 3.866324)"
"05591","Antioquia","Puerto Triunfo","2,025","326","294","0","0","0","243","364","3","9","1","4","3","0","0","0","0","6","0","113","0","0","620","POINT (-74.64119 5.871318)"
"15550","Boyacá","Pisba","2,025","113","113","0","0","9","99","115","3","0","0","0","0","0","0","0","0","0","0","226","0","0","226","POINT (-72.486023 5.72141)"
"76497","Valle del Cauca","Obando","2,025","3","2","0","0","0","0","0","0","4","1","1","0","0","0","0","0","0","0","1","0","0","5","POINT (-75.974709 4.575712)"
"23162","Córdoba","Cereté","2,024","198","161","0","0","0","12","323","14","6","4","1","14","0","0","0","0","1","0","0","0","0","359","POINT (-75.796226 8.88859)"
"19622","Cauca","Rosas","2,024","18","4","0","0","0","0","1","2","17","2","0","0","0","0","0","0","0","0","0","0","0","22","POINT (-76.740336 2.260941)"
"54820","Norte de Santander","Toledo","2,024","192","177","0","1","0","42","293","17","16","2","5","2","0","0","0","0","5","0","0","0","0","370","POINT (-72.485088 7.310023)"
"41551","Huila","Pitalito","2,024","316","304","0","3","0","316","283","10","9","5","8","15","0","0","0","1","9","0","0","0","0","623","POINT (-76.048925 1.852523)"
"05042","Antioquia","Santa Fé de Antioquia","2,024","63","56","0","0","0","1","111","2","5","0","0","0","0","0","0","0","0","0","0","0","0","119","POINT (-75.826648 6.556484)"
"15480","Boyacá","Muzo","2,023","6","1","0","0","0","0","1","1","5","0","0","0","0","0","0","0","0","0","0","0","0","7","POINT (-74.10269 5.532758)"
"25086","Cundinamarca","Beltrán","2,023","8","0","0","0","0","0","0","0","8","0","0","0","0","0","0","0","0","0","0","0","0","8","POINT (-74.741666 4.802832)"
"50325","Meta","Mapiripán","2,023","11","7","0","0","0","1","0","13","2","2","1","1","0","0","0","0","0","0","0","0","0","18","POINT (-72.135509 2.896617)"
"15469","Boyacá","Moniquirá","2,023","257","218","0","0","475","0","0","0","0","0","0","0","0","0","0","0","0","0","0","0","0","475","POINT (-73.573374 5.876331)"
"68255","Santander","El Playón","2,023","20","8","0","0","0","0","0","26","2","0","0","0","0","0","0","0","0","0","0","0","0","28","POINT (-73.20287 7.470715)"
"44078","La Guajira","Barrancas","2,026","263","221","0","0","0","204","258","22","0","0","18","111","0","0","0","0","3","0","0","0","0","484","POINT (-72.793574 10.958663)"
"15236","Boyacá","Chivor","2,025","2","0","0","0","0","0","0","0","1","1","0","0","0","0","0","0","0","0","0","0","0","2","POINT (-73.366894 4.887782)"
"25845","Cundinamarca","Une","2,024","1","0","0","0","0","0","0","0","1","0","0","0","0","0","0","0","0","0","0","0","0","1","POINT (-74.025183 4.40245)"
"15673","Boyacá","San Mateo","2,025","0","1","0","0","0","0","0","0","1","0","0","0","0","0","0","0","0","0","0","0","0","1","POINT (-72.555264 6.401683)"
"25258","Cundinamarca","El Peñón","2,026","1","0","0","0","0","0","0","1","0","0","0","0","0","0","0","0","0","0","0","0","0","1","POINT (-74.290207 5.248747)"
"15774","Boyacá","Susacón","2,024","0","0","0","0","0","0","0","0","0","0","0","0","0","0","0","0","0","0","0","0","0","0","POINT (-72.690289 6.230332)"
"41013","Huila","Agrado","2,024","0","0","0","0","0","0","0","0","0","0","0","0","0","0","0","0","0","0","0","0","0","0","POINT (-75.772022 2.25987)"
"15299","Boyacá","Garagoa","2,026","0","0","0","0","0","0","0","0","0","0","0","0","0","0","0","0","0","0","0","0","0","0","POINT (-73.364413 5.083234)"
"73411","Tolima","Líbano","2,025","777","789","0","0","56","627","826","32","16","9","0","1","0","0","0","0","66","0","639","0","0","1,566","POINT (-75.063421 4.923442)"
"68229","Santander","Curití","2,025","402","382","0","2","38","604","140","3","1","0","0","0","0","0","0","0","4","0","336","0","0","786","POINT (-73.069388 6.605102)"
"05036","Antioquia","Angelópolis","2,025","290","328","0","0","0","314","301","3","0","0","1","0","0","0","0","0","0","0","31","0","0","618","POINT (-75.711389 6.109719)"
"25839","Cundinamarca","Ubalá","2,025","4","0","0","1","0","0","0","3","2","0","0","0","0","0","0","0","0","0","0","0","0","5","POINT (-73.533967 4.743995)"
"47555","Magdalena","Plato","2,024","207","198","0","0","0","97","280","18","7","3","4","0","0","0","0","0","0","0","0","0","0","405","POINT (-74.784679 9.796769)"
"13657","Bolívar","San Juan Nepomuceno","2,024","191","227","0","0","0","10","386","8","13","1","110","0","0","0","0","0","5","0","0","0","0","418","POINT (-75.081402 9.95338)"
"27800","Chocó","Unguía","2,024","212","205","0","0","1","154","237","17","6","2","412","3","0","0","0","0","1","0","0","0","0","417","POINT (-77.091753 8.042761)"
"15550","Boyacá","Pisba","2,024","89","88","0","0","0","60","110","7","0","0","0","0","0","0","0","0","0","0","0","0","0","177","POINT (-72.486023 5.72141)"
"15522","Boyacá","Panqueba","2,024","7","0","0","0","0","0","0","6","1","0","0","0","0","0","0","0","0","0","0","0","0","7","POINT (-72.459424 6.443416)"
"08758","Atlántico","Soledad","2,023","204","140","0","0","4","177","111","37","16","0","80","3","1","0","0","0","2","0","0","0","0","345","POINT (-74.785829 10.909999)"
"52560","Nariño","Potosí","2,023","19","27","0","0","0","0","2","15","7","22","0","7","0","0","0","0","0","0","0","0","0","46","POINT (-77.572792 0.806342)"
"76130","Valle del Cauca","Candelaria","2,023","265","232","0","0","24","228","199","2","21","23","109","8","0","0","0","0","11","0","0","0","0","497","POINT (-76.346663 3.407761)"
"44420","La Guajira","La Jagua del Pilar","2,026","64","58","0","0","0","10","106","6","0","0","0","2","0","0","0","0","1","0","0","0","0","122","POINT (-73.071679 10.510214)"
"47170","Magdalena","Chivolo","2,026","220","264","0","0","4","183","284","12","1","0","0","0","0","0","0","0","0","0","117","0","0","484","POINT (-74.622842 10.026803)"
"52390","Nariño","La Tola","2,026","67","62","0","0","0","0","122","7","0","0","129","0","0","0","0","0","0","0","129","0","0","129","POINT (-78.189821 2.399689)"
"13600","Bolívar","Río Viejo","2,024","2","1","0","0","0","0","0","3","0","0","0","0","0","0","0","0","0","0","0","0","0","3","POINT (-73.840466 8.58795)"
"95200","Guaviare","Miraflores","2,024","1","1","0","0","0","0","0","0","2","0","0","0","0","0","0","0","0","0","0","0","0","2","POINT (-71.950416 1.337539)"
"05501","Antioquia","Olaya","2,025","0","0","0","0","0","0","0","0","0","0","0","0","0","0","0","0","0","0","0","0","0","0","POINT (-75.812301 6.627524)"
"27077","Chocó","Bajo Baudó","2,025","215","277","0","0","2","142","267","71","9","1","285","207","0","0","0","0","0","0","336","0","0","492","POINT (-77.365717 4.954576)"
"44110","La Guajira","El Molino","2,025","219","267","0","0","0","90","383","13","0","0","1","34","0","0","0","0","1","0","18","0","0","486","POINT (-72.92673 10.653505)"
"25402","Cundinamarca","La Vega","2,025","52","45","0","0","2","36","50","3","6","0","0","0","0","0","0","0","2","0","8","0","0","97","POINT (-74.331138 4.993077)"
"05093","Antioquia","Betulia","2,024","133","197","0","1","6","241","69","13","2","0","0","0","0","0","0","1","1","0","0","0","0","331","POINT (-75.984452 6.115208)"
"05440","Antioquia","Marinilla","2,024","6","5","0","2","0","0","0","13","0","0","0","0","0","0","0","2","0","0","0","0","0","13","POINT (-75.33889 6.172156)"
"15542","Boyacá","Pesca","2,023","6","0","0","0","0","0","0","6","0","0","0","0","0","0","0","0","0","0","0","0","0","6","POINT (-73.050872 5.558808)"
"13620","Bolívar","San Cristóbal","2,023","7","2","0","0","0","0","0","7","2","0","2","0","0","0","0","0","0","0","0","0","0","9","POINT (-75.065076 10.392836)"
"19743","Cauca","Silvia","2,023","9","4","0","0","0","1","0","11","1","0","0","5","0","0","0","0","0","0","0","0","0","13","POINT (-76.379753 2.611927)"
"76001","Valle del Cauca","Santiago de Cali","2,023","1,152","819","21","0","11","421","553","479","466","62","231","24","0","0","0","0","25","0","0","0","0","1,992","POINT (-76.521469 3.414162)"
"41503","Huila","Oporapa","2,023","2","2","0","0","0","0","0","2","2","0","0","1","0","0","0","0","0","0","0","0","0","4","POINT (-75.995165 2.025088)"
"15511","Boyacá","Pachavita","2,024","1","0","0","0","0","0","0","0","1","0","0","0","0","0","0","0","0","0","0","0","0","1","POINT (-73.396953 5.140065)"
"19701","Cauca","Santa Rosa","2,025","1","0","0","0","0","0","0","0","1","0","0","0","0","0","0","0","0","0","1","0","0","1","POINT (-76.573252 1.700916)"
"15837","Boyacá","Tuta","2,026","0","0","0","0","0","0","0","0","0","0","0","0","0","0","0","0","0","0","0","0","0","0","POINT (-73.225178 5.690906)"
"47960","Magdalena","Zapayán","2,026","0","0","0","0","0","0","0","0","0","0","0","0","0","0","0","0","0","0","0","0","0","0","POINT (-74.716878 10.168297)"
"68684","Santander","San José de Miranda","2,026","0","0","0","0","0","0","0","0","0","0","0","0","0","0","0","0","0","0","0","0","0","0","POINT (-72.733616 6.658995)"
"76616","Valle del Cauca","Riofrío","2,026","0","0","0","0","0","0","0","0","0","0","0","0","0","0","0","0","0","0","0","0","0","0","POINT (-76.288313 4.156908)"
"76845","Valle del Cauca","Ulloa","2,026","0","0","0","0","0","0","0","0","0","0","0","0","0","0","0","0","0","0","0","0","0","0","POINT (-75.737748 4.702514)"
"15001","Boyacá","Tunja","2,025","351","452","0","43","70","537","159","67","13","0","0","0","0","0","0","0","2","0","367","0","0","846","POINT (-73.355543 5.539898)"
"25430","Cundinamarca","Madrid","2,025","33","25","0","0","0","37","2","0","11","8","0","0","0","0","0","0","0","0","0","0","0","58","POINT (-74.265385 4.732802)"
"08560","Atlántico","Ponedera","2,025","390","349","0","0","54","416","250","19","0","0","0","0","0","0","0","0","0","0","0","0","0","739","POINT (-74.753885 10.641779)"
"68101","Santander","Bolívar","2,025","181","185","0","0","21","153","189","2","1","0","3","0","0","0","0","0","4","0","261","0","0","366","POINT (-73.771346 5.988953)"
"73411","Tolima","Líbano","2,024","110","98","0","0","0","30","155","14","8","1","0","0","0","0","0","0","7","0","0","0","0","208","POINT (-75.063421 4.923442)"
"05031","Antioquia","Amalfi","2,024","301","275","0","0","0","239","325","11","1","0","0","0","0","0","0","0","6","0","0","0","0","576","POINT (-75.082524 6.912305)"
"85263","Casanare","Pore","2,024","109","117","0","0","1","59","152","6","8","0","0","0","0","0","0","0","0","0","0","0","0","226","POINT (-71.99286 5.72773)"
"08675","Atlántico","Santa Lucía","2,023","5","0","0","0","0","0","0","4","1","0","1","1","0","0","0","0","0","0","0","0","0","5","POINT (-74.958971 10.323273)"
"25736","Cundinamarca","Sesquilé","2,023","22","4","0","0","0","1","6","14","4","1","0","3","0","0","0","0","0","0","0","0","0","26","POINT (-73.796099 5.04476)"
"05665","Antioquia","San Pedro de Urabá","2,026","206","208","0","0","0","132","279","3","0","0","1","0","0","0","0","0","3","0","0","0","0","414","POINT (-76.380567 8.276884)"
"70678","Sucre","San Benito Abad","2,026","45","57","0","0","0","75","25","2","0","0","0","100","0","0","0","0","0","0","100","0","0","102","POINT (-75.031089 8.930108)"
"18785","Caquetá","Solita","2,023","2","1","0","0","0","0","0","2","0","1","2","0","0","0","0","0","0","0","0","0","0","3","POINT (-75.619902 0.87654)"
"52720","Nariño","Sapuyes","2,024","2","0","0","0","0","0","0","0","2","0","0","0","0","0","0","0","0","0","0","0","0","2","POINT (-77.62028 1.037536)"
"15511","Boyacá","Pachavita","2,025","0","0","0","0","0","0","0","0","0","0","0","0","0","0","0","0","0","0","0","0","0","0","POINT (-73.396953 5.140065)"
"41797","Huila","Tesalia","2,025","31","14","0","0","0","9","2","7","23","4","0","32","0","0","0","0","0","0","1","0","0","45","POINT (-75.730271 2.486364)"
"99524","Vichada","La Primavera","2,025","49","51","0","0","0","91","9","0","0","0","0","0","0","0","0","0","0","0","0","0","0","100","POINT (-70.410515 5.486309)"
"13001","Bolívar","Cartagena de Indias","2,024","446","491","0","6","1","274","517","69","76","6","591","2","1","0","0","5","9","0","0","0","0","943","POINT (-75.496269 10.385126)"
"68132","Santander","California","2,023","6","0","0","0","0","0","0","0","0","6","0","0","0","0","0","0","0","0","0","0","0","6","POINT (-72.946295 7.347829)"
"70820","Sucre","Santiago de Tolú","2,023","6","1","0","0","0","0","0","1","6","0","6","0","0","0","0","0","0","0","0","0","0","7","POINT (-75.581284 9.525454)"
"70702","Sucre","San Juan de Betulia","2,023","8","5","0","0","0","0","0","9","4","0","0","1","0","0","0","0","0","0","0","0","0","13","POINT (-75.243565 9.273066)"
"05051","Antioquia","Arboletes","2,023","12","5","0","0","0","0","0","11","6","0","7","0","0","0","0","0","0","0","0","0","0","17","POINT (-76.426708 8.849317)"
"52022","Nariño","Aldana","2,023","84","106","0","0","128","0","0","24","0","39","0","42","0","0","0","0","0","0","0","0","0","191","POINT (-77.700564 0.882381)"
"95001","Guaviare","San José del Guaviare","2,023","386","387","0","0","0","310","381","48","33","2","8","38","0","0","0","0","0","0","0","0","0","774","POINT (-72.639024 2.566394)"
"13458","Bolívar","Montecristo","2,023","4","0","0","0","0","0","0","4","0","0","0","0","0","0","0","0","0","0","0","0","0","4","POINT (-74.468558 8.299375)"
"05318","Antioquia","Guarne","2,026","54","66","0","0","18","93","9","0","0","0","0","0","0","0","0","0","0","0","111","0","0","120","POINT (-75.441612 6.27787)"
"05390","Antioquia","La Pintada","2,026","106","114","0","0","30","180","10","0","0","0","0","0","0","0","0","0","0","0","0","0","0","220","POINT (-75.60781 5.743808)"
"23079","Córdoba","Buenavista","2,026","272","213","0","0","0","311","172","2","0","0","0","0","0","0","0","0","0","0","0","0","0","485","POINT (-75.480897 8.221187)"
"23419","Córdoba","Los Córdobas","2,024","3","0","0","0","0","0","0","0","3","0","0","0","0","0","0","0","0","0","0","0","0","3","POINT (-76.35518 8.892098)"
"15362","Boyacá","Iza","2,023","2","0","0","0","0","0","0","0","2","0","0","0","0","0","0","0","0","0","0","0","0","2","POINT (-72.980176 5.611696)"
"25898","Cundinamarca","Zipacón","2,023","0","1","0","0","0","1","0","0","0","0","0","0","0","0","0","0","0","0","0","0","0","1","POINT (-74.379566 4.759932)"
"68549","Santander","Pinchote","2,024","0","0","0","0","0","0","0","0","0","0","0","0","0","0","0","0","0","0","0","0","0","0","POINT (-73.174699 6.531745)"
"76828","Valle del Cauca","Trujillo","2,024","0","0","0","0","0","0","0","0","0","0","0","0","0","0","0","0","0","0","0","0","0","0","POINT (-76.318818 4.212037)"
"20710","Cesar","San Alberto","2,026","0","0","0","0","0","0","0","0","0","0","0","0","0","0","0","0","0","0","0","0","0","0","POINT (-73.39389 7.761109)"
"52480","Nariño","Nariño","2,026","0","0","0","0","0","0","0","0","0","0","0","0","0","0","0","0","0","0","0","0","0","0","POINT (-77.357972 1.288979)"
"23419","Córdoba","Los Córdobas","2,025","264","319","0","0","49","337","195","2","0","0","104","12","0","0","0","0","11","0","349","0","0","583","POINT (-76.35518 8.892098)"
"41668","Huila","San Agustín","2,025","165","165","0","0","8","241","79","1","1","0","0","31","0","0","0","0","0","0","233","0","0","330","POINT (-76.27036 1.881081)"
"41378","Huila","La Argentina","2,024","6","2","0","0","0","0","0","6","2","0","0","6","0","0","0","0","0","0","0","0","0","8","POINT (-75.979763 2.198496)"
"68264","Santander","Encino","2,024","96","85","0","0","0","65","105","9","2","0","0","0","0","0","0","0","2","0","0","0","0","181","POINT (-73.098749 6.137429)"
"19809","Cauca","Timbiquí","2,023","2","10","0","0","0","1","0","6","4","1","9","0","0","0","0","0","0","0","0","0","0","12","POINT (-77.667541 2.777312)"
"13442","Bolívar","María la Baja","2,023","181","123","0","0","52","86","148","13","4","1","9","0","0","0","0","0","0","0","0","0","0","304","POINT (-75.300528 9.982441)"
"52699","Nariño","Santacruz","2,026","147","161","0","0","18","117","170","3","0","0","0","137","0","0","0","0","1","0","308","0","0","308","POINT (-77.676917 1.222275)"
"66400","Risaralda","La Virginia","2,023","3","0","0","0","0","0","0","1","2","0","0","0","0","0","0","0","0","0","0","0","0","3","POINT (-75.884298 4.89877)"
"52352","Nariño","Iles","2,023","0","2","0","0","0","0","1","1","0","0","0","1","0","0","0","0","0","0","0","0","0","2","POINT (-77.521227 0.96952)"
"15814","Boyacá","Toca","2,025","0","1","0","0","0","0","0","0","1","0","0","0","0","0","0","0","0","0","0","0","0","1","POINT (-73.184794 5.566464)"
"05113","Antioquia","Buriticá","2,023","0","0","0","0","0","0","0","0","0","0","0","0","0","0","0","0","0","0","0","0","0","0","POINT (-75.907496 6.71973)"
"05264","Antioquia","Entrerríos","2,023","0","0","0","0","0","0","0","0","0","0","0","0","0","0","0","0","0","0","0","0","0","0","POINT (-75.517685 6.566273)"
"15531","Boyacá","Pauna","2,023","0","0","0","0","0","0","0","0","0","0","0","0","0","0","0","0","0","0","0","0","0","0","POINT (-73.978449 5.656323)"
"15135","Boyacá","Campohermoso","2,025","0","0","0","0","0","0","0","0","0","0","0","0","0","0","0","0","0","0","0","0","0","0","POINT (-73.104173 5.031676)"
"15518","Boyacá","Pajarito","2,026","0","0","0","0","0","0","0","0","0","0","0","0","0","0","0","0","0","0","0","0","0","0","POINT (-72.703231 5.293783)"
"25862","Cundinamarca","Vergara","2,026","0","0","0","0","0","0","0","0","0","0","0","0","0","0","0","0","0","0","0","0","0","0","POINT (-74.346163 5.117258)"
"66572","Risaralda","Pueblo Rico","2,026","0","0","0","0","0","0","0","0","0","0","0","0","0","0","0","0","0","0","0","0","0","0","POINT (-76.030805 5.222022)"
"73585","Tolima","Purificación","2,025","470","551","0","0","25","558","427","11","0","0","0","40","0","0","0","0","20","0","769","0","0","1,021","POINT (-74.936989 3.853147)"
"54405","Norte de Santander","Los Patios","2,025","429","458","0","0","1","475","408","0","2","1","1","0","0","0","0","0","14","0","1","0","0","887","POINT (-72.505764 7.833055)"
"19130","Cauca","Cajibío","2,025","315","340","0","0","31","469","150","0","5","0","1","0","0","0","0","0","0","0","650","0","0","655","POINT (-76.570682 2.623371)"
"44110","La Guajira","El Molino","2,024","216","244","0","0","1","123","278","52","6","0","8","37","0","0","0","0","0","0","0","0","0","460","POINT (-72.92673 10.653505)"
"76233","Valle del Cauca","Dagua","2,024","5","0","0","0","0","0","0","3","2","0","0","0","0","0","0","0","0","0","0","0","0","5","POINT (-76.68886 3.657318)"
"73616","Tolima","Rioblanco","2,023","4","5","0","0","0","2","2","1","3","1","0","0","0","0","0","0","0","0","0","0","0","9","POINT (-75.644718 3.529842)"
"15632","Boyacá","Saboyá","2,023","7","4","0","0","0","0","0","8","1","2","0","0","0","0","0","0","0","0","0","0","0","11","POINT (-73.764456 5.697756)"
"05313","Antioquia","Granada","2,023","141","140","0","0","0","137","134","9","1","0","0","1","0","0","0","0","1","0","0","0","0","281","POINT (-75.184446 6.142892)"
"81794","Arauca","Tame","2,023","170","217","0","0","1","229","129","14","12","2","2","1","0","0","0","0","1","0","0","0","0","387","POINT (-71.75892 6.450575)"
"95200","Guaviare","Miraflores","2,025","3","0","0","0","0","0","0","2","1","0","0","1","0","0","0","0","0","0","1","0","0","3","POINT (-71.950416 1.337539)"
"23300","Córdoba","Cotorra","2,023","1","0","0","0","0","0","0","1","0","0","0","0","0","0","0","0","0","0","0","0","0","1","POINT (-75.799216 9.037163)"
"25572","Cundinamarca","Puerto Salgar","2,026","1","0","0","0","0","0","0","0","1","0","0","0","0","0","0","0","0","0","0","0","0","1","POINT (-74.65277 5.46499)"
"25649","Cundinamarca","San Bernardo","2,026","0","0","0","0","0","0","0","0","0","0","0","0","0","0","0","0","0","0","0","0","0","0","POINT (-74.42296 4.179433)"
"25873","Cundinamarca","Villapinzón","2,026","0","0","0","0","0","0","0","0","0","0","0","0","0","0","0","0","0","0","0","0","0","0","POINT (-73.595704 5.216393)"
"76122","Valle del Cauca","Caicedonia","2,026","0","0","0","0","0","0","0","0","0","0","0","0","0","0","0","0","0","0","0","0","0","0","POINT (-75.830594 4.334808)"
"18256","Caquetá","El Paujíl","2,025","192","204","0","0","29","162","174","11","16","4","1","5","0","0","0","0","6","0","356","0","0","396","POINT (-75.326093 1.570226)"
"54003","Norte de Santander","Ábrego","2,025","146","135","0","0","6","176","97","0","2","0","0","5","0","0","0","0","1","0","139","0","0","281","POINT (-73.221722 8.081616)"
"76233","Valle del Cauca","Dagua","2,025","120","114","0","0","10","136","83","0","5","0","13","5","0","0","0","0","6","0","229","0","0","234","POINT (-76.68886 3.657318)"
"50680","Meta","San Carlos de Guaroa","2,025","265","295","0","0","10","495","55","0","0","0","0","0","0","0","0","0","7","0","220","0","0","560","POINT (-73.242253 3.71065)"
"05306","Antioquia","Giraldo","2,025","11","1","0","0","0","0","0","2","8","2","0","0","0","0","0","0","0","0","0","0","0","12","POINT (-75.952158 6.680808)"
"73686","Tolima","Santa Isabel","2,025","75","88","0","0","2","30","119","2","10","0","0","0","0","0","0","0","0","0","156","0","0","163","POINT (-75.097934 4.713606)"
"19022","Cauca","Almaguer","2,025","181","171","0","0","28","121","188","11","4","0","0","1","0","0","0","0","1","0","350","0","0","352","POINT (-76.85607 1.913429)"
"85325","Casanare","San Luis de Palenque","2,024","4","3","0","0","0","0","0","2","4","1","0","1","0","0","0","0","0","0","0","0","0","7","POINT (-71.731853 5.421013)"
"54405","Norte de Santander","Los Patios","2,024","300","309","0","0","0","406","194","4","4","1","0","0","0","0","0","0","5","0","0","0","0","609","POINT (-72.505764 7.833055)"
"52540","Nariño","Policarpa","2,024","284","291","0","0","8","428","128","2","7","2","40","2","0","0","0","0","0","0","0","0","0","575","POINT (-77.459265 1.628139)"
"52051","Nariño","Arboleda","2,023","0","5","0","0","0","0","0","1","4","0","0","0","0","0","0","0","0","0","0","0","0","5","POINT (-77.135467 1.503418)"
"15223","Boyacá","Cubará","2,023","2","5","0","0","0","0","0","7","0","0","0","0","0","0","0","0","0","0","0","0","0","7","POINT (-72.110688 7.000093)"
"15832","Boyacá","Tununguá","2,023","6","1","0","0","0","1","0","4","2","0","0","0","0","0","0","0","0","0","0","0","0","7","POINT (-73.933155 5.730582)"
"05190","Antioquia","Cisneros","2,023","3","1","0","0","0","0","0","4","0","0","0","0","0","0","0","0","1","0","0","0","0","4","POINT (-75.087047 6.537829)"
"13836","Bolívar","Turbaco","2,026","184","176","0","0","0","116","226","18","0","0","262","0","0","0","0","0","10","0","121","0","0","360","POINT (-75.424387 10.33276)"
"68121","Santander","Cabrera","2,023","1","1","0","0","0","0","0","1","1","0","0","0","0","0","0","0","0","0","0","0","0","2","POINT (-73.246475 6.592118)"
"68464","Santander","Mogotes","2,025","1","0","0","0","0","0","0","1","0","0","0","0","0","0","0","0","0","0","1","0","0","1","POINT (-72.969807 6.475246)"
"05607","Antioquia","Retiro","2,025","1","0","0","0","0","0","0","0","1","0","0","0","0","0","0","0","0","0","0","0","0","1","POINT (-75.501301 6.062454)"
"54518","Norte de Santander","Pamplona","2,026","1","0","0","0","0","0","0","0","1","0","0","0","0","0","0","0","0","0","0","0","0","1","POINT (-72.647715 7.372816)"
"76020","Valle del Cauca","Alcalá","2,024","0","0","0","0","0","0","0","0","0","0","0","0","0","0","0","0","0","0","0","0","0","0","POINT (-75.779792 4.674994)"
"68152","Santander","Carcasí","2,025","0","0","0","0","0","0","0","0","0","0","0","0","0","0","0","0","0","0","0","0","0","0","POINT (-72.627099 6.629016)"
"94343","Guainía","Barrancominas","2,026","0","0","0","0","0","0","0","0","0","0","0","0","0","0","0","0","0","0","0","0","0","0","POINT (-69.814066 3.494178)"
"23807","Córdoba","Tierralta","2,025","866","733","0","0","48","749","765","26","0","11","1","132","0","0","0","0","1","0","515","0","0","1,599","POINT (-76.059797 8.170612)"
"63272","Quindío","Filandia","2,025","393","452","0","0","48","537","241","11","8","0","0","0","0","0","0","0","30","0","64","0","0","845","POINT (-75.658675 4.674213)"
"18256","Caquetá","El Paujíl","2,024","214","238","0","0","6","173","233","33","7","0","9","7","0","0","0","0","4","0","0","0","0","452","POINT (-75.326093 1.570226)"
"25151","Cundinamarca","Cáqueza","2,024","4","4","0","0","0","0","0","3","5","0","0","0","0","0","0","0","0","0","0","0","0","8","POINT (-73.946473 4.404112)"
"68464","Santander","Mogotes","2,024","5","1","0","0","0","0","0","1","5","0","0","0","0","0","0","0","0","0","0","0","0","6","POINT (-72.969807 6.475246)"
"05607","Antioquia","Retiro","2,024","1","5","0","0","0","0","0","3","3","0","0","0","0","0","0","0","0","0","0","0","0","6","POINT (-75.501301 6.062454)"
"52565","Nariño","Providencia","2,023","4","0","0","0","0","0","0","2","2","0","0","0","0","0","0","0","0","0","0","0","0","4","POINT (-77.596794 1.237814)"
"08421","Atlántico","Luruaco","2,026","347","373","0","0","0","465","253","2","0","0","129","3","0","0","0","0","1","0","120","0","0","720","POINT (-75.142023 10.610652)"
"19807","Cauca","Timbío","2,026","260","257","0","0","58","348","109","1","1","0","3","4","0","0","0","0","13","0","121","0","0","517","POINT (-76.676174 2.349249)"
"68705","Santander","Santa Bárbara","2,025","2","0","0","1","0","0","0","1","2","0","0","0","0","0","0","0","0","0","0","0","0","3","POINT (-72.907445 6.990996)"
"63190","Quindío","Circasia","2,026","0","1","0","0","0","0","0","0","1","0","0","0","0","0","0","0","0","0","0","0","0","1","POINT (-75.636533 4.617759)"
"25518","Cundinamarca","Paime","2,023","0","0","0","0","0","0","0","0","0","0","0","0","0","0","0","0","0","0","0","0","0","0","POINT (-74.152213 5.370487)"
"05306","Antioquia","Giraldo","2,024","0","0","0","0","0","0","0","0","0","0","0","0","0","0","0","0","0","0","0","0","0","0","POINT (-75.952158 6.680808)"
"18610","Caquetá","San José del Fragua","2,026","0","0","0","0","0","0","0","0","0","0","0","0","0","0","0","0","0","0","0","0","0","0","POINT (-75.973528 1.331957)"
"54109","Norte de Santander","Bucarasica","2,026","0","0","0","0","0","0","0","0","0","0","0","0","0","0","0","0","0","0","0","0","0","0","POINT (-72.868231 8.041299)"
"05861","Antioquia","Venecia","2,025","11","11","0","0","0","0","7","0","9","6","0","0","0","0","0","0","6","0","0","0","0","22","POINT (-75.735544 5.964693)"
"05697","Antioquia","El Santuario","2,025","451","412","0","0","0","657","198","3","4","1","0","0","0","0","0","0","28","0","10","0","0","863","POINT (-75.265851 6.137058)"
"68615","Santander","Rionegro","2,025","306","332","0","2","112","223","300","5","0","0","0","0","0","0","0","0","3","0","445","0","0","640","POINT (-73.150147 7.26501)"
"25178","Cundinamarca","Chipaque","2,025","45","37","0","0","15","66","1","0","0","0","0","0","0","0","0","0","2","0","82","0","0","82","POINT (-74.044876 4.442671)"
"52378","Nariño","La Cruz","2,024","153","163","0","0","6","96","164","41","8","1","1","0","0","0","0","0","0","0","0","0","0","316","POINT (-76.970504 1.601318)"
"20175","Cesar","Chimichagua","2,023","5","7","0","0","0","0","0","5","7","0","9","0","0","0","0","0","2","0","0","0","0","12","POINT (-73.813278 9.25875)"
"15621","Boyacá","Rondón","2,023","103","106","1","0","208","0","0","2","0","0","0","0","0","0","0","0","0","0","0","0","0","210","POINT (-73.208474 5.357378)"
"19110","Cauca","Buenos Aires","2,023","230","261","0","0","3","208","253","8","14","5","477","1","0","0","0","0","0","0","0","0","0","491","POINT (-76.642238 3.015382)"
"47189","Magdalena","Ciénaga","2,023","80","89","0","0","0","65","84","11","7","2","1","0","0","0","0","0","1","0","0","0","0","169","POINT (-74.241286 11.006654)"
"50577","Meta","Puerto Lleras","2,023","14","14","0","0","0","1","2","13","10","2","1","0","0","0","0","0","0","0","0","0","0","28","POINT (-73.373743 3.269732)"
"81300","Arauca","Fortul","2,023","98","115","0","0","203","3","0","2","4","1","0","0","0","0","0","0","0","0","0","0","0","213","POINT (-71.774279 6.792738)"
"76111","Valle del Cauca","Guadalajara de Buga","2,026","47","63","0","2","0","109","1","2","0","0","1","0","0","0","0","0","2","0","0","0","0","112","POINT (-76.298979 3.900736)"
"05576","Antioquia","Pueblorrico","2,023","1","0","0","0","1","0","0","0","0","0","0","0","0","0","0","0","0","0","0","0","0","1","POINT (-75.83737 5.792984)"
"15215","Boyacá","Corrales","2,026","0","0","0","0","0","0","0","0","0","0","0","0","0","0","0","0","0","0","0","0","0","0","POINT (-72.844795 5.828064)"
"25168","Cundinamarca","Chaguaní","2,026","0","0","0","0","0","0","0","0","0","0","0","0","0","0","0","0","0","0","0","0","0","0","POINT (-74.593455 4.948916)"
"25772","Cundinamarca","Suesca","2,026","0","0","0","0","0","0","0","0","0","0","0","0","0","0","0","0","0","0","0","0","0","0","POINT (-73.798227 5.103495)"
"54680","Norte de Santander","Santiago","2,026","0","0","0","0","0","0","0","0","0","0","0","0","0","0","0","0","0","0","0","0","0","0","POINT (-72.716579 7.865339)"
"25279","Cundinamarca","Fómeque","2,025","252","261","0","0","21","420","69","0","3","0","0","0","0","0","0","0","5","0","145","0","0","513","POINT (-73.892523 4.485474)"
"19532","Cauca","Patía","2,024","217","214","0","0","0","254","159","8","6","4","297","1","0","0","0","0","17","0","0","0","0","431","POINT (-76.981075 2.115875)"
"05036","Antioquia","Angelópolis","2,024","186","211","0","0","4","145","245","3","0","0","1","0","0","0","0","0","0","0","0","0","0","397","POINT (-75.711389 6.109719)"
"05088","Antioquia","Bello","2,024","96","91","0","2","0","106","47","15","21","0","10","0","0","0","0","0","0","0","0","0","0","189","POINT (-75.555245 6.333587)"
"68655","Santander","Sabana de Torres","2,024","239","231","0","0","0","116","331","23","0","0","0","0","0","0","0","0","0","0","0","0","0","470","POINT (-73.49906 7.391919)"
"15212","Boyacá","Coper","2,023","9","0","0","0","0","0","0","0","9","0","0","0","0","0","0","0","6","0","0","0","0","9","POINT (-74.045636 5.475074)"
"52256","Nariño","El Rosario","2,026","149","129","0","0","16","126","132","4","0","0","0","0","0","0","0","0","0","0","278","0","0","278","POINT (-77.334566 1.742476)"
"52838","Nariño","Túquerres","2,026","359","352","0","0","13","488","197","13","0","0","0","92","0","0","0","0","0","0","12","0","0","711","POINT (-77.61672 1.085044)"
"54206","Norte de Santander","Convención","2,026","2","0","0","0","0","0","0","2","0","0","0","0","0","0","0","0","0","0","0","0","0","2","POINT (-73.3372 8.470374)"
"15897","Boyacá","Zetaquira","2,025","1","0","0","0","0","0","0","0","1","0","0","0","0","0","0","0","0","0","0","0","0","1","POINT (-73.169052 5.282116)"
"76520","Valle del Cauca","Palmira","2,026","1","0","0","0","0","0","0","0","1","0","0","0","0","0","0","0","0","0","1","0","0","1","POINT (-76.298568 3.532355)"
"27025","Chocó","Alto Baudó","2,023","0","0","0","0","0","0","0","0","0","0","0","0","0","0","0","0","0","0","0","0","0","0","POINT (-76.974373 5.516221)"
"25099","Cundinamarca","Bojacá","2,024","0","0","0","0","0","0","0","0","0","0","0","0","0","0","0","0","0","0","0","0","0","0","POINT (-74.348492 4.741758)"
"54418","Norte de Santander","Lourdes","2,025","0","0","0","0","0","0","0","0","0","0","0","0","0","0","0","0","0","0","0","0","0","0","POINT (-72.832489 7.944672)"
"05658","Antioquia","San José de la Montaña","2,026","0","0","0","0","0","0","0","0","0","0","0","0","0","0","0","0","0","0","0","0","0","0","POINT (-75.683352 6.85009)"
"05660","Antioquia","San Luis","2,026","0","0","0","0","0","0","0","0","0","0","0","0","0","0","0","0","0","0","0","0","0","0","POINT (-74.993562 6.043012)"
"13838","Bolívar","Turbana","2,026","0","0","0","0","0","0","0","0","0","0","0","0","0","0","0","0","0","0","0","0","0","0","POINT (-75.44265 10.274585)"
"15696","Boyacá","Santa Sofía","2,026","0","0","0","0","0","0","0","0","0","0","0","0","0","0","0","0","0","0","0","0","0","0","POINT (-73.602707 5.713269)"
"19532","Cauca","Patía","2,025","760","673","0","0","114","814","449","31","16","9","1,235","0","0","0","0","0","18","0","8","0","0","1,433","POINT (-76.981075 2.115875)"
"44279","La Guajira","Fonseca","2,025","425","292","0","0","17","327","320","21","31","1","4","310","0","0","0","0","1","0","199","0","0","717","POINT (-72.846662 10.884301)"
"54670","Norte de Santander","San Calixto","2,025","343","320","0","0","58","333","270","1","1","0","0","0","0","0","0","0","3","0","286","0","0","663","POINT (-73.206053 8.400152)"
"25099","Cundinamarca","Bojacá","2,025","62","71","0","0","0","127","6","0","0","0","0","0","0","0","0","0","1","0","0","0","0","133","POINT (-74.348492 4.741758)"
"15236","Boyacá","Chivor","2,024","10","4","0","0","0","0","0","1","2","11","0","0","0","0","0","0","0","0","0","0","0","14","POINT (-73.366894 4.887782)"
"19418","Cauca","López de Micay","2,023","212","211","0","0","0","1","2","8","11","401","413","0","0","0","0","0","0","0","0","0","0","423","POINT (-77.247803 2.846788)"
"52835","Nariño","San Andrés de Tumaco","2,023","1,285","1,000","2","0","938","542","649","99","28","31","2,182","1","0","0","0","0","87","0","0","0","0","2,287","POINT (-78.764073 1.807399)"
"15804","Boyacá","Tibaná","2,026","65","68","0","0","4","55","74","0","0","0","0","0","0","0","0","0","2","0","133","0","0","133","POINT (-73.396457 5.317251)"
"66001","Risaralda","Pereira","2,026","2","2","0","0","0","0","0","2","2","0","0","0","0","0","0","0","0","0","0","0","0","4","POINT (-75.71715 4.805492)"
"25200","Cundinamarca","Cogua","2,024","1","2","0","0","0","0","0","3","0","0","0","0","0","0","0","0","0","0","0","0","0","3","POINT (-73.978497 5.061842)"
"54418","Norte de Santander","Lourdes","2,024","3","0","0","0","0","0","0","0","3","0","0","0","0","0","0","0","0","0","0","0","0","3","POINT (-72.832489 7.944672)"
"13188","Bolívar","Cicuco","2,023","2","0","0","0","0","0","0","2","0","0","0","0","0","0","0","0","0","0","0","0","0","2","POINT (-74.646028 9.274313)"
"15693","Boyacá","Santa Rosa de Viterbo","2,023","2","0","0","0","0","0","0","0","2","0","0","0","0","0","0","0","0","0","0","0","0","2","POINT (-72.982461 5.874547)"
"17088","Caldas","Belalcázar","2,023","2","0","0","0","0","0","0","0","2","0","0","0","0","0","0","0","0","0","0","0","0","2","POINT (-75.811918 4.993785)"
"76400","Valle del Cauca","La Unión","2,023","1","1","0","0","0","0","0","2","0","0","0","0","0","0","0","0","0","0","0","0","0","2","POINT (-76.099661 4.533869)"
"05209","Antioquia","Concordia","2,024","1","0","0","0","0","0","0","0","1","0","0","0","0","0","0","0","0","0","0","0","0","1","POINT (-75.908417 6.045766)"
"97161","Vaupés","Carurú","2,024","0","0","0","0","0","0","0","0","0","0","0","0","0","0","0","0","0","0","0","0","0","0","POINT (-71.297793 1.014598)"
"05761","Antioquia","Sopetrán","2,026","0","0","0","0","0","0","0","0","0","0","0","0","0","0","0","0","0","0","0","0","0","0","POINT (-75.747378 6.500745)"
"15204","Boyacá","Cómbita","2,026","0","0","0","0","0","0","0","0","0","0","0","0","0","0","0","0","0","0","0","0","0","0","POINT (-73.323957 5.634545)"
"73024","Tolima","Alpujarra","2,026","0","0","0","0","0","0","0","0","0","0","0","0","0","0","0","0","0","0","0","0","0","0","POINT (-74.9329 3.391548)"
"73770","Tolima","Suárez","2,026","0","0","0","0","0","0","0","0","0","0","0","0","0","0","0","0","0","0","0","0","0","0","POINT (-74.831885 4.048891)"
"50590","Meta","Puerto Rico","2,025","280","322","0","0","1","282","311","8","0","0","0","0","0","0","0","0","0","0","270","0","0","602","POINT (-73.206314 2.939621)"
"47707","Magdalena","Santa Ana","2,024","268","273","0","0","2","175","354","4","6","0","0","0","0","0","0","0","0","0","0","0","0","541","POINT (-74.567658 9.321759)"
"68745","Santander","Simacota","2,024","104","149","0","0","13","98","138","4","0","0","0","0","0","0","0","0","0","0","0","0","0","253","POINT (-73.337368 6.443471)"
"52250","Nariño","El Charco","2,024","36","19","0","0","0","11","15","8","20","1","37","0","0","0","0","0","0","0","0","0","0","55","POINT (-78.109865 2.477545)"
"25290","Cundinamarca","Fusagasugá","2,024","92","71","0","1","0","76","64","13","11","0","0","1","0","0","0","1","1","0","0","0","0","164","POINT (-74.365398 4.337922)"
"68235","Santander","El Carmen de Chucurí","2,024","161","144","0","0","2","111","183","9","0","0","0","0","0","0","0","0","1","0","0","0","0","305","POINT (-73.511268 6.697907)"
"73236","Tolima","Dolores","2,024","101","101","0","0","0","20","167","12","3","0","0","0","0","0","0","0","0","0","0","0","0","202","POINT (-74.896754 3.539073)"
"05756","Antioquia","Sonsón","2,023","5","1","0","0","0","0","0","6","0","0","0","0","0","0","0","0","0","0","0","0","0","6","POINT (-75.309596 5.714851)"
"68209","Santander","Confines","2,023","5","0","0","0","0","0","0","1","3","1","0","0","0","0","0","0","0","0","0","0","0","5","POINT (-73.240554 6.357327)"
"05475","Antioquia","Murindó","2,023","14","63","0","0","6","8","52","7","4","0","66","4","0","0","0","0","0","0","0","0","0","77","POINT (-76.817485 6.97771)"
"08001","Atlántico","Barranquilla","2,026","382","361","0","0","2","499","228","3","10","1","1","1","0","0","0","0","3","0","101","0","0","743","POINT (-74.815324 10.977998)"
"13074","Bolívar","Barranco de Loba","2,026","254","227","0","0","0","107","369","5","0","0","361","0","0","0","0","0","0","0","120","0","0","481","POINT (-74.105236 8.947931)"
"19585","Cauca","Puracé","2,026","267","269","0","0","1","251","279","5","0","0","0","452","0","0","0","0","0","0","172","0","0","536","POINT (-76.49575 2.342756)"
"47001","Magdalena","Santa Marta","2,026","877","803","0","4","6","835","829","10","4","0","60","10","0","0","0","0","8","0","6","0","0","1,684","POINT (-74.200077 11.204685)"
"52354","Nariño","Imués","2,023","2","1","0","0","0","0","0","2","1","0","0","0","0","0","0","0","0","0","0","0","0","3","POINT (-77.496063 1.054815)"
"52540","Nariño","Policarpa","2,025","1","2","0","0","0","1","1","0","1","0","0","0","0","0","0","0","0","0","0","0","0","3","POINT (-77.459265 1.628139)"
"68211","Santander","Contratación","2,023","2","0","0","0","0","0","0","0","2","0","0","0","0","0","0","0","0","0","0","0","0","2","POINT (-73.474426 6.290561)"
"86749","Putumayo","Sibundoy","2,026","1","0","0","0","0","0","0","0","1","0","0","0","0","0","0","0","0","0","1","0","0","1","POINT (-76.917814 1.20026)"
"05004","Antioquia","Abriaquí","2,026","0","0","0","0","0","0","0","0","0","0","0","0","0","0","0","0","0","0","0","0","0","0","POINT (-76.064703 6.631806)"
"15114","Boyacá","Busbanzá","2,026","0","0","0","0","0","0","0","0","0","0","0","0","0","0","0","0","0","0","0","0","0","0","POINT (-72.884158 5.831393)"
"20787","Cesar","Tamalameque","2,026","0","0","0","0","0","0","0","0","0","0","0","0","0","0","0","0","0","0","0","0","0","0","POINT (-73.812172 8.861725)"
"25662","Cundinamarca","San Juan de Rioseco","2,026","0","0","0","0","0","0","0","0","0","0","0","0","0","0","0","0","0","0","0","0","0","0","POINT (-74.621919 4.847575)"
"47675","Magdalena","Salamina","2,026","0","0","0","0","0","0","0","0","0","0","0","0","0","0","0","0","0","0","0","0","0","0","POINT (-74.794189 10.491229)"
"68432","Santander","Málaga","2,026","0","0","0","0","0","0","0","0","0","0","0","0","0","0","0","0","0","0","0","0","0","0","POINT (-72.732089 6.703081)"
"47030","Magdalena","Algarrobo","2,024","220","127","0","0","1","111","198","18","18","1","4","3","0","0","0","0","2","0","0","0","0","347","POINT (-74.061132 10.188059)"
"19450","Cauca","Mercaderes","2,024","161","168","0","0","0","188","130","4","5","2","17","8","0","0","0","0","8","0","0","0","0","329","POINT (-77.165844 1.775772)"
"05172","Antioquia","Chigorodó","2,023","11","4","0","0","0","0","0","14","1","0","6","0","0","0","0","0","2","0","0","0","0","15","POINT (-76.681276 7.666199)"
"05120","Antioquia","Cáceres","2,026","39","61","0","0","0","23","77","0","0","0","0","4","0","0","0","0","6","0","0","0","0","100","POINT (-75.35205 7.578366)"
"47541","Magdalena","Pedraza","2,026","233","247","0","0","4","139","332","5","0","0","240","0","0","0","0","0","0","0","240","0","0","480","POINT (-74.915458 10.188206)"
"50350","Meta","La Macarena","2,026","53","44","0","0","0","80","17","0","0","0","0","0","0","0","0","0","0","0","97","0","0","97","POINT (-73.78661 2.177143)"
"68162","Santander","Cerrito","2,026","3","0","0","0","0","0","0","0","3","0","0","0","0","0","0","0","0","0","0","0","0","3","POINT (-72.692345 6.844244)"
"76616","Valle del Cauca","Riofrío","2,023","0","1","0","0","0","0","0","0","0","1","0","0","0","0","0","0","0","0","0","0","0","1","POINT (-76.288313 4.156908)"
"41244","Huila","Elías","2,025","0","1","0","0","0","0","0","1","0","0","0","0","0","0","0","0","0","0","0","0","0","1","POINT (-75.938301 2.012854)"
"99624","Vichada","Santa Rosalía","2,026","1","0","0","0","0","0","0","0","1","0","0","0","0","0","0","0","0","0","0","0","0","1","POINT (-70.859499 5.136393)"
"05038","Antioquia","Angostura","2,025","0","0","0","0","0","0","0","0","0","0","0","0","0","0","0","0","0","0","0","0","0","0","POINT (-75.335116 6.885175)"
"76250","Valle del Cauca","El Dovio","2,026","0","0","0","0","0","0","0","0","0","0","0","0","0","0","0","0","0","0","0","0","0","0","POINT (-76.237084 4.510452)"
"44560","La Guajira","Manaure","2,025","234","227","0","0","18","302","121","2","18","0","0","455","0","0","0","0","0","0","5","0","0","461","POINT (-72.439621 11.773891)"
"66318","Risaralda","Guática","2,025","277","287","0","0","44","243","272","4","1","0","3","61","0","0","0","0","14","0","439","0","0","564","POINT (-75.799324 5.316251)"
"41020","Huila","Algeciras","2,025","186","165","0","0","39","256","45","5","5","1","0","0","0","0","0","0","0","0","346","0","0","351","POINT (-75.315389 2.521674)"
"18150","Caquetá","Cartagena del Chairá","2,025","412","377","0","0","39","383","328","20","17","2","0","1","0","0","0","0","0","0","623","0","0","789","POINT (-74.841591 1.33621)"
"86320","Putumayo","Orito","2,024","752","821","0","1","5","773","725","64","7","0","31","36","0","0","0","0","37","0","0","0","0","1,574","POINT (-76.873276 0.663593)"
"13042","Bolívar","Arenal","2,024","140","164","0","0","0","74","198","13","13","6","28","1","0","0","0","0","1","0","0","0","0","304","POINT (-73.941099 8.458865)"
"05615","Antioquia","Rionegro","2,024","242","260","0","0","0","278","194","30","0","0","0","0","0","0","0","0","8","0","0","0","0","502","POINT (-75.376859 6.147425)"
"27787","Chocó","Tadó","2,023","0","6","0","0","0","0","0","6","0","0","6","0","0","0","0","0","1","0","0","0","0","6","POINT (-76.553896 5.265367)"
"63470","Quindío","Montenegro","2,023","3","3","0","0","0","0","0","4","2","0","0","0","0","0","0","0","0","0","0","0","0","6","POINT (-75.751812 4.56296)"
"54001","Norte de Santander","San José de Cúcuta","2,023","296","269","3","0","6","209","240","46","64","3","3","2","0","0","0","0","3","0","0","0","0","568","POINT (-72.508577 7.905613)"
"08436","Atlántico","Manatí","2,026","60","59","0","0","13","105","1","0","0","0","119","0","0","0","0","0","0","0","0","0","0","119","POINT (-74.956867 10.449089)"
"19364","Cauca","Jambaló","2,026","222","223","0","0","0","229","216","0","0","0","0","445","0","0","0","0","0","0","0","0","0","445","POINT (-76.323877 2.777834)"
"70215","Sucre","Corozal","2,026","358","309","0","0","24","479","157","7","0","0","39","0","0","0","0","0","7","0","303","0","0","667","POINT (-75.293067 9.31875)"
"15162","Boyacá","Cerinza","2,024","0","0","0","0","0","0","0","0","0","0","0","0","0","0","0","0","0","0","0","0","0","0","POINT (-72.947918 5.955939)"
"15403","Boyacá","La Uvita","2,025","0","0","0","0","0","0","0","0","0","0","0","0","0","0","0","0","0","0","0","0","0","0","POINT (-72.559982 6.31616)"
"44001","La Guajira","Riohacha","2,026","0","0","0","0","0","0","0","0","0","0","0","0","0","0","0","0","0","0","0","0","0","0","POINT (-72.911797 11.528588)"
"44650","La Guajira","San Juan del Cesar","2,025","513","329","0","0","1","337","464","34","6","0","6","288","0","0","0","0","2","0","6","0","0","842","POINT (-73.000629 10.769546)"
"86757","Putumayo","San Miguel","2,025","606","601","0","0","161","764","266","15","1","0","1","192","0","0","0","0","4","0","979","0","0","1,207","POINT (-76.912055 0.343481)"
"73275","Tolima","Flandes","2,024","221","249","0","0","38","338","88","6","0","0","1","0","0","0","0","0","3","0","0","0","0","470","POINT (-74.818754 4.276387)"
"25740","Cundinamarca","Sibaté","2,024","9","5","0","0","0","0","0","5","9","0","0","0","0","0","0","0","0","0","0","0","0","14","POINT (-74.258995 4.489774)"
"50318","Meta","Guamal","2,024","8","2","0","0","0","0","0","1","8","1","0","0","0","0","0","0","0","0","0","0","0","10","POINT (-73.768324 3.880572)"
"15686","Boyacá","Santana","2,025","1","1","0","0","0","0","0","0","2","0","0","0","0","0","0","0","0","0","0","0","0","2","POINT (-73.481639 6.056866)"
"25245","Cundinamarca","El Colegio","2,026","0","0","0","0","0","0","0","0","0","0","0","0","0","0","0","0","0","0","0","0","0","0","POINT (-74.44221 4.578071)"
"25335","Cundinamarca","Guayabetal","2,026","0","0","0","0","0","0","0","0","0","0","0","0","0","0","0","0","0","0","0","0","0","0","POINT (-73.815107 4.215306)"
"73217","Tolima","Coyaima","2,026","0","0","0","0","0","0","0","0","0","0","0","0","0","0","0","0","0","0","0","0","0","0","POINT (-75.193862 3.798036)"
"54001","Norte de Santander","San José de Cúcuta","2,025","2,350","2,318","0","13","7","2,254","2,274","75","63","8","21","7","0","0","0","0","88","0","111","0","0","4,681","POINT (-72.508577 7.905613)"
"20013","Cesar","Agustín Codazzi","2,025","888","898","0","0","70","1,037","640","34","5","0","355","316","0","0","0","0","6","0","114","0","0","1,786","POINT (-73.238389 10.040454)"
"27787","Chocó","Tadó","2,025","389","343","0","0","22","269","350","86","5","0","328","388","0","0","0","0","1","0","611","0","0","732","POINT (-76.553896 5.265367)"
"19573","Cauca","Puerto Tejada","2,025","265","219","0","0","1","209","205","43","22","4","475","1","0","0","0","0","2","0","0","0","0","484","POINT (-76.417673 3.233254)"
"68147","Santander","Capitanejo","2,025","5","0","0","0","0","1","0","0","4","0","0","0","0","0","0","0","0","0","0","0","0","5","POINT (-72.6992 6.53318)"
"15820","Boyacá","Tópaga","2,024","10","1","0","0","0","0","0","7","4","0","0","0","0","0","0","0","0","0","0","0","0","11","POINT (-72.832245 5.768201)"
"44378","La Guajira","Hatonuevo","2,024","305","317","0","0","3","323","271","18","6","1","2","61","0","0","0","0","1","0","0","0","0","622","POINT (-72.759043 11.068859)"
"08558","Atlántico","Polonuevo","2,024","55","42","0","0","0","43","40","14","0","0","2","0","0","0","0","0","0","0","0","0","0","97","POINT (-74.854029 10.777894)"
"19290","Cauca","Florencia","2,023","8","3","0","0","0","0","0","6","5","0","0","0","0","0","0","0","0","0","0","0","0","11","POINT (-77.072547 1.682535)"
"44855","La Guajira","Urumita","2,026","58","62","0","0","0","82","36","2","0","0","0","0","0","0","0","0","0","0","0","0","0","120","POINT (-73.012507 10.560169)"
"68780","Santander","Suratá","2,023","2","0","0","0","0","0","0","0","2","0","0","0","0","0","0","0","0","0","0","0","0","2","POINT (-72.984232 7.36658)"
"25793","Cundinamarca","Tausa","2,023","0","0","0","0","0","0","0","0","0","0","0","0","0","0","0","0","0","0","0","0","0","0","POINT (-73.886473 5.196555)"
"47258","Magdalena","El Piñón","2,026","0","0","0","0","0","0","0","0","0","0","0","0","0","0","0","0","0","0","0","0","0","0","POINT (-74.823263 10.403071)"
"86219","Putumayo","Colón","2,025","181","134","0","0","25","203","80","3","4","0","0","109","0","0","0","0","7","0","232","0","0","315","POINT (-76.972566 1.190133)"
"15238","Boyacá","Duitama","2,025","1,833","1,488","1","0","255","2,329","677","54","7","0","12","0","0","0","0","0","48","0","24","0","0","3,322","POINT (-73.03063 5.822964)"
"17013","Caldas","Aguadas","2,025","471","420","0","0","74","400","384","30","3","0","1","0","0","0","0","0","30","0","20","0","0","891","POINT (-75.45487 5.610244)"
"85015","Casanare","Chámeza","2,025","5","2","0","0","0","0","0","0","7","0","0","0","0","0","0","0","2","0","7","0","0","7","POINT (-72.87016 5.214527)"
"15131","Boyacá","Caldas","2,024","5","0","0","0","0","0","0","0","4","1","1","0","0","0","0","0","0","0","0","0","0","5","POINT (-73.865553 5.55458)"
"19455","Cauca","Miranda","2,024","285","344","0","0","22","478","108","12","6","3","271","110","0","0","0","0","21","0","0","0","0","629","POINT (-76.229046 3.253161)"
"54385","Norte de Santander","La Esperanza","2,024","157","173","0","0","0","169","158","3","0","0","0","0","0","0","0","0","3","0","0","0","0","330","POINT (-73.328126 7.639839)"
"23586","Córdoba","Purísima de la Concepción","2,023","13","8","0","0","0","0","0","19","2","0","2","7","0","0","0","0","0","0","0","0","0","21","POINT (-75.724987 9.239295)"
"11001","Bogotá, D. C.","Bogotá, D.C.","2,026","12","6","1","2","0","0","0","6","15","0","2","0","0","0","0","0","1","0","0","0","0","21","POINT (-74.107359 4.650173)"
"52385","Nariño","La Llanada","2,023","2","1","0","0","0","0","0","1","2","0","0","0","0","0","0","0","0","0","0","0","0","3","POINT (-77.58091 1.472892)"
"19290","Cauca","Florencia","2,025","1","2","0","0","0","0","0","0","2","1","1","0","0","0","0","0","0","0","1","0","0","3","POINT (-77.072547 1.682535)"
"25793","Cundinamarca","Tausa","2,025","2","0","0","0","0","0","0","1","1","0","0","0","0","0","0","0","1","0","0","0","0","2","POINT (-73.886473 5.196555)"
"25281","Cundinamarca","Fosca","2,023","0","0","0","0","0","0","0","0","0","0","0","0","0","0","0","0","0","0","0","0","0","0","POINT (-73.93902 4.339093)"
"41660","Huila","Saladoblanco","2,026","0","0","0","0","0","0","0","0","0","0","0","0","0","0","0","0","0","0","0","0","0","0","POINT (-76.044141 1.992495)"
"47798","Magdalena","Tenerife","2,026","0","0","0","0","0","0","0","0","0","0","0","0","0","0","0","0","0","0","0","0","0","0","POINT (-74.860757 9.897759)"
"52254","Nariño","El Peñol","2,026","0","0","0","0","0","0","0","0","0","0","0","0","0","0","0","0","0","0","0","0","0","0","POINT (-77.437859 1.452893)"
"91536","Amazonas","Puerto Arica (Anm)","2,026","0","0","0","0","0","0","0","0","0","0","0","0","0","0","0","0","0","0","0","0","0","0","POINT (-71.752636 -2.148447)"
"05172","Antioquia","Chigorodó","2,025","802","793","0","0","67","794","705","22","6","1","34","413","0","0","0","0","17","0","239","0","0","1,595","POINT (-76.681276 7.666199)"
"08606","Atlántico","Repelón","2,025","542","572","0","0","73","609","403","16","13","0","101","0","0","0","0","0","3","0","144","0","0","1,114","POINT (-75.125534 10.493357)"
"13062","Bolívar","Arroyohondo","2,025","142","192","0","0","2","229","87","10","6","0","331","0","0","0","0","0","0","0","128","0","0","334","POINT (-75.017193 10.242798)"
"20175","Cesar","Chimichagua","2,025","693","683","0","0","147","663","554","9","3","0","56","3","0","0","0","0","1","0","1,160","0","0","1,376","POINT (-73.813278 9.25875)"
"73547","Tolima","Piedras","2,025","187","208","0","0","33","197","158","6","1","0","0","0","0","0","0","0","0","0","380","0","0","395","POINT (-74.878074 4.543908)"
"05321","Antioquia","Guatapé","2,025","8","0","0","0","0","0","0","1","4","3","0","0","0","0","0","0","0","0","0","0","0","8","POINT (-75.162293 6.232669)"
"86001","Putumayo","Mocoa","2,024","476","444","0","1","4","508","360","36","12","1","14","239","0","0","0","0","11","0","0","0","0","921","POINT (-76.650271 1.152296)"
"50287","Meta","Fuentedeoro","2,024","179","204","0","0","7","205","158","9","4","0","0","0","0","0","0","0","0","0","0","0","0","383","POINT (-73.618121 3.462875)"
"73504","Tolima","Ortega","2,024","36","40","0","0","1","57","5","0","2","11","0","42","0","0","0","0","0","0","0","0","0","76","POINT (-75.222601 3.934916)"
"41872","Huila","Villavieja","2,024","85","118","0","0","0","88","110","5","0","0","0","1","0","0","0","0","2","0","0","0","0","203","POINT (-75.21723 3.220791)"
"41026","Huila","Altamira","2,024","123","121","0","0","0","107","131","3","3","0","0","0","0","0","0","0","0","0","0","0","0","244","POINT (-75.788471 2.063841)"
"70429","Sucre","Majagual","2,023","6","1","0","0","0","0","0","0","7","0","0","0","0","0","0","0","0","0","0","0","0","7","POINT (-74.628077 8.541163)"
"41020","Huila","Algeciras","2,023","10","2","0","0","0","1","1","8","2","0","0","0","0","0","0","0","0","0","0","0","0","12","POINT (-75.315389 2.521674)"
"54245","Norte de Santander","El Carmen","2,023","11","3","0","0","0","0","1","5","8","0","0","0","0","0","0","0","0","0","0","0","0","14","POINT (-73.446687 8.510579)"
"47703","Magdalena","San Zenón","2,023","16","3","0","0","0","0","0","12","7","0","5","0","0","0","0","0","0","0","0","0","0","19","POINT (-74.498992 9.245061)"
"15761","Boyacá","Somondoco","2,024","1","0","0","0","0","0","0","0","1","0","0","0","0","0","0","0","0","0","0","0","0","1","POINT (-73.433393 4.985726)"
"68152","Santander","Carcasí","2,023","0","0","0","0","0","0","0","0","0","0","0","0","0","0","0","0","0","0","0","0","0","0","POINT (-72.627099 6.629016)"
"25312","Cundinamarca","Granada","2,025","0","0","0","0","0","0","0","0","0","0","0","0","0","0","0","0","0","0","0","0","0","0","POINT (-74.350766 4.519763)"
"17877","Caldas","Viterbo","2,026","0","0","0","0","0","0","0","0","0","0","0","0","0","0","0","0","0","0","0","0","0","0","POINT (-75.87061 5.062664)"
"25394","Cundinamarca","La Palma","2,026","0","0","0","0","0","0","0","0","0","0","0","0","0","0","0","0","0","0","0","0","0","0","POINT (-74.391022 5.358816)"
"25592","Cundinamarca","Quebradanegra","2,026","0","0","0","0","0","0","0","0","0","0","0","0","0","0","0","0","0","0","0","0","0","0","POINT (-74.48014 5.118076)"
"95025","Guaviare","El Retorno","2,025","95","76","0","0","0","139","10","20","2","0","0","0","0","0","0","0","0","0","0","0","0","171","POINT (-72.627304 2.330164)"
"52520","Nariño","Francisco Pizarro","2,024","182","148","0","2","7","120","148","38","18","1","329","0","0","0","0","0","0","0","0","0","0","332","POINT (-78.658361 2.040629)"
"23682","Córdoba","San José de Uré","2,024","307","303","0","0","13","127","445","24","1","0","1","0","0","0","0","0","0","0","0","0","0","610","POINT (-75.533476 7.787303)"
"15215","Boyacá","Corrales","2,023","1","3","0","0","0","1","0","3","0","0","0","0","0","0","0","0","0","0","0","0","0","4","POINT (-72.844795 5.828064)"
"19300","Cauca","Guachené","2,026","180","163","0","0","23","180","140","0","0","0","337","0","0","0","0","0","0","0","0","0","0","343","POINT (-76.392189 3.134153)"
"19809","Cauca","Timbiquí","2,026","342","432","0","0","75","354","312","33","0","0","763","4","0","0","0","0","3","0","575","0","0","774","POINT (-77.667541 2.777312)"
"25438","Cundinamarca","Medina","2,026","81","95","0","0","6","63","101","6","0","0","0","0","0","0","0","0","0","0","176","0","0","176","POINT (-73.348449 4.506298)"
"25183","Cundinamarca","Chocontá","2,026","1","0","0","0","0","0","0","0","1","0","0","0","0","0","0","0","0","0","0","0","0","1","POINT (-73.683533 5.145224)"
"05761","Antioquia","Sopetrán","2,023","0","0","0","0","0","0","0","0","0","0","0","0","0","0","0","0","0","0","0","0","0","0","POINT (-75.747378 6.500745)"
"17867","Caldas","Victoria","2,023","0","0","0","0","0","0","0","0","0","0","0","0","0","0","0","0","0","0","0","0","0","0","POINT (-74.911239 5.317437)"
"68209","Santander","Confines","2,025","0","0","0","0","0","0","0","0","0","0","0","0","0","0","0","0","0","0","0","0","0","0","POINT (-73.240554 6.357327)"
"25875","Cundinamarca","Villeta","2,026","0","0","0","0","0","0","0","0","0","0","0","0","0","0","0","0","0","0","0","0","0","0","POINT (-74.469686 5.012754)"
"25320","Cundinamarca","Guaduas","2,025","116","115","0","7","0","60","151","7","19","1","0","0","3","0","0","0","2","0","56","0","0","238","POINT (-74.603368 5.072026)"
"76400","Valle del Cauca","La Unión","2,025","105","96","0","0","0","66","122","6","7","0","2","0","0","0","0","0","3","0","14","0","0","201","POINT (-76.099661 4.533869)"
"52573","Nariño","Puerres","2,025","11","5","0","0","0","0","13","0","1","2","0","0","0","0","0","0","0","0","0","0","0","16","POINT (-77.504211 0.885125)"
"50606","Meta","Restrepo","2,024","3","4","0","0","0","0","0","0","6","1","0","0","0","0","0","0","0","0","0","0","0","7","POINT (-73.56497 4.260447)"
"05376","Antioquia","La Ceja","2,024","12","2","0","0","0","0","0","4","10","0","0","0","0","0","0","0","0","0","0","0","0","14","POINT (-75.429433 6.028062)"
"27600","Chocó","Río Quito","2,024","107","153","0","0","8","120","107","9","13","3","260","0","0","0","0","0","0","0","0","0","0","260","POINT (-76.740684 5.483667)"
"05659","Antioquia","San Juan de Urabá","2,024","83","79","0","0","0","60","71","15","15","1","3","22","0","0","0","0","0","0","0","0","0","162","POINT (-76.52857 8.758964)"
"73622","Tolima","Roncesvalles","2,024","150","159","0","0","3","183","118","2","2","1","0","1","0","0","0","0","0","0","0","0","0","309","POINT (-75.606561 4.012888)"
"68615","Santander","Rionegro","2,023","11","3","0","0","0","0","1","10","3","0","3","0","0","0","0","0","0","0","0","0","0","14","POINT (-73.150147 7.26501)"
"05789","Antioquia","Támesis","2,023","4","12","0","0","0","0","0","15","2","0","0","0","0","0","0","0","0","0","0","0","0","17","POINT (-75.714429 5.664645)"
"86571","Putumayo","Puerto Guzmán","2,026","0","4","0","0","0","0","0","0","4","0","0","4","0","0","0","0","0","0","0","0","0","4","POINT (-76.407274 0.962684)"
"13440","Bolívar","Margarita","2,023","0","0","0","0","0","0","0","0","0","0","0","0","0","0","0","0","0","0","0","0","0","0","POINT (-74.280822 9.15555)"
"76246","Valle del Cauca","El Cairo","2,024","0","0","0","0","0","0","0","0","0","0","0","0","0","0","0","0","0","0","0","0","0","0","POINT (-76.221611 4.760874)"
"76863","Valle del Cauca","Versalles","2,025","0","0","0","0","0","0","0","0","0","0","0","0","0","0","0","0","0","0","0","0","0","0","POINT (-76.199203 4.575019)"
"05856","Antioquia","Valparaíso","2,026","0","0","0","0","0","0","0","0","0","0","0","0","0","0","0","0","0","0","0","0","0","0","POINT (-75.624452 5.614555)"
"18479","Caquetá","Morelia","2,026","0","0","0","0","0","0","0","0","0","0","0","0","0","0","0","0","0","0","0","0","0","0","POINT (-75.724581 1.487623)"
"20383","Cesar","La Gloria","2,026","0","0","0","0","0","0","0","0","0","0","0","0","0","0","0","0","0","0","0","0","0","0","POINT (-73.80321 8.619298)"
"47605","Magdalena","Remolino","2,026","0","0","0","0","0","0","0","0","0","0","0","0","0","0","0","0","0","0","0","0","0","0","POINT (-74.716172 10.701952)"
"52506","Nariño","Ospina","2,026","0","0","0","0","0","0","0","0","0","0","0","0","0","0","0","0","0","0","0","0","0","0","POINT (-77.566082 1.058433)"
"54520","Norte de Santander","Pamplonita","2,026","0","0","0","0","0","0","0","0","0","0","0","0","0","0","0","0","0","0","0","0","0","0","POINT (-72.63925 7.436775)"
"52435","Nariño","Mallama","2,024","32","27","0","0","1","15","17","3","19","4","0","2","0","0","0","0","0","0","0","0","0","59","POINT (-77.864549 1.141037)"
"41483","Huila","Nátaga","2,023","4","1","0","0","0","0","0","5","0","0","0","0","0","0","0","0","0","0","0","0","0","5","POINT (-75.808756 2.5451)"
"52411","Nariño","Linares","2,023","5","2","0","0","0","0","0","5","3","0","0","0","0","0","0","0","0","0","0","0","0","8","POINT (-77.522039 1.351193)"
"85136","Casanare","La Salina","2,023","5","3","0","0","0","0","0","3","5","0","0","0","0","0","0","0","0","0","0","0","0","8","POINT (-72.334036 6.127816)"
"15189","Boyacá","Ciénega","2,026","110","122","0","0","5","133","94","0","0","0","0","0","0","0","0","0","0","0","232","0","0","232","POINT (-73.296049 5.408694)"
"81300","Arauca","Fortul","2,026","68","65","0","0","5","94","33","1","0","0","0","0","0","0","0","0","0","0","133","0","0","133","POINT (-71.774279 6.792738)"
"70717","Sucre","San Pedro","2,025","2","0","0","0","0","0","0","0","2","0","0","1","0","0","0","0","0","0","0","0","0","2","POINT (-75.063652 9.396284)"
"05411","Antioquia","Liborina","2,025","1","0","0","0","0","0","0","0","1","0","0","0","0","0","0","0","0","0","1","0","0","1","POINT (-75.812838 6.677316)"
"76670","Valle del Cauca","San Pedro","2,025","1","0","0","0","0","0","0","0","1","0","0","0","0","0","0","0","0","0","0","0","0","1","POINT (-76.228692 3.995073)"
"25518","Cundinamarca","Paime","2,025","0","0","0","0","0","0","0","0","0","0","0","0","0","0","0","0","0","0","0","0","0","0","POINT (-74.152213 5.370487)"
"15248","Boyacá","El Espino","2,026","0","0","0","0","0","0","0","0","0","0","0","0","0","0","0","0","0","0","0","0","0","0","POINT (-72.497007 6.483027)"
"25878","Cundinamarca","Viotá","2,025","62","51","0","22","13","59","35","25","3","0","0","0","0","0","0","0","1","0","100","0","0","135","POINT (-74.523131 4.43935)"
"23555","Córdoba","Planeta Rica","2,025","610","613","0","0","96","564","496","47","17","3","8","306","0","0","0","0","4","0","945","0","0","1,223","POINT (-75.583241 8.4082)"
"15377","Boyacá","Labranzagrande","2,025","153","149","0","0","0","122","179","1","0","0","0","0","0","0","0","0","6","0","52","0","0","302","POINT (-72.57777 5.562687)"
"13873","Bolívar","Villanueva","2,024","190","159","0","0","1","41","292","10","4","1","124","0","0","0","0","0","0","0","0","0","0","349","POINT (-75.271108 10.445091)"
"20443","Cesar","Manaure Balcón del Cesar","2,024","287","323","0","0","0","261","343","2","2","2","3","5","0","0","0","0","6","0","0","0","0","610","POINT (-73.02832 10.390899)"
"15293","Boyacá","Gachantivá","2,024","50","45","0","0","0","51","41","0","3","0","0","0","0","0","0","0","1","0","0","0","0","95","POINT (-73.549092 5.751891)"
"41319","Huila","Guadalupe","2,024","121","113","0","0","1","69","163","1","0","0","0","0","0","0","0","0","0","0","0","0","0","234","POINT (-75.755028 2.025157)"
"63272","Quindío","Filandia","2,023","1","4","0","0","0","0","0","4","1","0","0","0","0","0","0","0","0","0","0","0","0","5","POINT (-75.658675 4.674213)"
"18410","Caquetá","La Montañita","2,023","9","5","0","0","0","0","3","8","2","1","0","2","0","0","0","0","0","0","0","0","0","14","POINT (-75.436408 1.479173)"
"52110","Nariño","Buesaco","2,023","114","96","0","0","72","0","0","9","3","126","0","0","0","0","0","0","0","0","0","0","0","210","POINT (-77.156463 1.381453)"
"15660","Boyacá","San Eduardo","2,023","1","3","0","0","0","0","0","2","2","0","0","0","0","0","0","0","0","0","0","0","0","4","POINT (-73.07713 5.223969)"
"41676","Huila","Santa María","2,025","1","0","0","0","0","0","0","0","1","0","0","0","0","0","0","0","0","0","1","0","0","1","POINT (-75.587213 2.937628)"
"08634","Atlántico","Sabanagrande","2,026","0","0","0","0","0","0","0","0","0","0","0","0","0","0","0","0","0","0","0","0","0","0","POINT (-74.75847 10.791063)"
"25299","Cundinamarca","Gama","2,026","0","0","0","0","0","0","0","0","0","0","0","0","0","0","0","0","0","0","0","0","0","0","POINT (-73.611037 4.763325)"
"25785","Cundinamarca","Tabio","2,026","0","0","0","0","0","0","0","0","0","0","0","0","0","0","0","0","0","0","0","0","0","0","POINT (-74.096461 4.916832)"
"68867","Santander","Vetas","2,026","0","0","0","0","0","0","0","0","0","0","0","0","0","0","0","0","0","0","0","0","0","0","POINT (-72.871041 7.30981)"
"05604","Antioquia","Remedios","2,025","150","127","0","0","9","181","82","5","0","0","0","10","0","0","0","0","1","0","136","0","0","277","POINT (-74.695944 7.026094)"
"18410","Caquetá","La Montañita","2,025","381","424","0","0","73","340","369","17","6","0","1","1","0","0","0","0","4","0","657","0","0","805","POINT (-75.436408 1.479173)"
"20250","Cesar","El Paso","2,024","226","233","0","0","1","52","390","15","1","0","455","0","0","0","0","0","6","0","0","0","0","459","POINT (-73.741788 9.66847)"
"15087","Boyacá","Belén","2,024","87","97","0","0","0","162","16","3","3","0","0","0","0","0","0","0","0","0","0","0","0","184","POINT (-72.911641 5.98923)"
"15377","Boyacá","Labranzagrande","2,023","84","79","0","0","161","0","1","0","1","0","0","0","0","0","0","0","0","0","0","0","0","163","POINT (-72.57777 5.562687)"
"17777","Caldas","Supía","2,023","65","7","0","0","5","48","17","1","0","1","5","11","0","0","0","0","0","0","0","0","0","72","POINT (-75.64966 5.446843)"
"52079","Nariño","Barbacoas","2,023","14","11","0","0","0","0","4","16","5","0","18","0","0","0","0","0","0","0","0","0","0","25","POINT (-78.139425 1.670423)"
"41668","Huila","San Agustín","2,023","1","2","0","0","0","0","0","2","1","0","0","0","0","0","0","0","1","0","0","0","0","3","POINT (-76.27036 1.881081)"
"25402","Cundinamarca","La Vega","2,023","1","0","0","0","0","0","0","1","0","0","0","0","0","0","0","0","0","0","0","0","0","1","POINT (-74.331138 4.993077)"
"85136","Casanare","La Salina","2,025","1","0","0","0","0","0","0","1","0","0","0","0","0","0","0","0","0","0","0","0","0","1","POINT (-72.334036 6.127816)"
"15755","Boyacá","Socotá","2,023","0","0","0","0","0","0","0","0","0","0","0","0","0","0","0","0","0","0","0","0","0","0","POINT (-72.636653 6.041162)"
"52694","Nariño","San Pedro de Cartago","2,023","0","0","0","0","0","0","0","0","0","0","0","0","0","0","0","0","0","0","0","0","0","0","POINT (-77.119189 1.551758)"
"15660","Boyacá","San Eduardo","2,025","0","0","0","0","0","0","0","0","0","0","0","0","0","0","0","0","0","0","0","0","0","0","POINT (-73.07713 5.223969)"
"52051","Nariño","Arboleda","2,025","202","178","0","0","0","174","202","3","1","0","0","0","0","0","0","0","10","0","380","0","0","380","POINT (-77.135467 1.503418)"
"73449","Tolima","Melgar","2,025","397","360","0","0","31","371","345","7","3","0","0","0","0","0","0","0","7","0","384","0","0","757","POINT (-74.630057 4.208233)"
"52110","Nariño","Buesaco","2,025","5","0","0","0","0","0","0","2","2","1","0","0","0","0","0","0","5","0","0","0","0","5","POINT (-77.156463 1.381453)"
"73148","Tolima","Carmen de Apicalá","2,025","8","5","0","0","0","0","0","2","7","4","0","0","0","0","0","0","0","0","0","0","0","13","POINT (-74.716169 4.147912)"
"41483","Huila","Nátaga","2,025","178","178","0","0","0","250","106","0","0","0","0","0","0","0","0","0","4","0","356","0","0","356","POINT (-75.808756 2.5451)"
"54174","Norte de Santander","Chitagá","2,024","4","0","0","0","0","0","0","0","4","0","0","0","0","0","0","0","0","0","0","0","0","4","POINT (-72.665468 7.138187)"
"17050","Caldas","Aranzazu","2,024","188","163","0","0","0","233","109","7","2","0","0","0","0","0","0","0","8","0","0","0","0","351","POINT (-75.491255 5.271142)"
"81736","Arauca","Saravena","2,024","457","452","0","1","7","534","333","22","12","2","1","3","1","0","0","0","1","0","0","0","0","910","POINT (-71.872812 6.953926)"
"25053","Cundinamarca","Arbeláez","2,024","5","5","0","0","0","0","3","2","5","0","0","0","0","0","0","0","0","0","0","0","0","10","POINT (-74.414901 4.272534)"
"23079","Córdoba","Buenavista","2,023","7","2","0","0","0","0","0","9","0","0","1","0","0","0","0","0","0","0","0","0","0","9","POINT (-75.480897 8.221187)"
"18001","Caquetá","Florencia","2,023","478","486","0","0","1","413","464","67","16","4","2","9","0","0","0","0","90","0","0","0","0","965","POINT (-75.609796 1.618234)"
"91460","Amazonas","Mirití - Paraná (Anm)","2,024","0","3","0","0","0","0","0","3","0","0","0","0","0","0","0","0","0","0","0","0","0","3","POINT (-70.98893 -0.888833)"
"25878","Cundinamarca","Viotá","2,023","2","1","0","0","0","0","0","0","3","0","0","0","0","0","0","0","0","0","0","0","0","3","POINT (-74.523131 4.43935)"
"15135","Boyacá","Campohermoso","2,023","1","1","0","0","0","0","0","2","0","0","0","0","0","0","0","0","0","0","0","0","0","2","POINT (-73.104173 5.031676)"
"05044","Antioquia","Anzá","2,024","0","0","0","0","0","0","0","0","0","0","0","0","0","0","0","0","0","0","0","0","0","0","POINT (-75.854442 6.302641)"
"15401","Boyacá","La Victoria","2,024","0","0","0","0","0","0","0","0","0","0","0","0","0","0","0","0","0","0","0","0","0","0","POINT (-74.234393 5.523792)"
"52411","Nariño","Linares","2,025","0","0","0","0","0","0","0","0","0","0","0","0","0","0","0","0","0","0","0","0","0","0","POINT (-77.522039 1.351193)"
"25407","Cundinamarca","Lenguazaque","2,026","0","0","0","0","0","0","0","0","0","0","0","0","0","0","0","0","0","0","0","0","0","0","POINT (-73.711512 5.306131)"
"54245","Norte de Santander","El Carmen","2,026","0","0","0","0","0","0","0","0","0","0","0","0","0","0","0","0","0","0","0","0","0","0","POINT (-73.446687 8.510579)"
"68682","Santander","San Joaquín","2,026","0","0","0","0","0","0","0","0","0","0","0","0","0","0","0","0","0","0","0","0","0","0","POINT (-72.867638 6.427548)"
"70820","Sucre","Santiago de Tolú","2,025","132","89","0","0","40","106","56","10","9","0","110","0","0","0","0","0","2","0","0","0","0","221","POINT (-75.581284 9.525454)"
"13440","Bolívar","Margarita","2,025","272","293","0","0","10","335","214","5","1","0","0","0","0","0","0","0","0","0","553","0","0","565","POINT (-74.280822 9.15555)"
"18205","Caquetá","Curillo","2,024","169","166","0","0","4","132","178","16","3","2","0","0","0","0","0","0","3","0","0","0","0","335","POINT (-75.919205 1.033473)"
"85430","Casanare","Trinidad","2,024","76","58","0","0","0","60","70","1","3","0","0","1","0","0","0","0","0","0","0","0","0","134","POINT (-71.662812 5.412178)"
"73148","Tolima","Carmen de Apicalá","2,023","3","6","0","0","0","0","0","9","0","0","0","0","0","0","0","0","0","0","0","0","0","9","POINT (-74.716169 4.147912)"
"05321","Antioquia","Guatapé","2,023","0","3","0","0","0","0","0","2","1","0","0","0","0","0","0","0","0","0","0","0","0","3","POINT (-75.162293 6.232669)"
"54673","Norte de Santander","San Cayetano","2,024","0","1","0","0","0","0","0","0","1","0","0","0","0","0","0","0","0","0","0","0","0","1","POINT (-72.625459 7.875695)"
"52699","Nariño","Santacruz","2,023","0","0","0","0","0","0","0","0","0","0","0","0","0","0","0","0","0","0","0","0","0","0","POINT (-77.676917 1.222275)"
"94884","Guainía","Puerto Colombia (Anm)","2,024","0","0","0","0","0","0","0","0","0","0","0","0","0","0","0","0","0","0","0","0","0","0","POINT (-67.566774 2.726438)"
"52385","Nariño","La Llanada","2,026","0","0","0","0","0","0","0","0","0","0","0","0","0","0","0","0","0","0","0","0","0","0","POINT (-77.58091 1.472892)"
"23586","Córdoba","Purísima de la Concepción","2,025","250","300","0","0","36","265","246","3","0","0","2","262","0","0","0","0","5","0","214","0","0","550","POINT (-75.724987 9.239295)"
"08758","Atlántico","Soledad","2,025","1,531","1,111","0","0","24","1,185","1,394","27","12","0","7","2","0","0","0","0","17","0","1","0","0","2,642","POINT (-74.785829 10.909999)"
"25307","Cundinamarca","Girardot","2,025","157","191","0","0","0","129","213","0","6","0","1","1","0","0","0","0","1","0","1","0","0","348","POINT (-74.797949 4.313103)"
"15599","Boyacá","Ramiriquí","2,024","4","5","0","1","0","0","0","3","4","3","0","0","0","0","0","0","0","0","0","0","0","10","POINT (-73.334839 5.400303)"
"73563","Tolima","Prado","2,024","76","76","0","0","6","56","87","2","1","0","0","11","0","0","0","0","0","0","0","0","0","152","POINT (-74.927447 3.750939)"
"05134","Antioquia","Campamento","2,024","2","3","0","0","0","0","0","3","2","0","0","0","0","0","0","0","0","0","0","0","0","5","POINT (-75.298091 6.979771)"
"66318","Risaralda","Guática","2,023","3","2","0","0","0","0","0","5","0","0","0","0","0","0","0","0","1","0","0","0","0","5","POINT (-75.799324 5.316251)"
"05038","Antioquia","Angostura","2,023","4","4","1","0","0","0","0","6","3","0","0","0","0","0","0","0","0","0","0","0","0","9","POINT (-75.335116 6.885175)"
"23555","Córdoba","Planeta Rica","2,023","4","6","0","0","0","0","0","2","8","0","0","0","0","0","0","0","0","0","0","0","0","10","POINT (-75.583241 8.4082)"
"17013","Caldas","Aguadas","2,023","72","70","0","0","0","25","100","16","1","0","0","0","0","0","0","0","0","0","0","0","0","142","POINT (-75.45487 5.610244)"
"86885","Putumayo","Villagarzón","2,026","75","67","0","0","0","141","0","0","1","0","0","0","0","0","0","0","1","0","0","0","0","142","POINT (-76.61721 1.028821)"
"68296","Santander","Galán","2,026","0","1","0","0","0","0","0","0","1","0","0","0","0","0","0","0","0","0","0","0","0","1","POINT (-73.287765 6.638415)"
"70717","Sucre","San Pedro","2,023","0","0","0","0","0","0","0","0","0","0","0","0","0","0","0","0","0","0","0","0","0","0","POINT (-75.063652 9.396284)"
"25426","Cundinamarca","Machetá","2,024","0","0","0","0","0","0","0","0","0","0","0","0","0","0","0","0","0","0","0","0","0","0","POINT (-73.607581 5.080295)"
"50245","Meta","El Calvario","2,025","0","0","0","0","0","0","0","0","0","0","0","0","0","0","0","0","0","0","0","0","0","0","POINT (-73.713325 4.352665)"
"05313","Antioquia","Granada","2,026","0","0","0","0","0","0","0","0","0","0","0","0","0","0","0","0","0","0","0","0","0","0","POINT (-75.184446 6.142892)"
"25317","Cundinamarca","Guachetá","2,026","0","0","0","0","0","0","0","0","0","0","0","0","0","0","0","0","0","0","0","0","0","0","POINT (-73.686972 5.383378)"
"52565","Nariño","Providencia","2,026","0","0","0","0","0","0","0","0","0","0","0","0","0","0","0","0","0","0","0","0","0","0","POINT (-77.596794 1.237814)"
"68368","Santander","Jesús María","2,026","0","0","0","0","0","0","0","0","0","0","0","0","0","0","0","0","0","0","0","0","0","0","POINT (-73.783396 5.876497)"
"68669","Santander","San Andrés","2,026","0","0","0","0","0","0","0","0","0","0","0","0","0","0","0","0","0","0","0","0","0","0","POINT (-72.848696 6.812318)"
"70429","Sucre","Majagual","2,025","117","65","0","0","0","35","122","2","16","7","3","3","0","0","0","0","0","0","0","0","0","182","POINT (-74.628077 8.541163)"
"18001","Caquetá","Florencia","2,025","2,078","1,750","0","2","47","2,236","1,491","37","18","1","23","23","0","0","0","0","35","0","377","0","0","3,830","POINT (-75.609796 1.618234)"
"05051","Antioquia","Arboletes","2,025","391","407","0","0","62","385","338","9","4","0","150","0","0","0","0","0","0","0","304","0","0","798","POINT (-76.426708 8.849317)"
"68780","Santander","Suratá","2,025","218","239","0","0","24","239","191","3","0","0","0","0","0","0","0","0","6","0","363","0","0","457","POINT (-72.984232 7.36658)"
"05543","Antioquia","Peque","2,024","150","150","0","0","0","129","157","14","0","0","0","0","0","0","0","0","0","0","0","0","0","300","POINT (-75.910347 7.02102)"
"73449","Tolima","Melgar","2,023","4","1","0","0","0","0","0","1","4","0","0","0","0","0","0","0","0","0","0","0","0","5","POINT (-74.630057 4.208233)"
"52573","Nariño","Puerres","2,023","154","103","0","0","78","0","0","4","1","174","0","1","0","0","0","0","1","0","0","0","0","257","POINT (-77.504211 0.885125)"
"15778","Boyacá","Sutatenza","2,026","2","0","0","0","0","0","0","0","2","0","0","0","0","0","0","0","0","0","0","0","0","2","POINT (-73.452317 5.022989)"
"25312","Cundinamarca","Granada","2,023","0","1","0","0","0","0","0","0","1","0","0","0","0","0","0","0","0","0","0","0","0","1","POINT (-74.350766 4.519763)"
"52694","Nariño","San Pedro de Cartago","2,025","0","0","0","0","0","0","0","0","0","0","0","0","0","0","0","0","0","0","0","0","0","0","POINT (-77.119189 1.551758)"
"13810","Bolívar","Tiquisio","2,026","0","0","0","0","0","0","0","0","0","0","0","0","0","0","0","0","0","0","0","0","0","0","POINT (-74.26338 8.557966)"
"15176","Boyacá","Chiquinquirá","2,026","0","0","0","0","0","0","0","0","0","0","0","0","0","0","0","0","0","0","0","0","0","0","POINT (-73.818745 5.61379)"
"15832","Boyacá","Tununguá","2,026","0","0","0","0","0","0","0","0","0","0","0","0","0","0","0","0","0","0","0","0","0","0","POINT (-73.933155 5.730582)"
"25214","Cundinamarca","Cota","2,026","0","0","0","0","0","0","0","0","0","0","0","0","0","0","0","0","0","0","0","0","0","0","POINT (-74.102694 4.812817)"
"66400","Risaralda","La Virginia","2,026","0","0","0","0","0","0","0","0","0","0","0","0","0","0","0","0","0","0","0","0","0","0","POINT (-75.884298 4.89877)"
"13620","Bolívar","San Cristóbal","2,025","10","1","0","0","0","0","0","0","9","2","11","0","0","0","0","0","0","0","0","0","0","11","POINT (-75.065076 10.392836)"
"73624","Tolima","Rovira","2,025","713","750","0","0","99","718","611","27","7","1","0","1","0","0","0","0","10","0","728","0","0","1,463","POINT (-75.240648 4.239019)"
"05736","Antioquia","Segovia","2,024","40","16","0","0","0","4","35","11","6","0","13","0","0","0","0","0","0","0","0","0","0","56","POINT (-74.701596 7.079648)"
"13433","Bolívar","Mahates","2,024","43","39","0","3","0","14","32","29","6","4","83","0","0","0","0","0","0","0","0","0","0","85","POINT (-75.191583 10.233316)"
"13222","Bolívar","Clemencia","2,024","147","131","0","1","4","109","141","19","6","0","264","1","0","0","0","0","0","0","0","0","0","279","POINT (-75.328517 10.567541)"
"27075","Chocó","Bahía Solano","2,024","161","146","0","0","4","118","150","32","3","0","187","120","0","0","0","0","1","0","0","0","0","307","POINT (-77.401633 6.22127)"
"25799","Cundinamarca","Tenjo","2,024","4","4","0","1","0","0","0","4","5","0","0","0","0","0","0","0","0","0","0","0","0","9","POINT (-74.14392 4.871887)"
"05664","Antioquia","San Pedro de los Milagros","2,024","0","3","0","1","0","0","0","4","0","0","0","0","0","0","0","1","0","0","0","0","0","4","POINT (-75.556743 6.46012)"
"68418","Santander","Los Santos","2,024","399","421","0","0","2","373","440","5","0","0","0","0","0","0","0","0","26","0","0","0","0","820","POINT (-73.102746 6.755208)"
"52687","Nariño","San Lorenzo","2,024","203","193","0","0","0","66","315","7","7","1","0","0","0","0","0","0","6","0","0","0","0","396","POINT (-77.215231 1.50336)"
"85250","Casanare","Paz de Ariporo","2,024","207","192","0","0","0","278","109","11","1","0","0","2","0","0","0","0","0","0","0","0","0","399","POINT (-71.890348 5.879827)"
"15696","Boyacá","Santa Sofía","2,023","5","0","0","0","0","1","0","0","4","0","0","0","0","0","0","0","0","0","0","0","0","5","POINT (-73.602707 5.713269)"
"23182","Córdoba","Chinú","2,023","14","7","0","0","0","0","0","19","2","0","3","9","0","0","0","0","0","0","0","0","0","21","POINT (-75.399633 9.105473)"
"86219","Putumayo","Colón","2,023","35","20","0","0","0","0","0","43","10","2","0","25","0","0","0","0","1","0","0","0","0","55","POINT (-76.972566 1.190133)"
"05030","Antioquia","Amagá","2,026","194","198","0","0","53","319","19","1","0","0","0","0","0","0","0","0","0","0","193","0","0","392","POINT (-75.702041 6.038817)"
"05411","Antioquia","Liborina","2,023","2","0","0","0","1","0","0","0","1","0","0","0","0","0","0","0","0","0","0","0","0","2","POINT (-75.812838 6.677316)"
"05501","Antioquia","Olaya","2,023","1","0","0","0","0","0","0","0","1","0","0","0","0","0","0","0","0","0","0","0","0","1","POINT (-75.812301 6.627524)"
"47703","Magdalena","San Zenón","2,026","1","0","0","0","0","0","0","1","0","0","0","0","0","0","0","0","0","0","0","0","0","1","POINT (-74.498992 9.245061)"
"85015","Casanare","Chámeza","2,023","0","0","0","0","0","0","0","0","0","0","0","0","0","0","0","0","0","0","0","0","0","0","POINT (-72.87016 5.214527)"
"25035","Cundinamarca","Anapoima","2,024","0","0","0","0","0","0","0","0","0","0","0","0","0","0","0","0","0","0","0","0","0","0","POINT (-74.528676 4.562737)"
"41885","Huila","Yaguará","2,024","0","0","0","0","0","0","0","0","0","0","0","0","0","0","0","0","0","0","0","0","0","0","POINT (-75.518023 2.664694)"
"68773","Santander","Sucre","2,024","0","0","0","0","0","0","0","0","0","0","0","0","0","0","0","0","0","0","0","0","0","0","POINT (-73.790975 5.918743)"
"15580","Boyacá","Quípama","2,026","0","0","0","0","0","0","0","0","0","0","0","0","0","0","0","0","0","0","0","0","0","0","POINT (-74.177729 5.51837)"
"52210","Nariño","Contadero","2,026","0","0","0","0","0","0","0","0","0","0","0","0","0","0","0","0","0","0","0","0","0","0","POINT (-77.549409 0.910458)"
"66045","Risaralda","Apía","2,026","0","0","0","0","0","0","0","0","0","0","0","0","0","0","0","0","0","0","0","0","0","0","POINT (-75.941931 5.105739)"
"94883","Guainía","San Felipe (Anm)","2,026","0","0","0","0","0","0","0","0","0","0","0","0","0","0","0","0","0","0","0","0","0","0","POINT (-67.067848 1.912495)"
"68406","Santander","Lebrija","2,025","275","278","0","1","5","369","176","4","0","0","0","0","0","0","0","0","0","0","249","0","0","554","POINT (-73.219524 7.113351)"
"25758","Cundinamarca","Sopó","2,024","7","4","0","2","0","0","0","9","4","0","0","0","0","0","0","0","0","0","0","0","0","13","POINT (-73.945775 4.906331)"
"81300","Arauca","Fortul","2,024","270","238","0","0","0","175","308","16","7","2","1","0","0","0","0","0","0","0","0","0","0","508","POINT (-71.774279 6.792738)"
"15183","Boyacá","Chita","2,024","6","1","0","0","0","0","0","1","6","0","0","0","0","0","0","0","0","0","0","0","0","7","POINT (-72.471892 6.187083)"
"99773","Vichada","Cumaribo","2,024","7","1","0","0","0","0","0","0","6","2","0","2","0","0","0","0","0","0","0","0","0","8","POINT (-69.795533 4.446352)"
"76248","Valle del Cauca","El Cerrito","2,024","2","2","0","0","0","0","0","3","1","0","0","0","0","0","0","0","0","0","0","0","0","4","POINT (-76.311909 3.684272)"
"25489","Cundinamarca","Nimaima","2,024","3","2","0","0","0","0","1","2","2","0","0","0","0","0","0","0","0","0","0","0","0","5","POINT (-74.38604 5.125992)"
"15550","Boyacá","Pisba","2,023","50","49","1","0","98","0","0","2","0","0","0","0","0","0","0","0","0","0","0","0","0","100","POINT (-72.486023 5.72141)"
"52227","Nariño","Cumbal","2,023","29","10","0","0","0","1","0","24","13","1","0","30","0","0","0","0","2","0","0","0","0","39","POINT (-77.792279 0.906301)"
"15621","Boyacá","Rondón","2,026","37","60","0","0","6","41","49","1","0","0","0","0","0","0","0","0","8","0","97","0","0","97","POINT (-73.208474 5.357378)"
"27361","Chocó","Istmina","2,026","870","899","0","0","21","711","1,021","16","0","0","1,517","160","0","0","0","0","42","0","591","0","0","1,769","POINT (-76.68518 5.153946)"
"15897","Boyacá","Zetaquira","2,023","0","2","0","0","0","0","0","2","1","0","0","0","0","0","0","0","0","0","0","0","0","3","POINT (-73.169052 5.282116)"
"73030","Tolima","Ambalema","2,023","0","0","0","0","0","0","0","0","0","0","0","0","0","0","0","0","0","0","0","0","0","0","POINT (-74.764429 4.782682)"
"94886","Guainía","Cacahual (Anm)","2,023","0","0","0","0","0","0","0","0","0","0","0","0","0","0","0","0","0","0","0","0","0","0","POINT (-67.413263 3.526372)"
"17446","Caldas","Marulanda","2,024","0","0","0","0","0","0","0","0","0","0","0","0","0","0","0","0","0","0","0","0","0","0","POINT (-75.259721 5.284304)"
"50270","Meta","El Dorado","2,026","0","0","0","0","0","0","0","0","0","0","0","0","0","0","0","0","0","0","0","0","0","0","POINT (-73.835264 3.739984)"
"66682","Risaralda","Santa Rosa de Cabal","2,026","0","0","0","0","0","0","0","0","0","0","0","0","0","0","0","0","0","0","0","0","0","0","POINT (-75.620171 4.867454)"
"68855","Santander","Valle de San José","2,026","0","0","0","0","0","0","0","0","0","0","0","0","0","0","0","0","0","0","0","0","0","0","POINT (-73.143507 6.448028)"
"99001","Vichada","Puerto Carreño","2,026","0","0","0","0","0","0","0","0","0","0","0","0","0","0","0","0","0","0","0","0","0","0","POINT (-67.487095 6.186636)"
"20045","Cesar","Becerril","2,025","534","525","0","0","88","561","368","35","5","2","218","260","0","0","0","0","7","0","253","0","0","1,059","POINT (-73.278839 9.704495)"
"17513","Caldas","Pácora","2,025","328","295","0","0","71","270","268","13","1","0","0","2","0","0","0","0","25","0","195","0","0","623","POINT (-75.459621 5.527172)"
"73055","Tolima","Armero","2,025","396","461","0","0","33","406","409","8","1","0","0","0","0","0","0","0","5","0","187","0","0","857","POINT (-74.884438 5.030744)"
"73873","Tolima","Villarrica","2,025","63","61","0","0","0","34","90","0","0","0","0","0","0","0","0","0","1","0","124","0","0","124","POINT (-74.600341 3.936729)"
"54347","Norte de Santander","Herrán","2,025","63","52","0","0","1","90","22","0","2","0","0","0","0","0","0","0","2","0","0","0","0","115","POINT (-72.483519 7.506541)"
"15676","Boyacá","San Miguel de Sema","2,024","4","1","0","0","0","0","0","1","4","0","1","0","0","0","0","0","1","0","0","0","0","5","POINT (-73.722009 5.518083)"
"76147","Valle del Cauca","Cartago","2,024","2","4","0","0","0","0","0","4","2","0","0","0","0","0","0","0","0","0","0","0","0","6","POINT (-75.942264 4.758755)"
"68092","Santander","Betulia","2,024","335","311","0","0","0","294","324","23","5","0","0","0","0","0","0","0","6","0","0","0","0","646","POINT (-73.283669 6.899525)"
"68406","Santander","Lebrija","2,024","338","323","0","0","1","218","425","15","2","0","0","0","0","0","0","0","0","0","0","0","0","661","POINT (-73.219524 7.113351)"
"73870","Tolima","Villahermosa","2,023","4","2","0","0","0","0","0","4","2","0","0","0","0","0","0","0","0","0","0","0","0","6","POINT (-75.117729 5.030452)"
"05031","Antioquia","Amalfi","2,023","6","5","0","0","0","1","1","6","2","1","0","0","0","0","0","0","0","0","0","0","0","11","POINT (-75.082524 6.912305)"
"13780","Bolívar","Talaigua Nuevo","2,023","18","19","0","0","0","10","18","8","1","0","0","0","0","0","0","0","0","0","0","0","0","37","POINT (-74.567628 9.304889)"
"15494","Boyacá","Nuevo Colón","2,023","112","117","0","0","226","0","0","2","1","0","0","0","0","0","0","0","0","0","0","0","0","229","POINT (-73.456759 5.355317)"
"19807","Cauca","Timbío","2,023","12","10","0","0","0","0","0","18","4","0","1","2","0","0","0","0","0","0","0","0","0","22","POINT (-76.676174 2.349249)"
"70670","Sucre","Sampués","2,026","304","276","0","0","5","272","300","3","0","0","0","378","0","0","0","0","8","0","317","0","0","580","POINT (-75.380119 9.183271)"
"85263","Casanare","Pore","2,023","1","2","0","0","0","0","0","3","0","0","0","0","0","0","0","0","0","0","0","0","0","3","POINT (-71.99286 5.72773)"
"05885","Antioquia","Yalí","2,025","2","0","0","0","0","0","0","2","0","0","0","0","0","0","0","0","0","0","0","0","0","2","POINT (-74.840059 6.676554)"
"54109","Norte de Santander","Bucarasica","2,023","0","0","0","0","0","0","0","0","0","0","0","0","0","0","0","0","0","0","0","0","0","0","POINT (-72.868231 8.041299)"
"52354","Nariño","Imués","2,026","0","0","0","0","0","0","0","0","0","0","0","0","0","0","0","0","0","0","0","0","0","0","POINT (-77.496063 1.054815)"
"73504","Tolima","Ortega","2,026","0","0","0","0","0","0","0","0","0","0","0","0","0","0","0","0","0","0","0","0","0","0","POINT (-75.222601 3.934916)"
"76036","Valle del Cauca","Andalucía","2,026","0","0","0","0","0","0","0","0","0","0","0","0","0","0","0","0","0","0","0","0","0","0","POINT (-76.167925 4.171713)"
"86219","Putumayo","Colón","2,026","0","0","0","0","0","0","0","0","0","0","0","0","0","0","0","0","0","0","0","0","0","0","POINT (-76.972566 1.190133)"
"76147","Valle del Cauca","Cartago","2,025","303","317","0","5","24","554","41","6","0","0","19","0","0","0","0","0","24","0","0","0","0","625","POINT (-75.942264 4.758755)"
"17614","Caldas","Riosucio","2,025","687","634","0","0","124","661","517","14","5","0","0","712","3","0","0","0","12","0","529","0","0","1,321","POINT (-75.702104 5.423673)"
"27450","Chocó","Medio San Juan","2,025","319","364","0","0","1","193","339","126","21","3","367","316","0","0","0","0","0","0","316","0","0","683","POINT (-76.694409 5.098291)"
"13760","Bolívar","Soplaviento","2,025","284","309","0","0","7","276","303","6","1","0","177","0","0","0","0","0","0","0","168","0","0","593","POINT (-75.136404 10.38839)"
"73268","Tolima","Espinal","2,025","1,108","974","0","0","78","791","1,115","80","18","0","0","0","0","0","0","0","31","0","1,133","0","0","2,082","POINT (-74.885446 4.151314)"
"85400","Casanare","Támara","2,025","42","47","0","0","0","3","65","11","10","0","0","0","0","0","0","0","5","0","1","0","0","89","POINT (-72.16174 5.82964)"
"76606","Valle del Cauca","Restrepo","2,025","70","82","0","0","0","86","66","0","0","0","0","0","0","0","0","0","2","0","152","0","0","152","POINT (-76.523329 3.821351)"
"73055","Tolima","Armero","2,024","67","48","0","0","0","90","20","1","4","0","0","0","0","0","0","0","0","0","0","0","0","115","POINT (-74.884438 5.030744)"
"54347","Norte de Santander","Herrán","2,024","12","2","0","0","0","0","0","0","9","5","2","0","0","0","0","0","0","0","0","0","0","14","POINT (-72.483519 7.506541)"
"17513","Caldas","Pácora","2,024","240","212","0","0","0","121","303","22","6","0","0","0","0","0","0","0","19","0","0","0","0","452","POINT (-75.459621 5.527172)"
"70523","Sucre","Palmito","2,024","16","1","0","1","0","0","0","12","6","0","0","10","0","0","0","0","0","0","0","0","0","18","POINT (-75.541264 9.333157)"
"47660","Magdalena","Sabanas de San Ángel","2,026","50","70","0","0","67","53","0","0","0","0","0","0","0","0","0","0","0","0","0","0","0","120","POINT (-74.213958 10.032532)"
"05001","Antioquia","Medellín","2,026","704","836","0","25","120","679","726","30","10","0","1","0","0","0","0","0","49","0","1","0","0","1,565","POINT (-75.578661 6.250063)"
"23586","Córdoba","Purísima de la Concepción","2,026","144","195","0","0","28","169","140","2","0","0","1","116","0","0","0","0","5","0","2","0","0","339","POINT (-75.724987 9.239295)"
"52207","Nariño","Consacá","2,024","1","0","0","0","0","0","0","0","1","0","0","0","0","0","0","0","0","0","0","0","0","1","POINT (-77.465103 1.207635)"
"05113","Antioquia","Buriticá","2,026","0","0","0","0","0","0","0","0","0","0","0","0","0","0","0","0","0","0","0","0","0","0","POINT (-75.907496 6.71973)"
"15464","Boyacá","Mongua","2,026","0","0","0","0","0","0","0","0","0","0","0","0","0","0","0","0","0","0","0","0","0","0","POINT (-72.79809 5.754242)"
"25535","Cundinamarca","Pasca","2,026","0","0","0","0","0","0","0","0","0","0","0","0","0","0","0","0","0","0","0","0","0","0","POINT (-74.302276 4.308979)"
"81065","Arauca","Arauquita","2,025","881","868","0","0","129","1,230","374","11","5","0","79","98","0","0","0","0","26","0","822","0","0","1,749","POINT (-71.426747 7.026988)"
"99773","Vichada","Cumaribo","2,025","109","158","0","0","8","77","138","42","2","0","0","123","0","0","0","0","0","0","265","0","0","267","POINT (-69.795533 4.446352)"
"81300","Arauca","Fortul","2,025","714","698","0","0","39","668","685","18","2","0","0","0","0","0","0","0","3","0","561","0","0","1,412","POINT (-71.774279 6.792738)"
"17614","Caldas","Riosucio","2,024","300","304","0","2","27","399","131","37","11","1","0","349","3","0","0","0","0","0","0","0","0","606","POINT (-75.702104 5.423673)"
"13433","Bolívar","Mahates","2,023","111","127","0","0","189","1","0","38","12","1","210","0","0","0","0","0","0","0","0","0","0","241","POINT (-75.191583 10.233316)"
"41551","Huila","Pitalito","2,023","83","72","0","0","0","78","61","8","7","1","1","0","0","0","0","0","0","0","0","0","0","155","POINT (-76.048925 1.852523)"
"44430","La Guajira","Maicao","2,023","94","71","0","0","0","20","114","22","9","0","13","83","0","0","0","0","1","0","0","0","0","165","POINT (-72.241861 11.378319)"
"08832","Atlántico","Tubará","2,026","171","163","0","0","46","226","62","0","0","0","8","30","0","0","0","0","5","0","120","0","0","334","POINT (-74.978704 10.873586)"
"68773","Santander","Sucre","2,023","0","1","0","0","0","0","0","0","1","0","0","0","0","0","0","0","0","0","0","0","0","1","POINT (-73.790975 5.918743)"
"25086","Cundinamarca","Beltrán","2,024","0","0","0","0","0","0","0","0","0","0","0","0","0","0","0","0","0","0","0","0","0","0","POINT (-74.741666 4.802832)"
"25299","Cundinamarca","Gama","2,025","0","0","0","0","0","0","0","0","0","0","0","0","0","0","0","0","0","0","0","0","0","0","POINT (-73.611037 4.763325)"
"15632","Boyacá","Saboyá","2,026","0","0","0","0","0","0","0","0","0","0","0","0","0","0","0","0","0","0","0","0","0","0","POINT (-73.764456 5.697756)"
"25322","Cundinamarca","Guasca","2,026","0","0","0","0","0","0","0","0","0","0","0","0","0","0","0","0","0","0","0","0","0","0","POINT (-73.877143 4.866719)"
"25513","Cundinamarca","Pacho","2,026","0","0","0","0","0","0","0","0","0","0","0","0","0","0","0","0","0","0","0","0","0","0","POINT (-74.156132 5.136907)"
"73616","Tolima","Rioblanco","2,026","0","0","0","0","0","0","0","0","0","0","0","0","0","0","0","0","0","0","0","0","0","0","POINT (-75.644718 3.529842)"
"81591","Arauca","Puerto Rondón","2,025","8","7","0","0","0","0","0","3","6","6","0","0","0","0","0","0","1","0","9","0","0","15","POINT (-71.097743 6.283852)"
"18756","Caquetá","Solano","2,024","76","80","0","1","1","52","74","25","4","1","7","5","0","0","0","0","2","0","0","0","0","157","POINT (-75.253702 0.699077)"
"81065","Arauca","Arauquita","2,024","235","238","0","0","0","405","59","5","4","0","2","0","0","0","0","0","10","0","0","0","0","473","POINT (-71.426747 7.026988)"
"08573","Atlántico","Puerto Colombia","2,024","307","349","0","0","1","134","497","21","1","2","10","14","0","0","0","0","0","0","0","0","0","656","POINT (-74.851953 11.022918)"
"25377","Cundinamarca","La Calera","2,024","10","10","0","0","0","0","0","6","12","2","0","0","0","0","0","0","0","0","0","0","0","20","POINT (-73.969745 4.720345)"
"47692","Magdalena","San Sebastián de Buenavista","2,024","151","176","0","0","0","93","199","30","5","0","0","0","0","0","0","0","0","0","0","0","0","327","POINT (-74.3516 9.240521)"
"25307","Cundinamarca","Girardot","2,023","4","2","0","0","0","0","0","1","4","1","0","0","0","0","0","0","0","0","0","0","0","6","POINT (-74.797949 4.313103)"
"54871","Norte de Santander","Villa Caro","2,023","0","4","0","0","0","0","0","1","3","0","0","0","0","0","0","0","0","0","0","0","0","4","POINT (-72.971282 7.915047)"
"54001","Norte de Santander","San José de Cúcuta","2,026","147","132","0","2","3","111","114","8","45","0","0","0","0","0","0","0","4","0","1","0","0","281","POINT (-72.508577 7.905613)"
"25120","Cundinamarca","Cabrera","2,025","2","0","0","0","0","0","0","0","2","0","0","0","0","0","0","0","0","0","0","0","0","2","POINT (-74.484144 3.984615)"
"15236","Boyacá","Chivor","2,023","2","0","0","0","0","0","0","0","2","0","0","0","0","0","0","0","0","0","0","0","0","2","POINT (-73.366894 4.887782)"
"68370","Santander","Jordán","2,023","2","0","0","0","0","0","0","2","0","0","0","0","0","0","0","0","0","0","0","0","0","2","POINT (-73.096053 6.732727)"
"05347","Antioquia","Heliconia","2,024","1","0","0","0","0","0","0","0","1","0","0","0","0","0","0","0","0","0","0","0","0","1","POINT (-75.734322 6.206757)"
"27413","Chocó","Lloró","2,023","0","0","0","0","0","0","0","0","0","0","0","0","0","0","0","0","0","0","0","0","0","0","POINT (-76.545238 5.498161)"
"94888","Guainía","Morichal (Anm)","2,025","0","0","0","0","0","0","0","0","0","0","0","0","0","0","0","0","0","0","0","0","0","0","POINT (-69.919404 2.265132)"
"05819","Antioquia","Toledo","2,026","0","0","0","0","0","0","0","0","0","0","0","0","0","0","0","0","0","0","0","0","0","0","POINT (-75.691442 7.010154)"
"52051","Nariño","Arboleda","2,026","0","0","0","0","0","0","0","0","0","0","0","0","0","0","0","0","0","0","0","0","0","0","POINT (-77.135467 1.503418)"
"23182","Córdoba","Chinú","2,025","292","341","0","0","0","472","148","2","7","4","0","9","0","0","0","0","8","0","1","0","0","633","POINT (-75.399633 9.105473)"
"68092","Santander","Betulia","2,025","356","353","0","3","15","328","339","25","5","0","0","0","0","0","0","0","5","0","39","0","0","712","POINT (-73.283669 6.899525)"
"19473","Cauca","Morales","2,025","11","5","0","0","0","4","1","4","6","1","0","4","0","0","0","0","0","0","2","0","0","16","POINT (-76.629106 2.754684)"
"05649","Antioquia","San Carlos","2,024","0","4","0","0","0","0","0","4","0","0","0","0","0","0","0","0","0","0","0","0","0","4","POINT (-74.987831 6.188449)"
"54660","Norte de Santander","Salazar","2,024","303","302","0","0","6","296","301","1","0","1","0","0","0","0","0","0","6","0","0","0","0","605","POINT (-72.813064 7.773683)"
"76111","Valle del Cauca","Guadalajara de Buga","2,023","4","4","0","0","0","0","0","2","6","0","0","0","0","0","0","0","0","0","0","0","0","8","POINT (-76.298979 3.900736)"
"13030","Bolívar","Altos del Rosario","2,023","8","3","0","0","0","1","0","2","8","0","2","0","0","0","0","0","0","0","0","0","0","11","POINT (-74.164902 8.79187)"
"27787","Chocó","Tadó","2,026","259","196","0","0","5","219","203","28","0","0","178","276","0","0","0","0","0","0","103","0","0","455","POINT (-76.553896 5.265367)"
"47189","Magdalena","Ciénaga","2,026","556","499","0","0","50","333","641","31","0","0","121","11","0","0","0","0","1","0","204","0","0","1,055","POINT (-74.241286 11.006654)"
"52835","Nariño","San Andrés de Tumaco","2,026","775","711","0","0","19","578","856","30","3","0","1,473","13","0","0","0","0","0","0","0","0","0","1,486","POINT (-78.764073 1.807399)"
"68720","Santander","Santa Helena del Opón","2,025","0","0","0","1","0","0","0","1","0","0","0","0","0","0","0","0","0","0","0","0","0","1","POINT (-73.616716 6.339565)"
"52835","Nariño","San Andrés de Tumaco","2,025","1,244","1,219","0","0","33","995","1,302","84","40","9","2,185","85","0","0","0","0","0","0","1,174","0","0","2,463","POINT (-78.764073 1.807399)"
"47189","Magdalena","Ciénaga","2,025","1,259","1,219","0","1","102","973","1,360","34","10","0","60","24","0","0","0","0","2","0","449","0","0","2,479","POINT (-74.241286 11.006654)"
"81591","Arauca","Puerto Rondón","2,024","7","1","0","0","0","0","0","4","4","0","1","0","0","0","0","0","0","0","0","0","0","8","POINT (-71.097743 6.283852)"
"91001","Amazonas","Leticia","2,024","88","90","0","1","0","68","18","31","53","9","0","81","0","0","0","0","0","0","0","0","0","179","POINT (-69.941465 -4.199511)"
"15763","Boyacá","Sotaquirá","2,023","3","2","0","0","0","0","0","0","5","0","1","0","0","0","0","0","0","0","0","0","0","5","POINT (-73.247334 5.765231)"
"76122","Valle del Cauca","Caicedonia","2,023","4","4","0","0","0","0","0","7","1","0","0","0","0","0","0","0","0","0","0","0","0","8","POINT (-75.830594 4.334808)"
"54344","Norte de Santander","Hacarí","2,023","11","4","0","0","0","1","3","8","3","0","0","0","0","0","0","0","1","0","0","0","0","15","POINT (-73.145997 8.321506)"
"15572","Boyacá","Puerto Boyacá","2,023","16","9","0","0","0","0","0","12","13","0","4","0","0","0","0","0","0","0","0","0","0","25","POINT (-74.587999 5.977935)"
"50110","Meta","Barranca de Upía","2,023","1","197","0","0","0","64","0","85","46","3","0","0","0","0","0","0","0","0","0","0","0","198","POINT (-72.961083 4.566225)"
"54874","Norte de Santander","Villa del Rosario","2,026","216","207","0","0","1","155","252","5","10","0","0","0","0","0","0","0","9","0","0","0","0","423","POINT (-72.470277 7.847757)"
"85230","Casanare","Orocué","2,023","1","1","0","0","0","0","0","0","1","1","0","1","0","0","0","0","0","0","0","0","0","2","POINT (-71.338533 4.790258)"
"15808","Boyacá","Tinjacá","2,023","0","0","0","0","0","0","0","0","0","0","0","0","0","0","0","0","0","0","0","0","0","0","POINT (-73.646847 5.579713)"
"05483","Antioquia","Nariño","2,026","0","0","0","0","0","0","0","0","0","0","0","0","0","0","0","0","0","0","0","0","0","0","POINT (-75.176262 5.610777)"
"73347","Tolima","Herveo","2,026","0","0","0","0","0","0","0","0","0","0","0","0","0","0","0","0","0","0","0","0","0","0","POINT (-75.177151 5.080228)"
"70523","Sucre","Palmito","2,025","194","148","0","0","38","143","106","17","37","1","0","319","0","0","0","0","0","0","282","0","0","342","POINT (-75.541264 9.333157)"
"15183","Boyacá","Chita","2,025","164","177","0","0","19","211","99","12","0","0","2","1","0","0","0","0","9","0","225","0","0","341","POINT (-72.471892 6.187083)"
"25758","Cundinamarca","Sopó","2,025","450","415","0","0","12","143","696","12","2","0","0","0","0","0","0","0","14","0","282","0","0","865","POINT (-73.945775 4.906331)"
"25019","Cundinamarca","Albán","2,025","151","161","0","0","3","106","194","2","5","2","0","4","0","0","0","0","0","0","0","0","0","312","POINT (-74.438261 4.878022)"
"52207","Nariño","Consacá","2,025","10","2","0","1","0","1","7","3","2","0","0","1","0","0","0","0","0","0","3","0","0","13","POINT (-77.465103 1.207635)"
"73268","Tolima","Espinal","2,024","159","171","0","0","7","146","161","9","3","4","0","0","0","0","0","0","5","0","0","0","0","330","POINT (-74.885446 4.151314)"
"23182","Córdoba","Chinú","2,024","6","2","0","0","1","0","0","3","4","0","0","2","0","0","0","0","0","0","0","0","0","8","POINT (-75.399633 9.105473)"
"85400","Casanare","Támara","2,024","6","6","0","0","0","0","5","0","7","0","0","0","0","0","0","0","0","0","0","0","0","12","POINT (-72.16174 5.82964)"
"68079","Santander","Barichara","2,023","10","2","1","0","0","0","0","3","8","2","0","0","0","0","0","0","0","0","0","0","0","13","POINT (-73.223047 6.634111)"
"50325","Meta","Mapiripán","2,024","2","0","0","0","0","0","0","0","2","0","0","0","0","0","0","0","0","0","0","0","0","2","POINT (-72.135509 2.896617)"
"68190","Santander","Cimitarra","2,023","2","0","0","0","0","0","0","0","2","0","0","0","0","0","0","0","0","0","0","0","0","2","POINT (-73.953011 6.320886)"
"15180","Boyacá","Chiscas","2,023","0","0","0","0","0","0","0","0","0","0","0","0","0","0","0","0","0","0","0","0","0","0","POINT (-72.501162 6.553845)"
"54874","Norte de Santander","Villa del Rosario","2,025","810","858","0","7","22","1,218","417","12","6","0","2","0","0","0","0","0","31","0","0","0","0","1,675","POINT (-72.470277 7.847757)"
"66456","Risaralda","Mistrató","2,025","255","296","0","0","54","387","101","4","5","0","1","53","0","0","0","0","5","0","212","0","0","551","POINT (-75.882886 5.297039)"
"86755","Putumayo","San Francisco","2,025","40","62","0","0","0","57","41","2","2","0","0","26","0","0","0","0","5","0","98","0","0","102","POINT (-76.879283 1.174194)"
"15272","Boyacá","Firavitoba","2,025","153","163","0","0","30","236","50","0","0","0","0","0","0","0","0","0","1","0","0","0","0","316","POINT (-72.993392 5.668885)"
"19743","Cauca","Silvia","2,024","306","250","0","0","14","424","88","23","6","1","0","545","0","0","0","0","13","0","0","0","0","556","POINT (-76.379753 2.611927)"
"50001","Meta","Villavicencio","2,024","346","335","0","3","0","561","67","28","28","0","3","2","0","0","0","1","6","0","0","0","0","684","POINT (-73.627486 4.127404)"
"27361","Chocó","Istmina","2,024","1,142","1,154","0","0","31","833","1,334","76","19","3","2,020","247","0","0","0","0","1","0","0","0","0","2,296","POINT (-76.68518 5.153946)"
"41396","Huila","La Plata","2,024","65","65","0","0","0","12","104","10","3","1","0","10","0","0","0","0","3","0","0","0","0","130","POINT (-75.89148 2.389479)"
"08685","Atlántico","Santo Tomás","2,024","237","261","0","0","2","68","404","23","1","0","0","1","0","0","0","0","0","0","0","0","0","498","POINT (-74.754112 10.756056)"
"27099","Chocó","Bojayá","2,023","104","113","0","0","28","17","93","43","22","14","153","14","0","0","0","0","0","0","0","0","0","217","POINT (-76.883465 6.556303)"
"52260","Nariño","El Tambo","2,023","3","1","0","0","0","0","0","2","2","0","0","0","0","0","0","0","0","0","0","0","0","4","POINT (-77.390774 1.407914)"
"23350","Córdoba","La Apartada","2,026","103","112","0","0","0","200","14","1","0","0","1","0","0","0","0","0","0","0","0","0","0","215","POINT (-75.332591 8.044806)"
"97777","Vaupés","Papunahua (Anm)","2,023","0","0","0","0","0","0","0","0","0","0","0","0","0","0","0","0","0","0","0","0","0","0","POINT (-70.761467 1.907574)"
"97889","Vaupés","Yavaraté (Anm)","2,023","0","0","0","0","0","0","0","0","0","0","0","0","0","0","0","0","0","0","0","0","0","0","POINT (-69.203337 0.609142)"
"25535","Cundinamarca","Pasca","2,024","0","0","0","0","0","0","0","0","0","0","0","0","0","0","0","0","0","0","0","0","0","0","POINT (-74.302276 4.308979)"
"97666","Vaupés","Taraira","2,024","0","0","0","0","0","0","0","0","0","0","0","0","0","0","0","0","0","0","0","0","0","0","POINT (-69.634271 -0.566224)"
"05125","Antioquia","Caicedo","2,026","0","0","0","0","0","0","0","0","0","0","0","0","0","0","0","0","0","0","0","0","0","0","POINT (-75.98293 6.405607)"
"05885","Antioquia","Yalí","2,026","0","0","0","0","0","0","0","0","0","0","0","0","0","0","0","0","0","0","0","0","0","0","POINT (-74.840059 6.676554)"
"20517","Cesar","Pailitas","2,026","0","0","0","0","0","0","0","0","0","0","0","0","0","0","0","0","0","0","0","0","0","0","POINT (-73.625808 8.956032)"
"52678","Nariño","Samaniego","2,026","0","0","0","0","0","0","0","0","0","0","0","0","0","0","0","0","0","0","0","0","0","0","POINT (-77.594341 1.335438)"
"73449","Tolima","Melgar","2,026","0","0","0","0","0","0","0","0","0","0","0","0","0","0","0","0","0","0","0","0","0","0","POINT (-74.630057 4.208233)"
"73873","Tolima","Villarrica","2,026","0","0","0","0","0","0","0","0","0","0","0","0","0","0","0","0","0","0","0","0","0","0","POINT (-74.600341 3.936729)"
"81065","Arauca","Arauquita","2,026","0","0","0","0","0","0","0","0","0","0","0","0","0","0","0","0","0","0","0","0","0","0","POINT (-71.426747 7.026988)"
"47660","Magdalena","Sabanas de San Ángel","2,025","226","320","0","0","119","216","195","10","6","0","2","217","0","0","0","0","0","0","203","0","0","546","POINT (-74.213958 10.032532)"
"54223","Norte de Santander","Cucutilla","2,025","4","0","0","0","0","0","0","0","4","0","0","0","0","0","0","0","0","0","0","0","0","4","POINT (-72.772816 7.539633)"
"66456","Risaralda","Mistrató","2,024","246","290","0","0","2","422","102","6","4","0","0","23","0","0","0","0","3","0","0","0","0","536","POINT (-75.882886 5.297039)"
"50313","Meta","Granada","2,024","365","368","0","0","10","571","147","1","3","1","0","0","0","0","0","0","3","0","0","0","0","733","POINT (-73.712572 3.551865)"
"15755","Boyacá","Socotá","2,024","11","5","0","0","0","0","9","0","5","2","0","0","0","0","0","0","0","0","0","0","0","16","POINT (-72.636653 6.041162)"
"47570","Magdalena","Puebloviejo","2,024","173","189","0","0","1","35","312","12","2","0","0","0","0","0","0","0","0","0","0","0","0","362","POINT (-74.28253 10.994766)"
"23660","Córdoba","Sahagún","2,023","4","8","0","0","0","0","0","10","3","0","1","5","0","0","0","0","0","0","0","0","0","13","POINT (-75.445834 8.943048)"
"05030","Antioquia","Amagá","2,023","163","121","1","0","285","0","0","0","0","0","0","0","0","0","0","0","0","0","0","0","0","285","POINT (-75.702041 6.038817)"
"44855","La Guajira","Urumita","2,023","94","70","0","0","161","0","0","3","0","0","2","0","0","0","0","0","0","0","0","0","0","164","POINT (-73.012507 10.560169)"
"05390","Antioquia","La Pintada","2,023","4","0","0","0","0","1","0","3","0","0","0","0","0","0","0","0","0","0","0","0","0","4","POINT (-75.60781 5.743808)"
"15599","Boyacá","Ramiriquí","2,026","4","0","0","0","0","0","0","4","0","0","0","0","0","0","0","0","0","0","0","0","0","4","POINT (-73.334839 5.400303)"
"19845","Cauca","Villa Rica","2,026","202","194","0","0","15","112","262","7","0","0","392","0","0","0","0","0","1","0","218","0","0","396","POINT (-76.458025 3.17762)"
"27450","Chocó","Medio San Juan","2,026","73","54","0","0","0","35","76","7","9","0","127","0","0","0","0","0","0","0","0","0","0","127","POINT (-76.694409 5.098291)"
"27495","Chocó","Nuquí","2,026","43","45","0","0","29","47","12","0","0","0","0","88","0","0","0","0","0","0","88","0","0","88","POINT (-77.265614 5.708753)"
"50680","Meta","San Carlos de Guaroa","2,023","2","0","0","0","0","0","0","0","2","0","0","0","0","0","0","0","0","0","0","0","0","2","POINT (-73.242253 3.71065)"
"25297","Cundinamarca","Gachetá","2,023","0","0","0","0","0","0","0","0","0","0","0","0","0","0","0","0","0","0","0","0","0","0","POINT (-73.637007 4.817022)"
"41518","Huila","Paicol","2,023","0","0","0","0","0","0","0","0","0","0","0","0","0","0","0","0","0","0","0","0","0","0","POINT (-75.772993 2.449527)"
"15822","Boyacá","Tota","2,026","0","0","0","0","0","0","0","0","0","0","0","0","0","0","0","0","0","0","0","0","0","0","POINT (-72.985898 5.560497)"
"25781","Cundinamarca","Sutatausa","2,026","0","0","0","0","0","0","0","0","0","0","0","0","0","0","0","0","0","0","0","0","0","0","POINT (-73.853159 5.247482)"
"50124","Meta","Cabuyaro","2,026","0","0","0","0","0","0","0","0","0","0","0","0","0","0","0","0","0","0","0","0","0","0","POINT (-72.791768 4.286705)"
"68720","Santander","Santa Helena del Opón","2,026","0","0","0","0","0","0","0","0","0","0","0","0","0","0","0","0","0","0","0","0","0","0","POINT (-73.616716 6.339565)"
"73504","Tolima","Ortega","2,025","221","221","0","0","46","248","146","2","0","0","0","103","0","0","0","0","1","0","442","0","0","442","POINT (-75.222601 3.934916)"
"91001","Amazonas","Leticia","2,025","530","574","0","0","0","688","294","53","68","1","2","637","0","0","0","0","0","0","4","0","0","1,104","POINT (-69.941465 -4.199511)"
"68327","Santander","Güepsa","2,025","170","182","0","1","55","251","46","1","0","0","0","0","0","0","0","0","5","0","61","0","0","353","POINT (-73.575146 6.025013)"
"15776","Boyacá","Sutamarchán","2,025","17","0","0","0","0","0","0","5","10","2","0","0","0","0","0","0","0","0","12","0","0","17","POINT (-73.620536 5.619781)"
"15632","Boyacá","Saboyá","2,025","18","24","0","0","7","14","18","3","0","0","0","0","0","0","0","0","1","0","42","0","0","42","POINT (-73.764456 5.697756)"
"15317","Boyacá","Guacamayas","2,025","5","0","0","0","0","0","0","1","4","0","0","0","0","0","0","0","0","0","0","0","0","5","POINT (-72.500812 6.459667)"
"66400","Risaralda","La Virginia","2,024","542","492","0","0","4","660","360","3","7","0","5","3","0","0","0","0","42","0","0","0","0","1,034","POINT (-75.884298 4.89877)"
"05079","Antioquia","Barbosa","2,024","3","4","0","0","0","0","0","4","3","0","0","0","0","0","0","0","0","0","0","0","0","7","POINT (-75.331627 6.439195)"
"70713","Sucre","San Onofre","2,024","79","75","0","0","1","94","49","4","5","1","137","0","0","0","0","0","2","0","0","0","0","154","POINT (-75.522398 9.736955)"
"18029","Caquetá","Albania","2,024","43","39","0","0","3","53","9","3","14","0","1","0","0","0","0","0","0","0","0","0","0","82","POINT (-75.878375 1.328526)"
"54223","Norte de Santander","Cucutilla","2,024","10","3","0","0","0","1","1","1","10","0","2","0","0","0","0","0","0","0","0","0","0","13","POINT (-72.772816 7.539633)"
"25175","Cundinamarca","Chía","2,024","13","11","0","0","0","0","0","9","12","3","1","1","0","0","0","0","0","0","0","0","0","24","POINT (-74.05 4.866508)"
"08372","Atlántico","Juan de Acosta","2,026","340","395","0","0","155","382","198","0","0","0","0","0","0","0","0","0","3","0","0","0","0","735","POINT (-75.035031 10.828909)"
"25322","Cundinamarca","Guasca","2,025","0","2","0","0","0","0","0","0","2","0","0","0","0","0","0","0","0","0","0","0","0","2","POINT (-73.877143 4.866719)"
"05086","Antioquia","Belmira","2,023","0","0","0","0","0","0","0","0","0","0","0","0","0","0","0","0","0","0","0","0","0","0","POINT (-75.667779 6.606319)"
"25745","Cundinamarca","Simijaca","2,023","0","0","0","0","0","0","0","0","0","0","0","0","0","0","0","0","0","0","0","0","0","0","POINT (-73.850703 5.505231)"
"15104","Boyacá","Boyacá","2,024","0","0","0","0","0","0","0","0","0","0","0","0","0","0","0","0","0","0","0","0","0","0","POINT (-73.361945 5.454578)"
"15542","Boyacá","Pesca","2,024","0","0","0","0","0","0","0","0","0","0","0","0","0","0","0","0","0","0","0","0","0","0","POINT (-73.050872 5.558808)"
"15755","Boyacá","Socotá","2,025","0","0","0","0","0","0","0","0","0","0","0","0","0","0","0","0","0","0","0","0","0","0","POINT (-72.636653 6.041162)"
"76563","Valle del Cauca","Pradera","2,026","0","0","0","0","0","0","0","0","0","0","0","0","0","0","0","0","0","0","0","0","0","0","POINT (-76.241832 3.419847)"
"68855","Santander","Valle de San José","2,025","8","0","0","2","0","0","0","2","3","5","0","0","0","0","0","0","0","0","0","0","0","10","POINT (-73.143507 6.448028)"
"66400","Risaralda","La Virginia","2,025","932","852","0","0","37","1,245","501","1","0","0","8","4","0","0","0","0","88","0","58","0","0","1,784","POINT (-75.884298 4.89877)"
"70713","Sucre","San Onofre","2,025","526","488","0","0","12","591","379","6","25","1","825","1","0","0","0","0","3","0","662","0","0","1,014","POINT (-75.522398 9.736955)"
"05380","Antioquia","La Estrella","2,025","510","556","0","0","9","872","183","2","0","0","1","0","0","0","0","0","24","0","0","0","0","1,066","POINT (-75.631869 6.123327)"
"47692","Magdalena","San Sebastián de Buenavista","2,025","502","517","0","0","6","444","525","41","3","0","0","0","0","0","0","0","0","0","900","0","0","1,019","POINT (-74.3516 9.240521)"
"73200","Tolima","Coello","2,025","355","384","0","0","99","440","190","8","1","1","0","0","0","0","0","0","3","0","329","0","0","739","POINT (-74.898464 4.287276)"
"73861","Tolima","Venadillo","2,025","145","131","0","0","27","126","111","8","4","0","0","0","0","0","0","0","0","0","24","0","0","276","POINT (-74.929177 4.717976)"
"05079","Antioquia","Barbosa","2,025","260","320","0","0","107","400","71","0","2","0","0","0","0","0","0","0","0","0","0","0","0","580","POINT (-75.331627 6.439195)"
"54874","Norte de Santander","Villa del Rosario","2,024","308","345","0","0","1","390","252","7","3","0","0","0","0","0","0","0","9","0","0","0","0","653","POINT (-72.470277 7.847757)"
"25486","Cundinamarca","Nemocón","2,023","6","3","0","0","0","0","0","3","6","0","0","0","0","0","0","0","0","0","0","0","0","9","POINT (-73.87963 5.067365)"
"05659","Antioquia","San Juan de Urabá","2,023","3","10","0","0","6","0","0","3","4","0","9","1","0","0","0","0","0","0","0","0","0","13","POINT (-76.52857 8.758964)"
"50450","Meta","Puerto Concordia","2,026","60","60","0","0","37","39","44","0","0","0","1","20","0","0","0","0","0","0","92","0","0","120","POINT (-72.760209 2.624006)"
"15226","Boyacá","Cuítiva","2,023","3","0","0","0","0","0","0","0","3","0","0","0","0","0","0","0","0","0","0","0","0","3","POINT (-72.965923 5.580367)"
"15104","Boyacá","Boyacá","2,025","2","1","0","0","0","0","0","0","3","0","0","0","0","0","0","0","0","0","1","0","0","3","POINT (-73.361945 5.454578)"
"68720","Santander","Santa Helena del Opón","2,024","1","0","0","0","0","0","0","0","1","0","0","0","0","0","0","0","0","0","0","0","0","1","POINT (-73.616716 6.339565)"
"17088","Caldas","Belalcázar","2,025","0","0","0","0","0","0","0","0","0","0","0","0","0","0","0","0","0","0","0","0","0","0","POINT (-75.811918 4.993785)"
"23686","Córdoba","San Pelayo","2,025","543","570","0","22","25","456","618","34","0","2","0","21","0","0","0","0","0","0","486","0","0","1,135","POINT (-75.835125 8.958011)"
"81794","Arauca","Tame","2,025","1,075","955","0","0","17","940","1,022","42","6","3","9","118","0","0","0","0","6","0","865","0","0","2,030","POINT (-71.75892 6.450575)"
"13468","Bolívar","Santa Cruz de Mompox","2,024","252","212","0","0","1","197","206","34","21","5","0","1","0","0","0","0","3","0","0","0","0","464","POINT (-74.427889 9.243831)"
"70221","Sucre","Coveñas","2,024","12","2","0","0","0","0","0","3","8","3","8","2","0","0","0","0","2","0","0","0","0","14","POINT (-75.691867 9.402463)"
"05034","Antioquia","Andes","2,024","133","141","0","0","0","98","160","12","3","1","3","0","0","0","0","0","3","0","0","0","0","274","POINT (-75.878828 5.657194)"
"95200","Guaviare","Miraflores","2,023","7","3","0","0","0","2","2","2","4","0","0","0","0","0","0","0","0","0","0","0","0","10","POINT (-71.950416 1.337539)"
"25430","Cundinamarca","Madrid","2,023","28","13","1","0","0","0","6","19","17","0","0","3","0","0","0","0","3","0","0","0","0","42","POINT (-74.265385 4.732802)"
"85162","Casanare","Monterrey","2,023","1","2","0","0","0","0","0","3","0","0","0","0","0","0","0","0","0","0","0","0","0","3","POINT (-72.894068 4.877024)"
"68271","Santander","Florián","2,024","2","1","0","0","0","0","0","3","0","0","0","0","0","0","0","0","0","0","0","0","0","3","POINT (-73.97143 5.804659)"
"05002","Antioquia","Abejorral","2,026","0","0","0","2","0","0","0","2","0","0","0","0","0","0","0","0","0","0","0","0","0","2","POINT (-75.428739 5.789315)"
"47555","Magdalena","Plato","2,023","1","1","0","0","0","0","0","2","0","0","2","0","0","0","0","0","0","0","0","0","0","2","POINT (-74.784679 9.796769)"
"41797","Huila","Tesalia","2,023","0","2","0","0","0","0","0","2","0","0","0","0","0","0","0","0","0","0","0","0","0","2","POINT (-75.730271 2.486364)"
"15248","Boyacá","El Espino","2,023","2","0","0","0","0","0","0","2","0","0","0","0","0","0","0","0","0","0","0","0","0","2","POINT (-72.497007 6.483027)"
"68013","Santander","Aguada","2,025","0","0","0","0","0","0","0","0","0","0","0","0","0","0","0","0","0","0","0","0","0","0","POINT (-73.523187 6.162157)"
"17873","Caldas","Villamaría","2,026","0","0","0","0","0","0","0","0","0","0","0","0","0","0","0","0","0","0","0","0","0","0","POINT (-75.513761 5.043614)"
"52411","Nariño","Linares","2,026","0","0","0","0","0","0","0","0","0","0","0","0","0","0","0","0","0","0","0","0","0","0","POINT (-77.522039 1.351193)"
"54125","Norte de Santander","Cácota","2,026","0","0","0","0","0","0","0","0","0","0","0","0","0","0","0","0","0","0","0","0","0","0","POINT (-72.642059 7.268705)"
"99773","Vichada","Cumaribo","2,026","0","0","0","0","0","0","0","0","0","0","0","0","0","0","0","0","0","0","0","0","0","0","POINT (-69.795533 4.446352)"
"54245","Norte de Santander","El Carmen","2,025","334","276","0","1","0","206","392","9","2","2","0","0","0","0","0","0","6","0","83","0","0","611","POINT (-73.446687 8.510579)"
"05380","Antioquia","La Estrella","2,024","319","363","0","0","12","584","80","4","2","0","0","0","0","0","0","0","18","0","0","0","0","682","POINT (-75.631869 6.123327)"
"19698","Cauca","Santander de Quilichao","2,024","360","423","0","0","1","186","544","32","17","3","85","196","0","0","0","0","0","0","0","0","0","783","POINT (-76.485082 3.01517)"
"08606","Atlántico","Repelón","2,024","112","115","0","1","0","75","129","9","13","2","16","0","0","0","0","1","0","0","0","0","0","228","POINT (-75.125534 10.493357)"
"99001","Vichada","Puerto Carreño","2,024","76","74","0","0","0","131","11","0","7","1","2","1","0","0","0","0","0","0","0","0","0","150","POINT (-67.487095 6.186636)"
"25286","Cundinamarca","Funza","2,023","34","14","1","0","0","4","1","29","15","0","0","0","0","0","0","0","0","0","0","0","0","49","POINT (-74.211525 4.712763)"
"18410","Caquetá","La Montañita","2,026","70","88","0","0","21","87","49","1","0","0","0","1","0","0","0","0","0","0","158","0","0","158","POINT (-75.436408 1.479173)"
"19050","Cauca","Argelia","2,026","289","293","0","0","78","363","140","1","0","0","1","0","0","0","0","0","14","0","572","0","0","582","POINT (-77.24905 2.257427)"
"41319","Huila","Guadalupe","2,026","55","59","0","0","0","30","84","0","0","0","0","0","0","0","0","0","0","0","114","0","0","114","POINT (-75.755028 2.025157)"
"76001","Valle del Cauca","Santiago de Cali","2,026","4","2","0","9","0","0","0","11","4","0","0","0","0","0","0","0","0","0","1","0","0","15","POINT (-76.521469 3.414162)"
"25299","Cundinamarca","Gama","2,024","1","1","0","0","0","0","0","0","2","0","0","0","0","0","0","0","0","0","0","0","0","2","POINT (-73.611037 4.763325)"
"08436","Atlántico","Manatí","2,023","0","1","0","0","0","1","0","0","0","0","0","0","0","0","0","0","0","0","0","0","0","1","POINT (-74.956867 10.449089)"
"15740","Boyacá","Siachoque","2,023","0","0","0","0","0","0","0","0","0","0","0","0","0","0","0","0","0","0","0","0","0","0","POINT (-73.24466 5.511811)"
"25823","Cundinamarca","Topaipí","2,023","0","0","0","0","0","0","0","0","0","0","0","0","0","0","0","0","0","0","0","0","0","0","POINT (-74.302688 5.335973)"
"73671","Tolima","Saldaña","2,026","0","0","0","0","0","0","0","0","0","0","0","0","0","0","0","0","0","0","0","0","0","0","POINT (-75.016153 3.926909)"
"86320","Putumayo","Orito","2,026","0","0","0","0","0","0","0","0","0","0","0","0","0","0","0","0","0","0","0","0","0","0","POINT (-76.873276 0.663593)"
"25535","Cundinamarca","Pasca","2,025","219","247","0","0","3","244","216","3","0","0","0","0","0","0","0","0","5","0","312","0","0","466","POINT (-74.302276 4.308979)"
"08685","Atlántico","Santo Tomás","2,025","291","378","0","0","0","93","570","4","2","0","0","1","0","0","0","0","2","0","10","0","0","669","POINT (-74.754112 10.756056)"
"54245","Norte de Santander","El Carmen","2,024","271","253","0","0","22","134","345","12","11","0","1","0","0","0","0","0","6","0","0","0","0","524","POINT (-73.446687 8.510579)"
"23686","Córdoba","San Pelayo","2,024","240","247","0","0","10","198","272","2","2","3","0","479","0","0","0","0","0","0","0","0","0","487","POINT (-75.835125 8.958011)"
"68327","Santander","Güepsa","2,024","207","226","0","0","18","272","143","0","0","0","0","0","0","0","0","0","0","0","0","0","0","433","POINT (-73.575146 6.025013)"
"13760","Bolívar","Soplaviento","2,024","205","217","0","0","1","111","284","11","14","1","109","0","0","0","0","0","0","0","0","0","0","422","POINT (-75.136404 10.38839)"
"13268","Bolívar","El Peñón","2,024","111","113","0","0","0","80","110","26","7","1","2","0","0","0","0","0","0","0","0","0","0","224","POINT (-73.949274 8.988271)"
"73275","Tolima","Flandes","2,023","5","3","0","0","0","0","0","7","1","0","0","0","0","0","0","0","0","0","0","0","0","8","POINT (-74.818754 4.276387)"
"27077","Chocó","Bajo Baudó","2,023","8","2","0","0","0","0","0","4","6","0","8","0","0","0","0","0","0","0","0","0","0","10","POINT (-77.365717 4.954576)"
"50568","Meta","Puerto Gaitán","2,023","8","10","0","0","0","0","3","10","5","0","0","3","0","0","0","0","0","0","0","0","0","18","POINT (-72.085275 4.315025)"
"05266","Antioquia","Envigado","2,023","11","7","0","0","0","0","0","7","9","4","3","0","0","0","0","0","1","0","0","0","0","20","POINT (-75.582766 6.166891)"
"18753","Caquetá","San Vicente del Caguán","2,023","278","286","0","0","0","133","424","4","2","1","1","0","0","0","0","0","2","0","0","0","0","564","POINT (-74.766451 2.11965)"
"05113","Antioquia","Buriticá","2,025","3","0","0","0","0","0","1","1","1","0","0","0","0","0","0","0","0","0","0","0","0","3","POINT (-75.907496 6.71973)"
"52473","Nariño","Mosquera","2,023","1","0","0","0","0","1","0","0","0","0","0","0","0","0","0","0","0","0","0","0","0","1","POINT (-78.452992 2.507139)"
"15317","Boyacá","Guacamayas","2,024","0","0","0","0","0","0","0","0","0","0","0","0","0","0","0","0","0","0","0","0","0","0","POINT (-72.500812 6.459667)"
"05842","Antioquia","Uramita","2,026","0","0","0","0","0","0","0","0","0","0","0","0","0","0","0","0","0","0","0","0","0","0","POINT (-76.173284 6.898393)"
"15442","Boyacá","Maripí","2,026","0","0","0","0","0","0","0","0","0","0","0","0","0","0","0","0","0","0","0","0","0","0","POINT (-74.00405 5.550091)"
"25368","Cundinamarca","Jerusalén","2,026","0","0","0","0","0","0","0","0","0","0","0","0","0","0","0","0","0","0","0","0","0","0","POINT (-74.695474 4.562273)"
"13468","Bolívar","Santa Cruz de Mompox","2,025","524","592","0","6","17","508","543","38","9","7","125","1","0","0","0","0","2","0","275","0","0","1,122","POINT (-74.427889 9.243831)"
"19698","Cauca","Santander de Quilichao","2,025","324","372","0","1","3","307","362","19","6","0","60","82","0","0","0","0","0","0","22","0","0","697","POINT (-76.485082 3.01517)"
"99001","Vichada","Puerto Carreño","2,025","228","256","0","0","0","316","168","0","0","0","10","21","0","0","0","0","2","0","31","0","0","484","POINT (-67.487095 6.186636)"
"05034","Antioquia","Andes","2,025","252","295","0","0","10","345","180","5","7","0","1","0","0","0","0","0","3","0","343","0","0","547","POINT (-75.878828 5.657194)"
"73043","Tolima","Anzoátegui","2,025","375","367","0","0","19","237","432","38","14","2","0","0","0","0","0","0","4","0","402","0","0","742","POINT (-75.096451 4.627474)"
"15798","Boyacá","Tenza","2,025","20","9","0","0","0","1","9","0","16","3","0","0","0","0","0","0","0","0","0","0","0","29","POINT (-73.420589 5.077074)"
"18029","Caquetá","Albania","2,025","81","104","0","0","18","150","16","0","1","0","0","0","0","0","0","0","0","0","150","0","0","185","POINT (-75.878375 1.328526)"
"70702","Sucre","San Juan de Betulia","2,024","7","2","0","0","0","0","0","9","0","0","0","0","0","0","0","0","0","0","0","0","0","9","POINT (-75.243565 9.273066)"
"27810","Chocó","Unión Panamericana","2,026","193","198","0","0","1","232","151","7","0","0","391","0","0","0","0","0","0","0","0","0","0","391","POINT (-76.630143 5.281108)"
"76147","Valle del Cauca","Cartago","2,026","0","0","0","1","0","0","0","1","0","0","0","0","0","0","0","0","0","0","0","0","0","1","POINT (-75.942264 4.758755)"
"20310","Cesar","González","2,023","0","0","0","0","0","0","0","0","0","0","0","0","0","0","0","0","0","0","0","0","0","0","POINT (-73.38004 8.389604)"
"15362","Boyacá","Iza","2,024","0","0","0","0","0","0","0","0","0","0","0","0","0","0","0","0","0","0","0","0","0","0","POINT (-72.980176 5.611696)"
"05315","Antioquia","Guadalupe","2,025","0","0","0","0","0","0","0","0","0","0","0","0","0","0","0","0","0","0","0","0","0","0","POINT (-75.240019 6.814263)"
"08675","Atlántico","Santa Lucía","2,026","0","0","0","0","0","0","0","0","0","0","0","0","0","0","0","0","0","0","0","0","0","0","POINT (-74.958971 10.323273)"
"68250","Santander","El Peñón","2,026","0","0","0","0","0","0","0","0","0","0","0","0","0","0","0","0","0","0","0","0","0","0","POINT (-73.816911 6.054277)"
"44378","La Guajira","Hatonuevo","2,025","413","371","0","0","62","358","360","3","1","0","11","304","0","0","0","0","0","0","114","0","0","784","POINT (-72.759043 11.068859)"
"70771","Sucre","Sucre","2,024","5","4","0","0","0","0","0","1","8","0","1","0","0","0","0","0","0","0","0","0","0","9","POINT (-74.723175 8.811737)"
"19318","Cauca","Guapi","2,024","240","261","0","0","2","208","263","18","8","2","491","9","0","0","0","0","0","0","0","0","0","501","POINT (-77.888033 2.572918)"
"19573","Cauca","Puerto Tejada","2,024","155","102","0","0","1","51","150","48","6","1","194","0","0","0","0","0","2","0","0","0","0","257","POINT (-76.417673 3.233254)"
"85410","Casanare","Tauramena","2,024","124","162","0","0","0","223","60","1","2","0","0","0","0","0","0","0","0","0","0","0","0","286","POINT (-72.74662 5.018977)"
"19450","Cauca","Mercaderes","2,023","5","3","0","0","0","0","3","0","3","2","0","0","0","0","0","0","0","0","0","0","0","8","POINT (-77.165844 1.775772)"
"05361","Antioquia","Ituango","2,026","132","136","0","0","15","125","120","8","0","0","0","0","0","0","0","0","0","0","268","0","0","268","POINT (-75.764673 7.171629)"
"68217","Santander","Coromoro","2,025","3","0","0","0","0","0","0","0","3","0","0","0","0","0","0","0","0","0","0","0","0","3","POINT (-73.040816 6.294999)"
"15092","Boyacá","Betéitiva","2,023","1","0","0","0","0","0","0","0","1","0","0","0","0","0","0","0","0","0","0","0","0","1","POINT (-72.809014 5.909978)"
"15215","Boyacá","Corrales","2,024","1","0","0","0","0","0","0","1","0","0","0","0","0","0","0","0","0","0","0","0","0","1","POINT (-72.844795 5.828064)"
"68147","Santander","Capitanejo","2,024","0","1","0","0","0","0","0","0","1","0","0","0","0","0","0","0","0","0","0","0","0","1","POINT (-72.6992 6.53318)"
"08685","Atlántico","Santo Tomás","2,026","0","0","0","0","0","0","0","0","0","0","0","0","0","0","0","0","0","0","0","0","0","0","POINT (-74.754112 10.756056)"
"15667","Boyacá","San Luis de Gaceno","2,026","0","0","0","0","0","0","0","0","0","0","0","0","0","0","0","0","0","0","0","0","0","0","POINT (-73.168076 4.81976)"
"47692","Magdalena","San Sebastián de Buenavista","2,026","0","0","0","0","0","0","0","0","0","0","0","0","0","0","0","0","0","0","0","0","0","0","POINT (-74.3516 9.240521)"
"05234","Antioquia","Dabeiba","2,025","489","451","0","0","11","295","574","58","2","0","3","117","0","0","0","0","4","0","206","0","0","940","POINT (-76.262977 7.000322)"
"41799","Huila","Tello","2,025","277","301","0","0","21","266","287","4","0","0","0","0","0","0","0","0","0","0","0","0","0","578","POINT (-75.138773 3.067538)"
"86757","Putumayo","San Miguel","2,024","223","260","0","0","8","286","163","22","4","0","0","77","0","0","0","0","7","0","0","0","0","483","POINT (-76.912055 0.343481)"
"05360","Antioquia","Itagüí","2,024","355","404","0","1","34","555","157","7","6","1","0","0","0","0","0","1","0","0","0","0","0","760","POINT (-75.614359 6.169598)"
"52612","Nariño","Ricaurte","2,024","72","67","0","0","0","48","60","21","7","3","18","104","0","0","0","0","0","0","0","0","0","139","POINT (-77.995153 1.212492)"
"70110","Sucre","Buenavista","2,024","7","1","0","0","0","0","0","5","3","0","1","0","0","0","0","0","1","0","0","0","0","8","POINT (-74.972827 9.319794)"
"15599","Boyacá","Ramiriquí","2,025","1","1","0","0","0","0","0","0","2","0","0","0","0","0","0","0","0","0","0","0","0","2","POINT (-73.334839 5.400303)"
"25580","Cundinamarca","Pulí","2,024","1","0","0","0","0","0","0","0","1","0","0","0","0","0","0","0","0","0","0","0","0","1","POINT (-74.71438 4.682022)"
"17042","Caldas","Anserma","2,026","1","0","0","0","0","0","0","1","0","0","0","0","0","0","0","0","0","0","0","0","0","1","POINT (-75.784343 5.236471)"
"05315","Antioquia","Guadalupe","2,024","0","0","0","0","0","0","0","0","0","0","0","0","0","0","0","0","0","0","0","0","0","0","POINT (-75.240019 6.814263)"
"05819","Antioquia","Toledo","2,024","0","0","0","0","0","0","0","0","0","0","0","0","0","0","0","0","0","0","0","0","0","0","POINT (-75.691442 7.010154)"
"15798","Boyacá","Tenza","2,024","0","0","0","0","0","0","0","0","0","0","0","0","0","0","0","0","0","0","0","0","0","0","POINT (-73.420589 5.077074)"
"86320","Putumayo","Orito","2,025","1,123","903","0","0","65","933","1,003","25","0","0","35","250","0","0","0","0","16","0","1,679","0","0","2,026","POINT (-76.873276 0.663593)"
"17873","Caldas","Villamaría","2,025","361","403","0","0","69","613","80","1","1","0","0","0","0","0","0","0","45","0","0","0","0","764","POINT (-75.513761 5.043614)"
"54099","Norte de Santander","Bochalema","2,025","172","204","0","0","5","274","94","0","3","0","0","0","0","0","0","0","13","0","104","0","0","376","POINT (-72.64701 7.612192)"
"25286","Cundinamarca","Funza","2,025","141","129","0","0","0","151","84","12","23","0","0","0","0","0","0","0","4","0","0","0","0","270","POINT (-74.211525 4.712763)"
"05234","Antioquia","Dabeiba","2,023","84","63","0","0","0","91","47","2","7","0","6","0","0","0","0","0","0","0","0","0","0","147","POINT (-76.262977 7.000322)"
"08001","Atlántico","Barranquilla","2,023","226","810","10","0","0","442","205","324","68","9","34","4","2","0","0","1","39","0","0","0","0","1,048","POINT (-74.815324 10.977998)"
"05148","Antioquia","El Carmen de Viboral","2,026","238","270","0","0","0","496","12","0","0","0","0","0","0","0","0","0","14","0","0","0","0","508","POINT (-75.334146 6.083185)"
"05809","Antioquia","Titiribí","2,026","72","38","0","0","0","4","103","3","0","0","0","0","0","0","0","0","0","0","32","0","0","110","POINT (-75.791549 6.06098)"
"23419","Córdoba","Los Córdobas","2,026","52","58","0","0","0","12","95","3","0","0","11","4","0","0","0","0","2","0","110","0","0","110","POINT (-76.35518 8.892098)"
"47960","Magdalena","Zapayán","2,025","2","0","0","0","0","0","0","0","2","0","0","0","0","0","0","0","0","0","0","0","0","2","POINT (-74.716878 10.168297)"
"15403","Boyacá","La Uvita","2,023","0","0","0","0","0","0","0","0","0","0","0","0","0","0","0","0","0","0","0","0","0","0","POINT (-72.559982 6.31616)"
"15879","Boyacá","Viracachá","2,024","0","0","0","0","0","0","0","0","0","0","0","0","0","0","0","0","0","0","0","0","0","0","POINT (-73.296894 5.436833)"
"05021","Antioquia","Alejandría","2,025","0","0","0","0","0","0","0","0","0","0","0","0","0","0","0","0","0","0","0","0","0","0","POINT (-75.141346 6.376061)"
"23464","Córdoba","Momil","2,026","0","0","0","0","0","0","0","0","0","0","0","0","0","0","0","0","0","0","0","0","0","0","POINT (-75.67796 9.240707)"
"91407","Amazonas","La Pedrera (Anm)","2,026","0","0","0","0","0","0","0","0","0","0","0","0","0","0","0","0","0","0","0","0","0","0","POINT (-69.588421 -1.319313)"
"23068","Córdoba","Ayapel","2,025","986","980","0","0","70","620","1,203","73","0","0","97","303","0","0","0","0","1","0","1,003","0","0","1,966","POINT (-75.146048 8.313838)"
"15753","Boyacá","Soatá","2,025","343","307","0","0","8","440","196","6","0","0","1","0","0","0","0","0","14","0","27","0","0","650","POINT (-72.684051 6.331945)"
"15835","Boyacá","Turmequé","2,026","26","39","0","0","0","37","28","0","0","0","0","0","0","0","0","0","0","0","65","0","0","65","POINT (-73.491825 5.323261)"
"19532","Cauca","Patía","2,026","577","523","0","0","94","652","351","3","0","0","972","1","0","0","0","0","21","0","143","0","0","1,100","POINT (-76.981075 2.115875)"
"05895","Antioquia","Zaragoza","2,023","0","2","0","0","0","0","0","0","2","0","1","0","0","0","0","0","0","0","0","0","0","2","POINT (-74.867075 7.488583)"
"25793","Cundinamarca","Tausa","2,024","0","0","0","0","0","0","0","0","0","0","0","0","0","0","0","0","0","0","0","0","0","0","POINT (-73.886473 5.196555)"
"15778","Boyacá","Sutatenza","2,025","0","0","0","0","0","0","0","0","0","0","0","0","0","0","0","0","0","0","0","0","0","0","POINT (-73.452317 5.022989)"
"05607","Antioquia","Retiro","2,026","0","0","0","0","0","0","0","0","0","0","0","0","0","0","0","0","0","0","0","0","0","0","POINT (-75.501301 6.062454)"
"05652","Antioquia","San Francisco","2,026","0","0","0","0","0","0","0","0","0","0","0","0","0","0","0","0","0","0","0","0","0","0","POINT (-75.101467 5.961785)"
"15317","Boyacá","Guacamayas","2,026","0","0","0","0","0","0","0","0","0","0","0","0","0","0","0","0","0","0","0","0","0","0","POINT (-72.500812 6.459667)"
"68092","Santander","Betulia","2,026","0","0","0","0","0","0","0","0","0","0","0","0","0","0","0","0","0","0","0","0","0","0","POINT (-73.283669 6.899525)"
"68001","Santander","Bucaramanga","2,025","821","851","0","16","16","1,057","556","18","38","3","3","5","0","0","0","0","27","0","3","0","0","1,688","POINT (-73.132582 7.116381)"
"50450","Meta","Puerto Concordia","2,025","306","292","0","0","44","320","180","33","21","0","0","112","0","0","0","0","0","0","368","0","0","598","POINT (-72.760209 2.624006)"
"66682","Risaralda","Santa Rosa de Cabal","2,024","447","420","0","1","14","645","197","8","2","2","0","0","0","0","0","0","34","0","0","0","0","868","POINT (-75.620171 4.867454)"
"41298","Huila","Garzón","2,024","164","147","0","0","0","93","183","30","5","0","0","1","0","0","0","0","8","0","0","0","0","311","POINT (-75.627694 2.196994)"
"76563","Valle del Cauca","Pradera","2,024","10","14","0","0","0","0","14","5","2","3","3","1","0","0","0","0","0","0","0","0","0","24","POINT (-76.241832 3.419847)"
"54099","Norte de Santander","Bochalema","2,023","8","1","0","0","2","0","0","5","2","0","0","0","0","0","0","0","0","0","0","0","0","9","POINT (-72.64701 7.612192)"
"05197","Antioquia","Cocorná","2,023","72","74","0","0","0","115","24","1","6","0","0","0","0","0","0","0","3","0","0","0","0","146","POINT (-75.185483 6.058295)"
"05368","Antioquia","Jericó","2,023","161","157","0","0","317","0","0","0","1","0","0","0","0","0","0","0","0","0","0","0","0","318","POINT (-75.785499 5.789748)"
"23670","Córdoba","San Andrés de Sotavento","2,023","22","13","0","0","0","0","0","27","7","2","0","29","0","0","0","0","1","0","0","0","0","36","POINT (-75.508817 9.145345)"
"50683","Meta","San Juan de Arama","2,023","3","1","0","0","0","0","0","4","0","0","0","0","0","0","0","0","0","0","0","0","0","4","POINT (-73.875832 3.373728)"
"52378","Nariño","La Cruz","2,026","332","341","0","0","50","302","307","14","0","0","1","1","0","0","0","0","17","0","298","0","0","673","POINT (-76.970504 1.601318)"
"13580","Bolívar","Regidor","2,024","2","1","0","0","0","0","0","3","0","0","0","0","0","0","0","0","0","0","0","0","0","3","POINT (-73.821638 8.666258)"
"15380","Boyacá","La Capilla","2,023","0","2","0","0","0","0","0","2","0","0","0","0","0","0","0","0","0","0","0","0","0","2","POINT (-73.444347 5.095687)"
"15753","Boyacá","Soatá","2,023","2","0","0","0","0","0","0","0","2","0","0","0","0","0","0","0","0","0","0","0","0","2","POINT (-72.684051 6.331945)"
"15425","Boyacá","Macanal","2,023","0","1","0","0","0","0","0","0","1","0","0","0","0","0","0","0","0","0","0","0","0","1","POINT (-73.319593 4.972464)"
"23068","Córdoba","Ayapel","2,023","1","0","0","0","0","0","0","0","1","0","0","0","0","0","0","0","0","0","0","0","0","1","POINT (-75.146048 8.313838)"
"15798","Boyacá","Tenza","2,023","0","0","0","0","0","0","0","0","0","0","0","0","0","0","0","0","0","0","0","0","0","0","POINT (-73.420589 5.077074)"
"68324","Santander","Guavatá","2,023","0","0","0","0","0","0","0","0","0","0","0","0","0","0","0","0","0","0","0","0","0","0","POINT (-73.700906 5.954348)"
"20032","Cesar","Astrea","2,024","0","0","0","0","0","0","0","0","0","0","0","0","0","0","0","0","0","0","0","0","0","0","POINT (-73.975842 9.498062)"
"52083","Nariño","Belén","2,024","0","0","0","0","0","0","0","0","0","0","0","0","0","0","0","0","0","0","0","0","0","0","POINT (-77.015621 1.595719)"
"20045","Cesar","Becerril","2,026","0","0","0","0","0","0","0","0","0","0","0","0","0","0","0","0","0","0","0","0","0","0","POINT (-73.278839 9.704495)"
"25019","Cundinamarca","Albán","2,026","0","0","0","0","0","0","0","0","0","0","0","0","0","0","0","0","0","0","0","0","0","0","POINT (-74.438261 4.878022)"
"25175","Cundinamarca","Chía","2,026","0","0","0","0","0","0","0","0","0","0","0","0","0","0","0","0","0","0","0","0","0","0","POINT (-74.05 4.866508)"
"52352","Nariño","Iles","2,026","0","0","0","0","0","0","0","0","0","0","0","0","0","0","0","0","0","0","0","0","0","0","POINT (-77.521227 0.96952)"
"54347","Norte de Santander","Herrán","2,026","0","0","0","0","0","0","0","0","0","0","0","0","0","0","0","0","0","0","0","0","0","0","POINT (-72.483519 7.506541)"
"70523","Sucre","Palmito","2,026","0","0","0","0","0","0","0","0","0","0","0","0","0","0","0","0","0","0","0","0","0","0","POINT (-75.541264 9.333157)"
"73200","Tolima","Coello","2,026","0","0","0","0","0","0","0","0","0","0","0","0","0","0","0","0","0","0","0","0","0","0","POINT (-74.898464 4.287276)"
"73547","Tolima","Piedras","2,026","0","0","0","0","0","0","0","0","0","0","0","0","0","0","0","0","0","0","0","0","0","0","POINT (-74.878074 4.543908)"
"44420","La Guajira","La Jagua del Pilar","2,025","163","170","0","0","0","47","253","18","14","1","0","4","0","0","0","0","11","0","251","0","0","333","POINT (-73.071679 10.510214)"
"68684","Santander","San José de Miranda","2,025","9","0","0","0","0","0","0","6","3","0","0","0","0","0","0","0","0","0","1","0","0","9","POINT (-72.733616 6.658995)"
"15238","Boyacá","Duitama","2,024","1,381","1,082","0","1","43","2,211","175","21","14","0","2","0","0","0","0","1","29","0","0","0","0","2,464","POINT (-73.03063 5.822964)"
"54670","Norte de Santander","San Calixto","2,024","285","256","0","0","8","280","244","6","3","0","0","0","0","0","0","0","0","0","0","0","0","541","POINT (-73.206053 8.400152)"
"17444","Caldas","Marquetalia","2,024","264","266","0","0","9","268","238","15","0","0","0","0","0","0","0","0","0","0","0","0","0","530","POINT (-75.053097 5.297525)"
"41001","Huila","Neiva","2,023","388","291","1","0","18","361","251","36","12","3","6","6","0","0","0","0","7","0","0","0","0","681","POINT (-75.277285 2.935971)"
"15762","Boyacá","Sora","2,023","2","0","0","0","0","0","0","2","0","0","0","0","0","0","0","0","0","0","0","0","0","2","POINT (-73.450153 5.56684)"
"15092","Boyacá","Betéitiva","2,025","0","1","0","0","0","0","0","0","1","0","0","0","0","0","0","0","0","0","1","0","0","1","POINT (-72.809014 5.909978)"
"15720","Boyacá","Sativanorte","2,025","1","0","0","0","0","0","0","0","1","0","0","0","0","0","0","0","0","0","1","0","0","1","POINT (-72.708458 6.131132)"
"15776","Boyacá","Sutamarchán","2,026","1","0","0","0","0","0","0","0","1","0","0","0","0","0","0","0","0","0","0","0","0","1","POINT (-73.620536 5.619781)"
"17614","Caldas","Riosucio","2,026","1","0","0","0","0","0","0","0","1","0","0","0","0","0","0","0","0","0","0","0","0","1","POINT (-75.702104 5.423673)"
"05679","Antioquia","Santa Bárbara","2,023","0","0","0","0","0","0","0","0","0","0","0","0","0","0","0","0","0","0","0","0","0","0","POINT (-75.567351 5.875527)"
"76403","Valle del Cauca","La Victoria","2,023","0","0","0","0","0","0","0","0","0","0","0","0","0","0","0","0","0","0","0","0","0","0","POINT (-76.036529 4.523603)"
"68867","Santander","Vetas","2,025","0","0","0","0","0","0","0","0","0","0","0","0","0","0","0","0","0","0","0","0","0","0","POINT (-72.871041 7.30981)"
"15664","Boyacá","San José de Pare","2,026","0","0","0","0","0","0","0","0","0","0","0","0","0","0","0","0","0","0","0","0","0","0","POINT (-73.545397 6.018924)"
"19473","Cauca","Morales","2,026","0","0","0","0","0","0","0","0","0","0","0","0","0","0","0","0","0","0","0","0","0","0","POINT (-76.629106 2.754684)"
"20238","Cesar","El Copey","2,026","0","0","0","0","0","0","0","0","0","0","0","0","0","0","0","0","0","0","0","0","0","0","POINT (-73.962751 10.149626)"
"76606","Valle del Cauca","Restrepo","2,026","0","0","0","0","0","0","0","0","0","0","0","0","0","0","0","0","0","0","0","0","0","0","POINT (-76.523329 3.821351)"
"70670","Sucre","Sampués","2,025","243","247","0","1","5","213","268","1","3","1","1","297","0","0","0","0","4","0","241","0","0","491","POINT (-75.380119 9.183271)"
"81736","Arauca","Saravena","2,025","912","864","1","4","55","1,058","615","38","15","0","15","6","0","0","0","0","4","0","283","0","0","1,781","POINT (-71.872812 6.953926)"
"19845","Cauca","Villa Rica","2,025","70","72","0","0","2","72","62","3","2","1","142","0","0","0","0","0","0","0","132","0","0","142","POINT (-76.458025 3.17762)"
"73236","Tolima","Dolores","2,025","330","303","0","0","48","302","266","13","3","1","0","0","0","0","0","0","6","0","178","0","0","633","POINT (-74.896754 3.539073)"
"05001","Antioquia","Medellín","2,024","512","500","0","19","0","436","233","168","177","17","69","4","0","0","0","6","143","0","0","0","0","1,031","POINT (-75.578661 6.250063)"
"15686","Boyacá","Santana","2,024","3","1","0","0","0","0","0","3","1","0","0","0","0","0","0","0","0","0","0","0","0","4","POINT (-73.481639 6.056866)"
"47960","Magdalena","Zapayán","2,023","6","4","0","0","0","1","4","2","2","1","0","0","0","0","0","0","0","0","0","0","0","10","POINT (-74.716878 10.168297)"
"73043","Tolima","Anzoátegui","2,023","10","0","0","0","0","0","0","7","3","0","0","0","0","0","0","0","0","0","0","0","0","10","POINT (-75.096451 4.627474)"
"70418","Sucre","Los Palmitos","2,023","8","7","0","0","1","0","0","11","2","1","0","4","0","0","0","0","0","0","0","0","0","15","POINT (-75.268716 9.380269)"
"85430","Casanare","Trinidad","2,023","63","56","0","0","3","1","113","0","3","0","0","0","0","0","0","0","0","0","0","0","0","120","POINT (-71.662812 5.412178)"
"88001","Archipiélago de San Andrés, Providencia y Santa Catalina","San Andrés","2,026","0","1","0","0","0","0","0","0","1","0","0","0","0","0","0","0","0","0","1","0","0","1","POINT (-81.696063 12.583014)"
"13188","Bolívar","Cicuco","2,026","1","0","0","0","0","0","0","1","0","0","0","0","0","0","0","0","0","0","1","0","0","1","POINT (-74.646028 9.274313)"
"85279","Casanare","Recetor","2,026","1","0","0","0","0","0","0","1","0","0","0","0","0","0","0","0","0","0","1","0","0","1","POINT (-72.760991 5.229181)"
"15183","Boyacá","Chita","2,026","1","0","0","0","0","0","0","0","1","0","0","0","0","0","0","0","0","0","0","0","0","1","POINT (-72.471892 6.187083)"
"94885","Guainía","La Guadalupe (Anm)","2,023","0","0","0","0","0","0","0","0","0","0","0","0","0","0","0","0","0","0","0","0","0","0","POINT (-66.963692 1.632464)"
"52354","Nariño","Imués","2,025","0","0","0","0","0","0","0","0","0","0","0","0","0","0","0","0","0","0","0","0","0","0","POINT (-77.496063 1.054815)"
"05145","Antioquia","Caramanta","2,026","0","0","0","0","0","0","0","0","0","0","0","0","0","0","0","0","0","0","0","0","0","0","POINT (-75.643868 5.54853)"
"52207","Nariño","Consacá","2,026","0","0","0","0","0","0","0","0","0","0","0","0","0","0","0","0","0","0","0","0","0","0","POINT (-77.465103 1.207635)"
"97666","Vaupés","Taraira","2,026","0","0","0","0","0","0","0","0","0","0","0","0","0","0","0","0","0","0","0","0","0","0","POINT (-69.634271 -0.566224)"
"88001","Archipiélago de San Andrés, Providencia y Santa Catalina","San Andrés","2,025","1,029","1,058","0","19","5","759","1,235","69","38","0","1,918","1","1","0","0","0","19","0","2","0","0","2,106","POINT (-81.696063 12.583014)"
"05282","Antioquia","Fredonia","2,025","6","3","0","0","0","0","1","0","2","6","0","0","0","0","0","0","0","0","0","0","0","9","POINT (-75.670453 5.924363)"
"27250","Chocó","El Litoral del San Juan","2,025","380","374","0","0","1","163","435","152","3","0","63","691","0","0","0","0","0","0","745","0","0","754","POINT (-77.35989 4.256823)"
"41306","Huila","Gigante","2,025","417","314","0","0","21","332","344","18","13","3","1","1","0","0","0","0","5","0","198","0","0","731","POINT (-75.54122 2.388236)"
"15621","Boyacá","Rondón","2,025","126","92","0","0","10","106","100","2","0","0","0","0","0","0","0","0","4","0","218","0","0","218","POINT (-73.208474 5.357378)"
"76036","Valle del Cauca","Andalucía","2,024","4","4","0","0","0","0","0","2","6","0","1","0","0","0","0","0","0","0","0","0","0","8","POINT (-76.167925 4.171713)"
"27135","Chocó","El Cantón del San Pablo","2,024","138","120","0","0","7","135","109","7","0","0","258","0","0","0","0","0","0","0","0","0","0","258","POINT (-76.726844 5.335321)"
"08558","Atlántico","Polonuevo","2,023","3","3","0","0","0","1","0","2","3","0","1","0","0","0","0","0","0","0","0","0","0","6","POINT (-74.854029 10.777894)"
"25754","Cundinamarca","Soacha","2,023","259","190","2","0","0","150","153","91","56","2","18","3","0","0","0","0","3","0","0","0","0","452","POINT (-74.215456 4.579298)"
"85139","Casanare","Maní","2,023","127","104","0","0","196","30","1","0","4","0","0","0","0","0","0","0","0","0","0","0","0","231","POINT (-72.281384 4.81681)"
"52786","Nariño","Taminango","2,023","3","1","0","0","0","0","0","3","1","0","0","0","0","0","0","0","0","0","0","0","0","4","POINT (-77.2808 1.570358)"
"44110","La Guajira","El Molino","2,026","52","68","0","0","0","52","68","0","0","0","0","3","0","0","0","0","2","0","2","0","0","120","POINT (-72.92673 10.653505)"
"97666","Vaupés","Taraira","2,025","0","1","0","0","0","0","0","0","1","0","0","1","0","0","0","0","0","0","0","0","0","1","POINT (-69.634271 -0.566224)"
"91460","Amazonas","Mirití - Paraná (Anm)","2,023","0","0","0","0","0","0","0","0","0","0","0","0","0","0","0","0","0","0","0","0","0","0","POINT (-70.98893 -0.888833)"
"05237","Antioquia","Donmatías","2,025","0","0","0","0","0","0","0","0","0","0","0","0","0","0","0","0","0","0","0","0","0","0","POINT (-75.39263 6.485603)"
"17388","Caldas","La Merced","2,025","0","0","0","0","0","0","0","0","0","0","0","0","0","0","0","0","0","0","0","0","0","0","POINT (-75.547853 5.394867)"
"15272","Boyacá","Firavitoba","2,026","0","0","0","0","0","0","0","0","0","0","0","0","0","0","0","0","0","0","0","0","0","0","POINT (-72.993392 5.668885)"
"41676","Huila","Santa María","2,026","0","0","0","0","0","0","0","0","0","0","0","0","0","0","0","0","0","0","0","0","0","0","POINT (-75.587213 2.937628)"
"63401","Quindío","La Tebaida","2,026","0","0","0","0","0","0","0","0","0","0","0","0","0","0","0","0","0","0","0","0","0","0","POINT (-75.786887 4.453755)"
"08832","Atlántico","Tubará","2,025","221","214","0","0","33","243","153","4","2","0","0","130","0","0","0","0","0","0","100","0","0","435","POINT (-74.978704 10.873586)"
"05390","Antioquia","La Pintada","2,025","383","411","0","0","101","568","110","8","6","1","15","1","0","0","0","0","2","0","0","0","0","794","POINT (-75.60781 5.743808)"
"73347","Tolima","Herveo","2,025","57","74","0","0","0","29","98","4","0","0","0","0","0","0","0","0","0","0","10","0","0","131","POINT (-75.177151 5.080228)"
"73624","Tolima","Rovira","2,024","389","402","0","0","4","311","444","23","8","1","0","1","0","0","0","0","12","0","0","0","0","791","POINT (-75.240648 4.239019)"
"05040","Antioquia","Anorí","2,023","95","94","0","0","0","147","35","3","4","0","0","0","0","0","0","0","3","0","0","0","0","189","POINT (-75.148355 7.074703)"
"05656","Antioquia","San Jerónimo","2,023","219","131","1","0","349","0","0","0","2","0","0","0","0","0","0","0","0","0","0","0","0","351","POINT (-75.726975 6.44809)"
"25175","Cundinamarca","Chía","2,023","42","24","2","0","0","6","2","22","36","2","2","3","0","0","0","0","0","0","0","0","0","68","POINT (-74.05 4.866508)"
"19698","Cauca","Santander de Quilichao","2,026","505","510","0","0","0","413","590","12","0","0","35","288","0","0","0","0","3","0","133","0","0","1,015","POINT (-76.485082 3.01517)"
"27800","Chocó","Unguía","2,026","46","23","0","0","1","27","40","1","0","0","68","1","0","0","0","0","0","0","0","0","0","69","POINT (-77.091753 8.042761)"
"70235","Sucre","Galeras","2,026","107","111","0","0","0","71","144","2","1","0","1","1","0","0","0","0","5","0","8","0","0","218","POINT (-75.048576 9.159583)"
"13600","Bolívar","Río Viejo","2,023","2","1","0","0","0","0","0","2","1","0","1","0","0","0","0","0","0","0","0","0","0","3","POINT (-73.840466 8.58795)"
"20614","Cesar","Río de Oro","2,023","1","1","0","0","0","0","0","2","0","0","0","0","0","0","0","0","1","0","0","0","0","2","POINT (-73.386393 8.292292)"
"73200","Tolima","Coello","2,023","1","0","0","0","0","0","0","1","0","0","0","0","0","0","0","0","0","0","0","0","0","1","POINT (-74.898464 4.287276)"
"15226","Boyacá","Cuítiva","2,025","1","0","0","0","0","0","0","1","0","0","0","0","0","0","0","0","0","0","1","0","0","1","POINT (-72.965923 5.580367)"
"68684","Santander","San José de Miranda","2,023","0","0","0","0","0","0","0","0","0","0","0","0","0","0","0","0","0","0","0","0","0","0","POINT (-72.733616 6.658995)"
"05044","Antioquia","Anzá","2,025","0","0","0","0","0","0","0","0","0","0","0","0","0","0","0","0","0","0","0","0","0","0","POINT (-75.854442 6.302641)"
"13838","Bolívar","Turbana","2,025","0","0","0","0","0","0","0","0","0","0","0","0","0","0","0","0","0","0","0","0","0","0","POINT (-75.44265 10.274585)"
"15753","Boyacá","Soatá","2,026","0","0","0","0","0","0","0","0","0","0","0","0","0","0","0","0","0","0","0","0","0","0","POINT (-72.684051 6.331945)"
"54099","Norte de Santander","Bochalema","2,026","0","0","0","0","0","0","0","0","0","0","0","0","0","0","0","0","0","0","0","0","0","0","POINT (-72.64701 7.612192)"
"25175","Cundinamarca","Chía","2,025","201","178","0","0","0","108","222","5","38","6","0","11","0","0","0","0","21","0","0","0","0","379","POINT (-74.05 4.866508)"
"17042","Caldas","Anserma","2,025","456","629","0","0","29","589","454","13","0","0","2","71","0","0","0","0","45","0","332","0","0","1,085","POINT (-75.784343 5.236471)"
"19809","Cauca","Timbiquí","2,025","265","232","0","0","0","190","259","42","4","2","490","7","0","0","0","0","1","0","6","0","0","497","POINT (-77.667541 2.777312)"
"19050","Cauca","Argelia","2,025","108","111","0","0","4","165","44","0","6","0","0","0","0","0","0","0","0","0","210","0","0","219","POINT (-77.24905 2.257427)"
"50270","Meta","El Dorado","2,025","12","0","0","0","0","0","0","1","10","1","0","0","0","0","0","0","0","0","0","0","0","12","POINT (-73.835264 3.739984)"
"25745","Cundinamarca","Simijaca","2,025","12","2","0","0","0","0","0","0","14","0","0","0","0","0","0","0","0","0","2","0","0","14","POINT (-73.850703 5.505231)"
"50683","Meta","San Juan de Arama","2,025","110","122","0","0","22","129","76","1","3","1","0","0","0","0","0","0","0","0","113","0","0","232","POINT (-73.875832 3.373728)"
"20614","Cesar","Río de Oro","2,025","216","202","0","0","0","124","293","1","0","0","0","0","0","0","0","0","0","0","88","0","0","418","POINT (-73.386393 8.292292)"
"85230","Casanare","Orocué","2,024","129","143","0","0","0","127","128","13","4","0","0","156","0","0","0","0","0","0","0","0","0","272","POINT (-71.338533 4.790258)"
"76233","Valle del Cauca","Dagua","2,023","4","2","0","0","0","0","0","4","2","0","2","0","0","0","0","0","0","0","0","0","0","6","POINT (-76.68886 3.657318)"
"19760","Cauca","Sotará Paispamba","2,023","5","3","0","0","0","0","0","2","5","1","0","0","0","0","0","0","0","0","0","0","0","8","POINT (-76.613365 2.253156)"
"19473","Cauca","Morales","2,023","18","17","0","0","0","1","0","19","14","1","1","6","0","0","0","0","0","0","0","0","0","35","POINT (-76.629106 2.754684)"
"25126","Cundinamarca","Cajicá","2,023","37","29","0","0","2","1","2","12","36","13","0","0","0","0","0","0","0","0","0","0","0","66","POINT (-74.02298 4.920009)"
"05895","Antioquia","Zaragoza","2,026","59","66","0","0","0","107","18","0","0","0","4","0","0","0","0","0","0","0","0","0","0","125","POINT (-74.867075 7.488583)"
"27135","Chocó","El Cantón del San Pablo","2,026","48","56","0","0","0","0","103","1","0","0","104","0","0","0","0","0","0","0","0","0","0","104","POINT (-76.726844 5.335321)"
"54125","Norte de Santander","Cácota","2,025","1","0","0","0","0","0","0","0","1","0","0","0","0","0","0","0","0","0","0","0","0","1","POINT (-72.642059 7.268705)"
"15114","Boyacá","Busbanzá","2,023","0","0","0","0","0","0","0","0","0","0","0","0","0","0","0","0","0","0","0","0","0","0","POINT (-72.884158 5.831393)"
"15272","Boyacá","Firavitoba","2,023","0","0","0","0","0","0","0","0","0","0","0","0","0","0","0","0","0","0","0","0","0","0","POINT (-72.993392 5.668885)"
"15317","Boyacá","Guacamayas","2,023","0","0","0","0","0","0","0","0","0","0","0","0","0","0","0","0","0","0","0","0","0","0","POINT (-72.500812 6.459667)"
"15690","Boyacá","Santa María","2,026","0","0","0","0","0","0","0","0","0","0","0","0","0","0","0","0","0","0","0","0","0","0","POINT (-73.263518 4.857193)"
"68217","Santander","Coromoro","2,026","0","0","0","0","0","0","0","0","0","0","0","0","0","0","0","0","0","0","0","0","0","0","POINT (-73.040816 6.294999)"
"73268","Tolima","Espinal","2,026","0","0","0","0","0","0","0","0","0","0","0","0","0","0","0","0","0","0","0","0","0","0","POINT (-74.885446 4.151314)"
"19001","Cauca","Popayán","2,025","450","440","0","9","9","609","199","54","28","0","17","149","0","0","0","0","15","0","205","0","0","899","POINT (-76.57422 2.482561)"
"05148","Antioquia","El Carmen de Viboral","2,025","386","394","0","2","0","361","414","0","7","0","0","0","0","0","0","0","19","0","1","0","0","782","POINT (-75.334146 6.083185)"
"70265","Sucre","Guaranda","2,025","154","115","0","0","41","132","66","3","25","2","0","0","0","0","0","0","0","0","254","0","0","269","POINT (-74.538345 8.464847)"
"27001","Chocó","Quibdó","2,024","750","718","0","5","18","742","463","233","16","1","1,185","244","0","0","0","1","5","0","0","0","0","1,473","POINT (-76.626533 5.690997)"
"13894","Bolívar","Zambrano","2,024","182","240","0","0","0","25","351","39","7","0","14","0","0","0","0","0","0","0","0","0","0","422","POINT (-74.813714 9.746985)"
"85010","Casanare","Aguazul","2,024","325","300","0","0","1","393","215","7","9","0","0","0","0","0","0","0","0","0","0","0","0","625","POINT (-72.547048 5.172834)"
"52240","Nariño","Chachagüí","2,024","93","94","0","0","0","25","142","19","1","0","0","1","0","0","0","0","0","0","0","0","0","187","POINT (-77.281701 1.360328)"
"05400","Antioquia","La Unión","2,023","14","2","0","0","0","0","0","15","2","0","0","0","0","0","0","0","0","0","0","0","0","17","POINT (-75.360874 5.973845)"
"19397","Cauca","La Vega","2,026","244","268","0","0","75","290","143","4","0","0","0","37","0","0","0","0","4","0","474","0","0","512","POINT (-76.779032 2.001109)"
"15537","Boyacá","Paz de Río","2,023","3","0","0","0","0","0","0","3","0","0","0","0","0","0","0","0","0","0","0","0","0","3","POINT (-72.749137 5.987645)"
"85279","Casanare","Recetor","2,024","2","1","0","0","0","0","0","1","2","0","0","0","0","0","0","0","0","0","0","0","0","3","POINT (-72.760991 5.229181)"
"17088","Caldas","Belalcázar","2,026","1","1","0","0","0","0","0","1","1","0","0","0","0","0","0","0","0","0","1","0","0","2","POINT (-75.811918 4.993785)"
"68160","Santander","Cepitá","2,024","1","0","0","0","0","0","0","0","1","0","0","0","0","0","0","0","0","0","0","0","0","1","POINT (-72.973536 6.753518)"
"15511","Boyacá","Pachavita","2,026","1","0","0","0","0","0","0","0","1","0","0","0","0","0","0","0","0","0","0","0","0","1","POINT (-73.396953 5.140065)"
"05145","Antioquia","Caramanta","2,024","0","0","0","0","0","0","0","0","0","0","0","0","0","0","0","0","0","0","0","0","0","0","POINT (-75.643868 5.54853)"
"76863","Valle del Cauca","Versalles","2,024","0","0","0","0","0","0","0","0","0","0","0","0","0","0","0","0","0","0","0","0","0","0","POINT (-76.199203 4.575019)"
"25368","Cundinamarca","Jerusalén","2,025","0","0","0","0","0","0","0","0","0","0","0","0","0","0","0","0","0","0","0","0","0","0","POINT (-74.695474 4.562273)"
"91460","Amazonas","Mirití - Paraná (Anm)","2,025","0","0","0","0","0","0","0","0","0","0","0","0","0","0","0","0","0","0","0","0","0","0","POINT (-70.98893 -0.888833)"
"15798","Boyacá","Tenza","2,026","0","0","0","0","0","0","0","0","0","0","0","0","0","0","0","0","0","0","0","0","0","0","POINT (-73.420589 5.077074)"
"20013","Cesar","Agustín Codazzi","2,026","0","0","0","0","0","0","0","0","0","0","0","0","0","0","0","0","0","0","0","0","0","0","POINT (-73.238389 10.040454)"
"05842","Antioquia","Uramita","2,024","5","0","0","0","0","0","0","0","4","1","0","0","0","0","0","0","0","0","0","0","0","5","POINT (-76.173284 6.898393)"
"95025","Guaviare","El Retorno","2,024","21","28","0","0","1","7","10","8","11","12","2","0","0","0","0","0","0","0","0","0","0","49","POINT (-72.627304 2.330164)"
"05887","Antioquia","Yarumal","2,024","213","183","0","0","12","237","140","5","2","0","0","0","0","0","0","0","6","0","0","0","0","396","POINT (-75.418828 6.963832)"
"68079","Santander","Barichara","2,024","80","42","0","0","0","8","23","28","60","3","0","0","0","0","0","0","0","0","0","0","0","122","POINT (-73.223047 6.634111)"
"15507","Boyacá","Otanche","2,024","28","36","0","0","0","20","36","8","0","0","0","0","0","0","0","0","0","0","0","0","0","64","POINT (-74.180965 5.657536)"
"19001","Cauca","Popayán","2,023","209","232","2","0","1","200","126","65","51","0","9","22","0","0","0","0","6","0","0","0","0","443","POINT (-76.57422 2.482561)"
"05234","Antioquia","Dabeiba","2,026","87","132","0","0","0","92","109","17","1","0","0","113","0","0","0","0","0","0","18","0","0","219","POINT (-76.262977 7.000322)"
"54377","Norte de Santander","Labateca","2,023","2","0","0","0","0","0","0","0","2","0","0","0","0","0","0","0","0","0","0","0","0","2","POINT (-72.495983 7.298414)"
"15664","Boyacá","San José de Pare","2,024","0","1","0","0","0","0","0","0","1","0","0","0","0","0","0","0","1","0","0","0","0","1","POINT (-73.545397 6.018924)"
"13838","Bolívar","Turbana","2,023","0","0","0","0","0","0","0","0","0","0","0","0","0","0","0","0","0","0","0","0","0","0","POINT (-75.44265 10.274585)"
"15514","Boyacá","Páez","2,023","0","0","0","0","0","0","0","0","0","0","0","0","0","0","0","0","0","0","0","0","0","0","POINT (-73.054496 5.094621)"
"15464","Boyacá","Mongua","2,025","0","0","0","0","0","0","0","0","0","0","0","0","0","0","0","0","0","0","0","0","0","0","POINT (-72.79809 5.754242)"
"15667","Boyacá","San Luis de Gaceno","2,025","0","0","0","0","0","0","0","0","0","0","0","0","0","0","0","0","0","0","0","0","0","0","POINT (-73.168076 4.81976)"
"73124","Tolima","Cajamarca","2,026","0","0","0","0","0","0","0","0","0","0","0","0","0","0","0","0","0","0","0","0","0","0","POINT (-75.435748 4.436595)"
"73236","Tolima","Dolores","2,026","0","0","0","0","0","0","0","0","0","0","0","0","0","0","0","0","0","0","0","0","0","0","POINT (-74.896754 3.539073)"
"15442","Boyacá","Maripí","2,025","38","53","0","0","0","28","59","1","3","0","0","0","0","0","0","0","2","0","91","0","0","91","POINT (-74.00405 5.550091)"
"76246","Valle del Cauca","El Cairo","2,025","95","118","0","0","2","115","95","1","0","0","0","2","0","0","0","0","1","0","213","0","0","213","POINT (-76.221611 4.760874)"
"15114","Boyacá","Busbanzá","2,025","4","3","0","0","0","1","5","0","1","0","0","0","0","0","0","0","0","0","0","0","0","7","POINT (-72.884158 5.831393)"
"05361","Antioquia","Ituango","2,024","245","227","0","0","0","140","310","22","0","0","0","0","0","0","0","0","8","0","0","0","0","472","POINT (-75.764673 7.171629)"
"94001","Guainía","Inírida","2,024","143","103","0","1","2","116","65","40","22","2","3","46","0","0","0","0","2","0","0","0","0","247","POINT (-67.918864 3.866324)"
"08770","Atlántico","Suan","2,023","357","232","0","0","5","345","158","64","16","2","174","0","0","0","0","0","19","0","0","0","0","590","POINT (-74.881687 10.335432)"
"41306","Huila","Gigante","2,023","2","2","0","0","0","0","0","2","2","0","0","0","0","0","0","0","0","0","0","0","0","4","POINT (-75.54122 2.388236)"
"68167","Santander","Charalá","2,023","2","2","0","0","0","0","0","2","2","0","0","0","0","0","0","0","0","0","0","0","0","4","POINT (-73.146873 6.284339)"
"05885","Antioquia","Yalí","2,023","2","0","0","0","0","0","0","0","2","0","0","0","0","0","0","0","0","0","0","0","0","2","POINT (-74.840059 6.676554)"
"25777","Cundinamarca","Supatá","2,023","1","1","0","0","0","0","0","0","2","0","0","0","0","0","0","0","0","0","0","0","0","2","POINT (-74.235403 5.06162)"
"13744","Bolívar","Simití","2,023","0","1","0","0","0","0","0","0","0","1","0","0","0","0","0","0","0","0","0","0","0","1","POINT (-73.946715 7.9546)"
"17042","Caldas","Anserma","2,023","0","1","0","0","0","0","0","0","1","0","0","0","0","0","0","0","0","0","0","0","0","1","POINT (-75.784343 5.236471)"
"44420","La Guajira","La Jagua del Pilar","2,023","0","0","0","0","0","0","0","0","0","0","0","0","0","0","0","0","0","0","0","0","0","0","POINT (-73.071679 10.510214)"
"73861","Tolima","Venadillo","2,026","0","0","0","0","0","0","0","0","0","0","0","0","0","0","0","0","0","0","0","0","0","0","POINT (-74.929177 4.717976)"
"91430","Amazonas","La Victoria (Anm)","2,026","0","0","0","0","0","0","0","0","0","0","0","0","0","0","0","0","0","0","0","0","0","0","POINT (-71.223208 0.054936)"
"08001","Atlántico","Barranquilla","2,025","1,395","1,399","0","13","111","1,411","1,210","33","33","9","76","2","0","0","0","0","10","0","1","0","0","2,807","POINT (-74.815324 10.977998)"
"05031","Antioquia","Amalfi","2,025","526","553","0","0","15","758","299","6","1","0","0","25","0","0","0","0","10","0","123","0","0","1,079","POINT (-75.082524 6.912305)"
"25781","Cundinamarca","Sutatausa","2,025","18","9","0","0","0","19","2","0","2","4","0","0","0","0","0","0","0","0","0","0","0","27","POINT (-73.853159 5.247482)"
"08560","Atlántico","Ponedera","2,024","140","172","0","0","3","108","188","9","4","0","0","0","0","0","0","0","0","0","0","0","0","312","POINT (-74.753885 10.641779)"
"20045","Cesar","Becerril","2,024","124","137","0","3","5","150","100","7","2","0","101","137","0","0","0","0","3","0","0","0","0","264","POINT (-73.278839 9.704495)"
"68573","Santander","Puerto Parra","2,024","293","313","0","0","23","300","272","10","1","0","0","0","0","0","0","0","3","0","0","0","0","606","POINT (-74.056129 6.650785)"
"05190","Antioquia","Cisneros","2,024","5","2","0","0","0","0","0","5","1","1","0","0","0","0","0","0","0","0","0","0","0","7","POINT (-75.087047 6.537829)"
"47745","Magdalena","Sitionuevo","2,023","3","3","0","0","0","0","1","2","3","0","3","0","0","0","0","0","0","0","0","0","0","6","POINT (-74.720021 10.775285)"
"17388","Caldas","La Merced","2,023","3","4","0","0","0","0","0","7","0","0","0","0","0","0","0","0","0","0","0","0","0","7","POINT (-75.547853 5.394867)"
"86568","Putumayo","Puerto Asís","2,026","81","69","0","0","18","115","17","0","0","0","2","2","0","0","0","0","4","0","32","0","0","150","POINT (-76.496887 0.505627)"
"08675","Atlántico","Santa Lucía","2,025","2","0","0","0","0","0","0","0","2","0","2","0","0","0","0","0","0","0","0","0","0","2","POINT (-74.958971 10.323273)"
"05858","Antioquia","Vegachí","2,023","0","0","0","0","0","0","0","0","0","0","0","0","0","0","0","0","0","0","0","0","0","0","POINT (-74.798714 6.773525)"
"52207","Nariño","Consacá","2,023","0","0","0","0","0","0","0","0","0","0","0","0","0","0","0","0","0","0","0","0","0","0","POINT (-77.465103 1.207635)"
"68468","Santander","Molagavita","2,023","0","0","0","0","0","0","0","0","0","0","0","0","0","0","0","0","0","0","0","0","0","0","POINT (-72.809177 6.674326)"
"97666","Vaupés","Taraira","2,023","0","0","0","0","0","0","0","0","0","0","0","0","0","0","0","0","0","0","0","0","0","0","POINT (-69.634271 -0.566224)"
"76403","Valle del Cauca","La Victoria","2,025","0","0","0","0","0","0","0","0","0","0","0","0","0","0","0","0","0","0","0","0","0","0","POINT (-76.036529 4.523603)"
"05315","Antioquia","Guadalupe","2,026","0","0","0","0","0","0","0","0","0","0","0","0","0","0","0","0","0","0","0","0","0","0","POINT (-75.240019 6.814263)"
"68397","Santander","La Paz","2,026","0","0","0","0","0","0","0","0","0","0","0","0","0","0","0","0","0","0","0","0","0","0","POINT (-73.58959 6.178509)"
"73043","Tolima","Anzoátegui","2,026","0","0","0","0","0","0","0","0","0","0","0","0","0","0","0","0","0","0","0","0","0","0","POINT (-75.096451 4.627474)"
"73461","Tolima","Murillo","2,026","0","0","0","0","0","0","0","0","0","0","0","0","0","0","0","0","0","0","0","0","0","0","POINT (-75.170787 4.875071)"
"05368","Antioquia","Jericó","2,025","0","0","0","10","0","0","0","10","0","0","0","0","0","0","0","0","0","0","0","0","0","10","POINT (-75.785499 5.789748)"
"76111","Valle del Cauca","Guadalajara de Buga","2,025","297","329","0","70","14","565","37","70","8","2","4","1","0","0","0","0","10","0","0","0","0","696","POINT (-76.298979 3.900736)"
"52678","Nariño","Samaniego","2,025","227","182","0","0","3","199","192","5","10","0","2","89","0","0","0","0","1","0","27","0","0","409","POINT (-77.594341 1.335438)"
"41319","Huila","Guadalupe","2,025","117","111","0","0","2","68","158","0","0","0","0","0","0","0","0","0","0","0","228","0","0","228","POINT (-75.755028 2.025157)"
"73671","Tolima","Saldaña","2,025","14","15","0","0","0","1","22","2","4","0","0","0","0","0","0","0","0","0","0","0","0","29","POINT (-75.016153 3.926909)"
"76736","Valle del Cauca","Sevilla","2,023","4","6","0","0","0","0","0","7","1","2","0","1","0","0","0","0","0","0","0","0","0","10","POINT (-75.930941 4.267033)"
"70742","Sucre","San Luis de Sincé","2,023","3","1","0","0","0","0","0","4","0","0","0","0","0","0","0","0","0","0","0","0","0","4","POINT (-75.145995 9.244307)"
"15808","Boyacá","Tinjacá","2,024","0","3","0","0","0","0","2","0","1","0","0","0","0","0","0","0","0","0","0","0","0","3","POINT (-73.646847 5.579713)"
"54871","Norte de Santander","Villa Caro","2,025","0","2","0","0","0","0","0","0","2","0","0","0","0","0","0","0","0","0","0","0","0","2","POINT (-72.971282 7.915047)"
"50110","Meta","Barranca de Upía","2,024","0","0","0","0","0","0","0","0","0","0","0","0","0","0","0","0","0","0","0","0","0","0","POINT (-72.961083 4.566225)"
"25489","Cundinamarca","Nimaima","2,025","0","0","0","0","0","0","0","0","0","0","0","0","0","0","0","0","0","0","0","0","0","0","POINT (-74.38604 5.125992)"
"15533","Boyacá","Paya","2,026","0","0","0","0","0","0","0","0","0","0","0","0","0","0","0","0","0","0","0","0","0","0","POINT (-72.423775 5.625699)"
"85400","Casanare","Támara","2,026","0","0","0","0","0","0","0","0","0","0","0","0","0","0","0","0","0","0","0","0","0","0","POINT (-72.16174 5.82964)"
"19450","Cauca","Mercaderes","2,025","262","325","0","0","45","315","210","7","8","2","7","0","0","0","0","0","4","0","555","0","0","587","POINT (-77.165844 1.775772)"
"23350","Córdoba","La Apartada","2,025","351","273","0","0","67","271","283","3","0","0","0","0","0","0","0","0","0","0","0","0","0","624","POINT (-75.332591 8.044806)"
"13458","Bolívar","Montecristo","2,024","5","4","0","0","0","0","0","2","6","1","0","0","0","0","0","0","0","0","0","0","0","9","POINT (-74.468558 8.299375)"
"27495","Chocó","Nuquí","2,024","27","39","0","0","0","0","37","28","1","0","1","65","0","0","0","0","0","0","0","0","0","66","POINT (-77.265614 5.708753)"
"76246","Valle del Cauca","El Cairo","2,023","4","3","0","0","0","0","0","7","0","0","0","0","0","0","0","0","1","0","0","0","0","7","POINT (-76.221611 4.760874)"
"19100","Cauca","Bolívar","2,023","4","5","0","0","0","1","0","5","3","0","0","1","0","0","0","0","0","0","0","0","0","9","POINT (-76.966215 1.837538)"
"23189","Córdoba","Ciénaga de Oro","2,023","7","3","0","0","0","0","0","9","1","0","0","2","0","0","0","0","0","0","0","0","0","10","POINT (-75.620807 8.875794)"
"52427","Nariño","Magüí","2,023","53","56","0","0","60","1","7","0","0","41","108","0","0","0","0","0","0","0","0","0","0","109","POINT (-78.183024 1.76523)"
"68001","Santander","Bucaramanga","2,023","204","422","2","0","0","104","37","213","259","17","6","0","0","0","0","0","11","0","0","0","0","630","POINT (-73.132582 7.116381)"
"05495","Antioquia","Nechí","2,026","174","217","0","0","28","160","193","10","0","0","0","0","0","0","0","0","0","0","0","0","0","391","POINT (-74.77647 8.094129)"
"18256","Caquetá","El Paujíl","2,026","42","50","0","0","6","45","41","0","0","0","1","0","0","0","0","0","2","0","40","0","0","92","POINT (-75.326093 1.570226)"
"68406","Santander","Lebrija","2,026","0","1","0","0","0","0","0","1","0","0","0","0","0","0","0","0","0","0","0","0","0","1","POINT (-73.219524 7.113351)"
"73622","Tolima","Roncesvalles","2,023","0","0","0","0","0","0","0","0","0","0","0","0","0","0","0","0","0","0","0","0","0","0","POINT (-75.606561 4.012888)"
"05125","Antioquia","Caicedo","2,025","0","0","0","0","0","0","0","0","0","0","0","0","0","0","0","0","0","0","0","0","0","0","POINT (-75.98293 6.405607)"
"66456","Risaralda","Mistrató","2,026","0","0","0","0","0","0","0","0","0","0","0","0","0","0","0","0","0","0","0","0","0","0","POINT (-75.882886 5.297039)"
"44430","La Guajira","Maicao","2,025","556","550","0","0","1","442","585","37","41","0","30","498","1","0","0","0","1","0","22","0","0","1,106","POINT (-72.241861 11.378319)"
"66594","Risaralda","Quinchía","2,025","927","1,055","0","1","102","1,119","753","8","1","0","7","304","0","0","0","0","80","0","1,397","0","0","1,983","POINT (-75.730431 5.340456)"
"54680","Norte de Santander","Santiago","2,024","9","4","0","0","0","0","4","1","4","4","6","0","0","0","0","0","0","0","0","0","0","13","POINT (-72.716579 7.865339)"
"73461","Tolima","Murillo","2,024","44","42","0","0","3","24","49","4","6","0","0","0","0","0","0","0","1","0","0","0","0","86","POINT (-75.170787 4.875071)"
"86568","Putumayo","Puerto Asís","2,024","791","800","0","3","16","590","854","92","42","0","23","36","0","0","0","0","66","0","0","0","0","1,594","POINT (-76.496887 0.505627)"
"76497","Valle del Cauca","Obando","2,024","6","5","0","0","0","0","0","3","8","0","3","0","0","0","0","0","3","0","0","0","0","11","POINT (-75.974709 4.575712)"
"25862","Cundinamarca","Vergara","2,024","5","0","0","0","0","0","0","0","3","2","0","0","0","0","0","0","0","0","0","0","0","5","POINT (-74.346163 5.117258)"
"20045","Cesar","Becerril","2,023","8","7","0","0","0","0","5","5","4","1","3","1","0","0","0","0","0","0","0","0","0","15","POINT (-73.278839 9.704495)"
"15491","Boyacá","Nobsa","2,023","110","149","0","0","252","0","0","5","2","0","0","0","0","0","0","0","0","0","0","0","0","259","POINT (-72.939853 5.771043)"
"54347","Norte de Santander","Herrán","2,023","2","0","0","0","0","0","0","0","2","0","0","0","0","0","0","0","0","0","0","0","0","2","POINT (-72.483519 7.506541)"
"73520","Tolima","Palocabildo","2,023","2","0","0","0","0","0","0","2","0","0","0","0","0","0","0","0","0","0","0","0","0","2","POINT (-75.022198 5.120972)"
"68773","Santander","Sucre","2,025","0","0","0","0","0","0","0","0","0","0","0","0","0","0","0","0","0","0","0","0","0","0","POINT (-73.790975 5.918743)"
"73854","Tolima","Valle de San Juan","2,026","0","0","0","0","0","0","0","0","0","0","0","0","0","0","0","0","0","0","0","0","0","0","POINT (-75.115669 4.197494)"
"76890","Valle del Cauca","Yotoco","2,026","0","0","0","0","0","0","0","0","0","0","0","0","0","0","0","0","0","0","0","0","0","0","POINT (-76.382698 3.861241)"
"97889","Vaupés","Yavaraté (Anm)","2,026","0","0","0","0","0","0","0","0","0","0","0","0","0","0","0","0","0","0","0","0","0","0","POINT (-69.203337 0.609142)"
"52227","Nariño","Cumbal","2,025","108","115","0","3","13","121","66","9","14","3","0","214","0","0","0","0","0","0","99","0","0","226","POINT (-77.792279 0.906301)"
"68207","Santander","Concepción","2,025","323","348","0","0","42","295","317","10","5","2","0","0","0","0","0","0","14","0","228","0","0","671","POINT (-72.694583 6.768918)"
"25817","Cundinamarca","Tocancipá","2,025","226","292","0","0","0","175","323","10","10","0","1","1","0","0","0","0","10","0","58","0","0","518","POINT (-73.912091 4.964786)"
"70235","Sucre","Galeras","2,025","177","185","0","0","0","94","263","2","3","0","0","0","0","0","0","0","3","0","109","0","0","362","POINT (-75.048576 9.159583)"
"47001","Magdalena","Santa Marta","2,024","461","291","0","6","1","410","268","35","40","4","83","4","0","0","0","0","24","0","0","0","0","758","POINT (-74.200077 11.204685)"
"52210","Nariño","Contadero","2,024","4","1","0","1","0","0","0","6","0","0","0","0","0","0","0","0","0","0","0","0","0","6","POINT (-77.549409 0.910458)"
"05266","Antioquia","Envigado","2,024","16","5","0","3","0","0","0","11","11","2","0","0","0","0","0","1","1","0","0","0","0","24","POINT (-75.582766 6.166891)"
"73870","Tolima","Villahermosa","2,024","9","1","0","0","0","7","1","0","0","2","0","0","0","0","0","0","0","0","0","0","0","10","POINT (-75.117729 5.030452)"
"52885","Nariño","Yacuanquer","2,023","46","10","0","0","6","28","17","4","1","0","0","0","0","0","0","0","0","0","0","0","0","56","POINT (-77.402824 1.114556)"
"68406","Santander","Lebrija","2,023","15","13","0","0","0","0","0","22","6","0","0","0","0","0","0","0","0","0","0","0","0","28","POINT (-73.219524 7.113351)"
"05659","Antioquia","San Juan de Urabá","2,026","98","115","0","0","0","71","141","1","0","0","211","0","0","0","0","0","0","0","213","0","0","213","POINT (-76.52857 8.758964)"
"52250","Nariño","El Charco","2,026","96","99","0","0","0","70","111","14","0","0","195","0","0","0","0","0","0","0","92","0","0","195","POINT (-78.109865 2.477545)"
"68001","Santander","Bucaramanga","2,026","132","146","0","0","0","167","111","0","0","0","0","0","0","0","0","0","6","0","0","0","0","278","POINT (-73.132582 7.116381)"
"25297","Cundinamarca","Gachetá","2,026","2","0","0","0","0","0","0","0","2","0","0","0","0","0","0","0","0","0","0","0","0","2","POINT (-73.637007 4.817022)"
"05364","Antioquia","Jardín","2,023","1","1","0","0","0","0","0","1","1","0","0","1","0","0","0","0","0","0","0","0","0","2","POINT (-75.818982 5.597542)"
"25506","Cundinamarca","Venecia","2,023","0","0","0","0","0","0","0","0","0","0","0","0","0","0","0","0","0","0","0","0","0","0","POINT (-74.478301 4.089056)"
"20787","Cesar","Tamalameque","2,024","0","0","0","0","0","0","0","0","0","0","0","0","0","0","0","0","0","0","0","0","0","0","POINT (-73.812172 8.861725)"
"91430","Amazonas","La Victoria (Anm)","2,025","0","0","0","0","0","0","0","0","0","0","0","0","0","0","0","0","0","0","0","0","0","0","POINT (-71.223208 0.054936)"
"05306","Antioquia","Giraldo","2,026","0","0","0","0","0","0","0","0","0","0","0","0","0","0","0","0","0","0","0","0","0","0","POINT (-75.952158 6.680808)"
"15226","Boyacá","Cuítiva","2,026","0","0","0","0","0","0","0","0","0","0","0","0","0","0","0","0","0","0","0","0","0","0","POINT (-72.965923 5.580367)"
"19780","Cauca","Suárez","2,026","0","0","0","0","0","0","0","0","0","0","0","0","0","0","0","0","0","0","0","0","0","0","POINT (-76.69357 2.959785)"
"76246","Valle del Cauca","El Cairo","2,026","0","0","0","0","0","0","0","0","0","0","0","0","0","0","0","0","0","0","0","0","0","0","POINT (-76.221611 4.760874)"
"05266","Antioquia","Envigado","2,025","801","847","0","0","51","822","751","18","6","0","7","7","0","0","0","0","42","0","0","0","0","1,648","POINT (-75.582766 6.166891)"
"27430","Chocó","Medio Baudó","2,025","122","151","0","0","4","80","140","47","2","0","2","271","0","0","0","0","0","0","271","0","0","273","POINT (-76.950891 5.192471)"
"54344","Norte de Santander","Hacarí","2,025","149","140","0","0","0","167","119","1","2","0","0","1","0","0","0","0","5","0","48","0","0","289","POINT (-73.145997 8.321506)"
"47460","Magdalena","Nueva Granada","2,025","4","2","0","0","0","0","0","1","5","0","0","0","0","0","0","0","0","0","3","0","0","6","POINT (-74.391841 9.80186)"
"15494","Boyacá","Nuevo Colón","2,025","236","234","0","0","42","173","242","11","1","1","0","0","0","0","0","0","0","0","356","0","0","470","POINT (-73.456759 5.355317)"
"85263","Casanare","Pore","2,025","321","308","0","3","43","332","249","8","0","0","1","0","0","0","0","0","0","0","231","0","0","632","POINT (-71.99286 5.72773)"
"73870","Tolima","Villahermosa","2,025","199","183","0","0","9","129","238","6","0","0","0","4","0","0","0","0","3","0","230","0","0","382","POINT (-75.117729 5.030452)"
"15690","Boyacá","Santa María","2,025","4","1","0","0","0","0","0","0","3","2","0","0","0","0","0","0","0","0","2","0","0","5","POINT (-73.263518 4.857193)"
"15183","Boyacá","Chita","2,023","5","4","0","0","0","0","0","7","2","0","0","0","0","0","0","0","0","0","0","0","0","9","POINT (-72.471892 6.187083)"
"66440","Risaralda","Marsella","2,023","25","7","0","0","0","0","5","21","3","3","3","0","0","0","0","0","0","0","0","0","0","32","POINT (-75.738576 4.935559)"
"81065","Arauca","Arauquita","2,023","10","16","0","0","0","0","3","8","14","1","1","3","0","0","0","0","7","0","0","0","0","26","POINT (-71.426747 7.026988)"
"17513","Caldas","Pácora","2,023","3","0","0","0","0","0","0","0","3","0","0","0","0","0","0","0","0","0","0","0","0","3","POINT (-75.459621 5.527172)"
"25594","Cundinamarca","Quetame","2,026","2","0","0","0","0","0","0","2","0","0","0","0","0","0","0","0","0","0","0","0","0","2","POINT (-73.863214 4.329884)"
"63548","Quindío","Pijao","2,026","1","0","0","0","0","0","0","0","1","0","0","0","0","0","0","0","1","0","1","0","0","1","POINT (-75.703329 4.335036)"
"91430","Amazonas","La Victoria (Anm)","2,024","0","0","0","0","0","0","0","0","0","0","0","0","0","0","0","0","0","0","0","0","0","0","POINT (-71.223208 0.054936)"
"25398","Cundinamarca","La Peña","2,026","0","0","0","0","0","0","0","0","0","0","0","0","0","0","0","0","0","0","0","0","0","0","POINT (-74.393089 5.200211)"
"25745","Cundinamarca","Simijaca","2,026","0","0","0","0","0","0","0","0","0","0","0","0","0","0","0","0","0","0","0","0","0","0","POINT (-73.850703 5.505231)"
"47058","Magdalena","Ariguaní","2,026","0","0","0","0","0","0","0","0","0","0","0","0","0","0","0","0","0","0","0","0","0","0","POINT (-74.236515 9.847048)"
"70124","Sucre","Caimito","2,026","0","0","0","0","0","0","0","0","0","0","0","0","0","0","0","0","0","0","0","0","0","0","POINT (-75.117141 8.789324)"
"86568","Putumayo","Puerto Asís","2,025","1,133","1,125","0","0","112","1,047","1,066","22","11","0","66","251","0","0","0","0","16","0","1,724","0","0","2,258","POINT (-76.496887 0.505627)"
"73226","Tolima","Cunday","2,025","323","301","0","0","22","319","274","9","0","0","0","0","0","0","0","0","4","0","407","0","0","624","POINT (-74.692227 4.059259)"
"44430","La Guajira","Maicao","2,024","216","174","0","1","0","128","219","19","24","1","19","46","0","0","0","0","4","0","0","0","0","391","POINT (-72.241861 11.378319)"
"20238","Cesar","El Copey","2,024","277","327","0","0","0","159","437","8","0","0","0","0","0","0","0","0","3","0","0","0","0","604","POINT (-73.962751 10.149626)"
"15533","Boyacá","Paya","2,024","5","76","0","0","0","19","51","11","0","0","0","0","0","0","0","0","0","0","0","0","0","81","POINT (-72.423775 5.625699)"
"73268","Tolima","Espinal","2,023","4","2","0","0","0","0","0","0","4","2","0","0","0","0","0","0","0","0","0","0","0","6","POINT (-74.885446 4.151314)"
"85400","Casanare","Támara","2,023","2","4","0","0","0","0","0","6","0","0","1","0","0","0","0","0","0","0","0","0","0","6","POINT (-72.16174 5.82964)"
"05790","Antioquia","Tarazá","2,023","3","2","0","0","0","1","0","2","2","0","1","0","0","0","0","0","0","0","0","0","0","5","POINT (-75.401407 7.580127)"
"52224","Nariño","Cuaspud Carlosama","2,023","9","2","0","0","0","0","0","6","5","0","0","4","0","0","0","0","0","0","0","0","0","11","POINT (-77.728947 0.862978)"
"17614","Caldas","Riosucio","2,023","1","3","0","0","0","0","0","4","0","0","0","4","0","0","0","0","0","0","0","0","0","4","POINT (-75.702104 5.423673)"
"47545","Magdalena","Pijiño del Carmen","2,026","2","0","0","0","0","0","0","1","1","0","0","0","0","0","0","0","0","0","0","0","0","2","POINT (-74.459257 9.334376)"
"05501","Antioquia","Olaya","2,024","0","0","0","0","0","0","0","0","0","0","0","0","0","0","0","0","0","0","0","0","0","0","POINT (-75.812301 6.627524)"
"15690","Boyacá","Santa María","2,024","0","0","0","0","0","0","0","0","0","0","0","0","0","0","0","0","0","0","0","0","0","0","POINT (-73.263518 4.857193)"
"25649","Cundinamarca","San Bernardo","2,024","0","0","0","0","0","0","0","0","0","0","0","0","0","0","0","0","0","0","0","0","0","0","POINT (-74.42296 4.179433)"
"17444","Caldas","Marquetalia","2,026","0","0","0","0","0","0","0","0","0","0","0","0","0","0","0","0","0","0","0","0","0","0","POINT (-75.053097 5.297525)"
"73563","Tolima","Prado","2,026","0","0","0","0","0","0","0","0","0","0","0","0","0","0","0","0","0","0","0","0","0","0","POINT (-74.927447 3.750939)"
"85230","Casanare","Orocué","2,026","0","0","0","0","0","0","0","0","0","0","0","0","0","0","0","0","0","0","0","0","0","0","POINT (-71.338533 4.790258)"
"05809","Antioquia","Titiribí","2,025","168","171","0","0","0","194","131","2","3","9","0","0","0","0","0","0","0","0","0","0","0","339","POINT (-75.791549 6.06098)"
"08296","Atlántico","Galapa","2,025","523","530","0","0","36","683","299","14","21","0","1","189","0","0","0","0","2","0","273","0","0","1,053","POINT (-74.866938 10.919641)"
"41551","Huila","Pitalito","2,025","269","263","0","0","39","264","217","3","8","1","3","38","0","0","0","0","2","0","229","0","0","532","POINT (-76.048925 1.852523)"
"19364","Cauca","Jambaló","2,024","120","142","0","1","7","165","83","3","2","3","0","262","0","0","0","0","0","0","0","0","0","263","POINT (-76.323877 2.777834)"
"20614","Cesar","Río de Oro","2,024","276","268","0","0","0","151","384","6","3","0","0","0","0","0","0","0","1","0","0","0","0","544","POINT (-73.386393 8.292292)"
"70235","Sucre","Galeras","2,024","38","11","0","2","0","0","0","51","0","0","0","0","0","0","0","0","0","0","0","0","0","51","POINT (-75.048576 9.159583)"
"99524","Vichada","La Primavera","2,024","3","1","0","0","0","0","1","1","2","0","0","0","0","0","0","0","0","0","0","0","0","4","POINT (-70.410515 5.486309)"
"68344","Santander","Hato","2,023","7","3","0","0","0","0","0","4","6","0","0","0","0","0","0","0","0","0","0","0","0","10","POINT (-73.308399 6.543957)"
"19698","Cauca","Santander de Quilichao","2,023","442","462","0","0","143","1","166","25","21","549","75","123","0","0","0","0","1","0","0","0","0","905","POINT (-76.485082 3.01517)"
"54498","Norte de Santander","Ocaña","2,023","131","97","0","0","1","100","74","26","25","2","0","0","0","0","0","0","3","0","0","0","0","228","POINT (-73.355889 8.247588)"
"41378","Huila","La Argentina","2,026","52","47","0","0","0","37","62","0","0","0","0","3","0","0","0","0","0","0","0","0","0","99","POINT (-75.979763 2.198496)"
"23350","Córdoba","La Apartada","2,023","0","0","0","0","0","0","0","0","0","0","0","0","0","0","0","0","0","0","0","0","0","0","POINT (-75.332591 8.044806)"
"15667","Boyacá","San Luis de Gaceno","2,024","0","0","0","0","0","0","0","0","0","0","0","0","0","0","0","0","0","0","0","0","0","0","POINT (-73.168076 4.81976)"
"54720","Norte de Santander","Sardinata","2,026","0","0","0","0","0","0","0","0","0","0","0","0","0","0","0","0","0","0","0","0","0","0","POINT (-72.800577 8.082105)"
"20238","Cesar","El Copey","2,025","562","568","0","0","0","582","548","0","0","0","5","1","0","0","0","0","3","0","66","0","0","1,130","POINT (-73.962751 10.149626)"
"13433","Bolívar","Mahates","2,025","288","256","0","0","12","319","201","9","3","0","497","0","0","0","0","0","0","0","123","0","0","544","POINT (-75.191583 10.233316)"
"68655","Santander","Sabana de Torres","2,025","741","757","0","0","58","634","792","14","0","0","0","0","0","0","0","0","15","0","861","0","0","1,498","POINT (-73.49906 7.391919)"
"68190","Santander","Cimitarra","2,025","386","471","0","2","90","426","317","23","3","0","0","0","0","0","0","0","19","0","0","0","0","859","POINT (-73.953011 6.320886)"
"50686","Meta","San Juanito","2,025","7","9","0","0","0","0","0","0","14","2","2","0","0","0","0","0","0","0","4","0","0","16","POINT (-73.676699 4.458181)"
"15455","Boyacá","Miraflores","2,025","3","2","0","0","0","0","0","0","3","2","0","0","0","0","0","0","0","0","0","0","0","5","POINT (-73.14563 5.196515)"
"08436","Atlántico","Manatí","2,024","283","327","0","0","1","418","170","21","0","0","103","3","0","0","0","0","0","0","0","0","0","610","POINT (-74.956867 10.449089)"
"25823","Cundinamarca","Topaipí","2,024","2","2","0","0","0","0","0","3","1","0","0","0","0","0","0","0","0","0","0","0","0","4","POINT (-74.302688 5.335973)"
"05034","Antioquia","Andes","2,023","6","0","0","0","0","0","0","4","2","0","0","0","0","0","0","0","0","0","0","0","0","6","POINT (-75.878828 5.657194)"
"25372","Cundinamarca","Junín","2,023","4","3","0","0","0","3","0","0","4","0","7","0","0","0","0","0","0","0","0","0","0","7","POINT (-73.662961 4.79057)"
"41770","Huila","Suaza","2,026","304","260","0","0","9","414","140","1","0","0","0","0","0","0","0","0","0","0","344","0","0","564","POINT (-75.79525 1.976051)"
"41548","Huila","Pital","2,023","0","1","0","0","0","0","0","2","0","0","0","0","0","0","0","0","0","0","0","0","0","2","POINT (-75.805174 2.26752)"
"15092","Boyacá","Betéitiva","2,026","1","0","0","0","0","0","0","1","0","0","0","0","0","0","0","0","0","0","0","0","0","1","POINT (-72.809014 5.909978)"
"41319","Huila","Guadalupe","2,023","0","0","0","0","0","0","0","0","0","0","0","0","0","0","0","0","0","0","0","0","0","0","POINT (-75.755028 2.025157)"
"73671","Tolima","Saldaña","2,023","0","0","0","0","0","0","0","0","0","0","0","0","0","0","0","0","0","0","0","0","0","0","POINT (-75.016153 3.926909)"
"05400","Antioquia","La Unión","2,025","7","0","0","0","0","0","0","2","5","0","0","0","0","0","0","0","0","0","0","0","0","7","POINT (-75.360874 5.973845)"
"47555","Magdalena","Plato","2,025","554","485","0","0","39","558","424","8","8","2","2","0","1","0","0","0","0","0","0","0","0","1,039","POINT (-74.784679 9.796769)"
"85325","Casanare","San Luis de Palenque","2,025","51","64","0","0","6","70","39","0","0","0","0","0","0","0","0","0","0","0","42","0","0","115","POINT (-71.731853 5.421013)"
"25178","Cundinamarca","Chipaque","2,024","5","0","0","0","0","0","0","3","2","0","0","0","0","0","0","0","0","0","0","0","0","5","POINT (-74.044876 4.442671)"
"13760","Bolívar","Soplaviento","2,023","8","5","0","0","0","0","3","5","5","0","9","0","0","0","0","0","1","0","0","0","0","13","POINT (-75.136404 10.38839)"
"13433","Bolívar","Mahates","2,026","139","100","0","0","4","172","61","2","0","0","239","0","0","0","0","0","1","0","120","0","0","239","POINT (-75.191583 10.233316)"
"54599","Norte de Santander","Ragonvalia","2,023","2","0","0","0","0","0","0","0","2","0","0","0","0","0","0","0","0","0","0","0","0","2","POINT (-72.476708 7.577861)"
"25823","Cundinamarca","Topaipí","2,025","0","0","0","0","0","0","0","0","0","0","0","0","0","0","0","0","0","0","0","0","0","0","POINT (-74.302688 5.335973)"
"25878","Cundinamarca","Viotá","2,024","4","2","0","0","0","0","0","6","0","0","1","0","0","0","0","0","0","0","0","0","0","6","POINT (-74.523131 4.43935)"
"05148","Antioquia","El Carmen de Viboral","2,024","7","4","0","3","0","0","0","8","5","1","0","0","0","0","0","0","0","0","0","0","0","14","POINT (-75.334146 6.083185)"
"15696","Boyacá","Santa Sofía","2,024","58","53","0","0","0","80","29","0","1","1","0","0","0","0","0","0","5","0","0","0","0","111","POINT (-73.602707 5.713269)"
"23464","Córdoba","Momil","2,024","12","8","0","1","0","0","0","21","0","0","1","1","0","0","0","0","0","0","0","0","0","21","POINT (-75.67796 9.240707)"
"47205","Magdalena","Concordia","2,023","6","2","0","0","0","0","0","2","6","0","0","0","0","0","0","0","0","0","0","0","0","8","POINT (-74.83303 10.257314)"
"25473","Cundinamarca","Mosquera","2,023","43","16","0","0","0","2","4","23","28","2","1","0","0","0","0","0","0","0","0","0","0","59","POINT (-74.231775 4.711371)"
"41132","Huila","Campoalegre","2,026","124","135","0","0","14","134","110","1","0","0","0","2","0","0","0","0","0","0","97","0","0","259","POINT (-75.325724 2.686757)"
"05658","Antioquia","San José de la Montaña","2,024","3","0","0","0","0","0","0","2","1","0","0","0","0","0","0","0","0","0","0","0","0","3","POINT (-75.683352 6.85009)"
"25486","Cundinamarca","Nemocón","2,024","2","1","0","0","0","0","0","3","0","0","0","0","0","0","0","0","0","0","0","0","0","3","POINT (-73.87963 5.067365)"
"68524","Santander","Palmas del Socorro","2,023","0","2","0","0","0","0","0","0","2","0","0","0","0","0","0","0","2","0","0","0","0","2","POINT (-73.287764 6.406139)"
"25781","Cundinamarca","Sutatausa","2,023","0","1","0","0","0","0","0","0","0","1","0","0","0","0","0","0","0","0","0","0","0","1","POINT (-73.853159 5.247482)"
"27495","Chocó","Nuquí","2,023","0","0","0","0","0","0","0","0","0","0","0","0","0","0","0","0","0","0","0","0","0","0","POINT (-77.265614 5.708753)"
"27050","Chocó","Atrato","2,026","0","0","0","0","0","0","0","0","0","0","0","0","0","0","0","0","0","0","0","0","0","0","POINT (-76.635674 5.531419)"
"54239","Norte de Santander","Durania","2,026","0","0","0","0","0","0","0","0","0","0","0","0","0","0","0","0","0","0","0","0","0","0","POINT (-72.658491 7.714804)"
"52250","Nariño","El Charco","2,025","96","104","0","0","0","89","104","5","2","0","200","0","0","0","0","0","0","0","94","0","0","200","POINT (-78.109865 2.477545)"
"25486","Cundinamarca","Nemocón","2,025","3","9","0","0","0","0","1","0","8","3","0","0","0","0","0","0","0","0","0","0","0","12","POINT (-73.87963 5.067365)"
"11001","Bogotá, D. C.","Bogotá, D.C.","2,024","1,011","864","0","55","3","173","95","915","681","63","41","30","1","0","0","24","127","0","0","0","0","1,930","POINT (-74.107359 4.650173)"
"47692","Magdalena","San Sebastián de Buenavista","2,023","5","3","0","0","0","0","0","6","2","0","0","0","0","0","0","0","1","0","0","0","0","8","POINT (-74.3516 9.240521)"
"15720","Boyacá","Sativanorte","2,023","10","3","0","0","0","0","1","6","6","0","0","0","0","0","0","0","0","0","0","0","0","13","POINT (-72.708458 6.131132)"
"08685","Atlántico","Santo Tomás","2,023","323","405","0","0","0","279","429","19","1","0","1","0","0","0","0","0","21","0","0","0","0","728","POINT (-74.754112 10.756056)"
"19450","Cauca","Mercaderes","2,026","315","327","0","0","43","399","196","4","0","0","81","1","0","0","0","0","17","0","527","0","0","642","POINT (-77.165844 1.775772)"
"41306","Huila","Gigante","2,026","353","295","0","0","9","450","186","2","1","0","0","1","0","0","0","0","11","0","207","0","0","648","POINT (-75.54122 2.388236)"
"88564","Archipiélago de San Andrés, Providencia y Santa Catalina","Providencia","2,026","40","56","0","0","5","90","1","0","0","0","89","0","0","0","0","0","0","0","24","0","0","96","POINT (-81.370912 13.3701)"
"52227","Nariño","Cumbal","2,026","2","0","0","0","0","0","0","1","1","0","0","2","0","0","0","0","0","0","1","0","0","2","POINT (-77.792279 0.906301)"
"68370","Santander","Jordán","2,024","1","1","0","0","0","0","0","0","2","0","0","0","0","0","0","0","0","0","0","0","0","2","POINT (-73.096053 6.732727)"
"25843","Cundinamarca","Villa de San Diego de Ubaté","2,023","2","0","0","0","0","0","0","2","0","0","0","0","0","0","0","0","0","0","0","0","0","2","POINT (-73.814356 5.307528)"
"05086","Antioquia","Belmira","2,024","0","0","0","0","0","0","0","0","0","0","0","0","0","0","0","0","0","0","0","0","0","0","POINT (-75.667779 6.606319)"
"25312","Cundinamarca","Granada","2,024","0","0","0","0","0","0","0","0","0","0","0","0","0","0","0","0","0","0","0","0","0","0","POINT (-74.350766 4.519763)"
"91407","Amazonas","La Pedrera (Anm)","2,025","0","0","0","0","0","0","0","0","0","0","0","0","0","0","0","0","0","0","0","0","0","0","POINT (-69.588421 -1.319313)"
"68573","Santander","Puerto Parra","2,026","0","0","0","0","0","0","0","0","0","0","0","0","0","0","0","0","0","0","0","0","0","0","POINT (-74.056129 6.650785)"
"73226","Tolima","Cunday","2,026","0","0","0","0","0","0","0","0","0","0","0","0","0","0","0","0","0","0","0","0","0","0","POINT (-74.692227 4.059259)"
"85325","Casanare","San Luis de Palenque","2,026","0","0","0","0","0","0","0","0","0","0","0","0","0","0","0","0","0","0","0","0","0","0","POINT (-71.731853 5.421013)"
"27099","Chocó","Bojayá","2,025","602","677","0","0","39","533","569","137","1","0","449","817","0","0","0","0","0","0","1,101","0","0","1,279","POINT (-76.883465 6.556303)"
"27413","Chocó","Lloró","2,025","233","289","0","0","8","139","270","99","5","1","108","414","0","0","0","0","0","0","116","0","0","522","POINT (-76.545238 5.498161)"
"05250","Antioquia","El Bagre","2,025","438","449","0","0","155","336","370","16","10","0","10","0","0","0","0","0","9","0","0","0","0","887","POINT (-74.799097 7.5975)"
"05093","Antioquia","Betulia","2,025","163","222","0","1","15","289","78","4","0","0","2","0","0","0","0","0","1","0","203","0","0","386","POINT (-75.984452 6.115208)"
"73854","Tolima","Valle de San Juan","2,025","101","104","0","0","36","164","5","0","0","0","0","2","0","0","0","0","0","0","2","0","0","205","POINT (-75.115669 4.197494)"
"05030","Antioquia","Amagá","2,024","131","140","0","0","35","213","22","1","0","0","0","0","0","0","0","0","0","0","0","0","0","271","POINT (-75.702041 6.038817)"
"73124","Tolima","Cajamarca","2,024","290","308","0","1","21","321","244","12","0","1","1","0","0","0","0","0","0","0","0","0","0","599","POINT (-75.435748 4.436595)"
"41551","Huila","Pitalito","2,026","449","373","0","0","42","448","325","7","0","0","2","2","0","0","0","0","8","0","193","0","0","822","POINT (-76.048925 1.852523)"
"41872","Huila","Villavieja","2,026","98","123","0","0","0","132","89","0","0","0","0","0","0","0","0","0","2","0","113","0","0","221","POINT (-75.21723 3.220791)"
"25885","Cundinamarca","Yacopí","2,024","2","0","0","0","0","0","0","0","1","1","0","0","0","0","0","0","0","0","0","0","0","2","POINT (-74.33806 5.459272)"
"73504","Tolima","Ortega","2,023","1","0","0","0","0","0","0","0","1","0","0","1","0","0","0","0","0","0","0","0","0","1","POINT (-75.222601 3.934916)"
"05495","Antioquia","Nechí","2,024","1","0","0","0","0","0","0","0","1","0","0","0","0","0","0","0","0","0","0","0","0","1","POINT (-74.77647 8.094129)"
"41518","Huila","Paicol","2,024","1","0","0","0","0","0","0","1","0","0","0","0","0","0","0","0","0","0","0","0","0","1","POINT (-75.772993 2.449527)"
"66456","Risaralda","Mistrató","2,023","0","0","0","0","0","0","0","0","0","0","0","0","0","0","0","0","0","0","0","0","0","0","POINT (-75.882886 5.297039)"
"05652","Antioquia","San Francisco","2,024","0","0","0","0","0","0","0","0","0","0","0","0","0","0","0","0","0","0","0","0","0","0","POINT (-75.101467 5.961785)"
"15762","Boyacá","Sora","2,024","0","0","0","0","0","0","0","0","0","0","0","0","0","0","0","0","0","0","0","0","0","0","POINT (-73.450153 5.56684)"
"94885","Guainía","La Guadalupe (Anm)","2,025","0","0","0","0","0","0","0","0","0","0","0","0","0","0","0","0","0","0","0","0","0","0","POINT (-66.963692 1.632464)"
"68773","Santander","Sucre","2,026","0","0","0","0","0","0","0","0","0","0","0","0","0","0","0","0","0","0","0","0","0","0","POINT (-73.790975 5.918743)"
"76318","Valle del Cauca","Guacarí","2,026","0","0","0","0","0","0","0","0","0","0","0","0","0","0","0","0","0","0","0","0","0","0","POINT (-76.331168 3.762678)"
"76828","Valle del Cauca","Trujillo","2,026","0","0","0","0","0","0","0","0","0","0","0","0","0","0","0","0","0","0","0","0","0","0","POINT (-76.318818 4.212037)"
"23464","Córdoba","Momil","2,025","37","50","0","0","0","49","29","5","3","1","0","21","0","0","0","0","0","0","64","0","0","87","POINT (-75.67796 9.240707)"
"25290","Cundinamarca","Fusagasugá","2,025","438","532","0","0","41","511","389","12","17","0","5","0","0","0","0","0","37","0","7","0","0","970","POINT (-74.365398 4.337922)"
"05659","Antioquia","San Juan de Urabá","2,025","348","283","0","0","16","343","268","4","0","0","511","0","0","0","0","0","7","0","357","0","0","631","POINT (-76.52857 8.758964)"
"05495","Antioquia","Nechí","2,025","256","286","0","0","33","182","307","20","0","0","0","0","0","0","0","0","2","0","0","0","0","542","POINT (-74.77647 8.094129)"
"27099","Chocó","Bojayá","2,024","125","95","0","0","0","45","90","41","36","8","186","19","0","0","0","0","0","0","0","0","0","220","POINT (-76.883465 6.556303)"
"88001","Archipiélago de San Andrés, Providencia y Santa Catalina","San Andrés","2,024","161","150","0","1","0","144","125","16","20","7","293","0","0","0","0","1","1","0","0","0","0","312","POINT (-81.696063 12.583014)"
"25777","Cundinamarca","Supatá","2,024","5","3","0","0","0","1","0","0","7","0","0","1","0","0","0","0","0","0","0","0","0","8","POINT (-74.235403 5.06162)"
"54223","Norte de Santander","Cucutilla","2,023","5","4","0","0","0","0","0","9","0","0","0","0","0","0","0","0","0","0","0","0","0","9","POINT (-72.772816 7.539633)"
"05440","Antioquia","Marinilla","2,026","86","97","0","1","0","172","11","1","0","0","0","0","0","0","0","0","0","0","0","0","0","184","POINT (-75.33889 6.172156)"
"19142","Cauca","Caloto","2,026","103","111","0","0","22","138","54","0","0","0","1","174","0","0","0","0","0","0","151","0","0","214","POINT (-76.408941 3.034531)"
"13030","Bolívar","Altos del Rosario","2,024","1","0","0","0","0","0","0","0","1","0","1","0","0","0","0","0","0","0","0","0","0","1","POINT (-74.164902 8.79187)"
"41518","Huila","Paicol","2,025","1","0","0","0","0","0","0","1","0","0","0","0","0","0","0","0","0","0","0","0","0","1","POINT (-75.772993 2.449527)"
"15759","Boyacá","Sogamoso","2,026","1","0","0","0","0","0","0","0","1","0","0","0","0","0","0","0","0","0","0","0","0","1","POINT (-72.9231 5.725677)"
"05145","Antioquia","Caramanta","2,023","0","0","0","0","0","0","0","0","0","0","0","0","0","0","0","0","0","0","0","0","0","0","POINT (-75.643868 5.54853)"
"68684","Santander","San José de Miranda","2,024","0","0","0","0","0","0","0","0","0","0","0","0","0","0","0","0","0","0","0","0","0","0","POINT (-72.733616 6.658995)"
"13580","Bolívar","Regidor","2,026","0","0","0","0","0","0","0","0","0","0","0","0","0","0","0","0","0","0","0","0","0","0","POINT (-73.821638 8.666258)"
"41770","Huila","Suaza","2,025","274","290","0","0","1","459","103","1","0","0","0","0","0","0","0","0","0","0","116","0","0","564","POINT (-75.79525 1.976051)"
"19001","Cauca","Popayán","2,024","339","297","0","10","3","443","86","54","32","28","22","24","0","0","0","0","13","0","0","0","0","646","POINT (-76.57422 2.482561)"
"23189","Córdoba","Ciénaga de Oro","2,024","753","804","0","0","19","439","1,058","36","3","2","381","313","0","0","0","0","1","0","0","0","0","1,557","POINT (-75.620807 8.875794)"
"15664","Boyacá","San José de Pare","2,023","5","1","0","0","0","0","0","0","6","0","0","0","0","0","0","0","0","0","0","0","0","6","POINT (-73.545397 6.018924)"
"41885","Huila","Yaguará","2,023","2","4","0","0","0","0","0","3","3","0","1","0","0","0","0","0","0","0","0","0","0","6","POINT (-75.518023 2.664694)"
"54174","Norte de Santander","Chitagá","2,023","5","4","0","0","0","0","0","5","4","0","0","0","0","0","0","0","0","0","0","0","0","9","POINT (-72.665468 7.138187)"
"73347","Tolima","Herveo","2,023","3","7","0","0","0","0","0","5","4","1","0","0","0","0","0","0","0","0","0","0","0","10","POINT (-75.177151 5.080228)"
"85250","Casanare","Paz de Ariporo","2,023","9","10","0","0","0","0","0","14","5","0","0","0","0","0","0","0","0","0","0","0","0","19","POINT (-71.890348 5.879827)"
"52001","Nariño","Pasto","2,023","296","301","2","0","0","99","188","151","88","75","36","10","0","0","0","0","53","0","0","0","0","601","POINT (-77.278597 1.212022)"
"70265","Sucre","Guaranda","2,023","40","0","0","0","0","0","0","5","28","7","13","12","0","0","0","0","0","0","0","0","0","40","POINT (-74.538345 8.464847)"
"15494","Boyacá","Nuevo Colón","2,026","120","132","0","0","8","189","55","0","0","0","0","0","0","0","0","0","0","0","97","0","0","252","POINT (-73.456759 5.355317)"
"25035","Cundinamarca","Anapoima","2,023","0","2","0","0","0","1","0","0","1","0","0","0","0","0","0","0","0","0","0","0","0","2","POINT (-74.528676 4.562737)"
"13030","Bolívar","Altos del Rosario","2,025","1","0","0","0","0","0","0","0","1","0","0","0","0","0","0","0","0","0","0","0","0","1","POINT (-74.164902 8.79187)"
"15808","Boyacá","Tinjacá","2,026","0","1","0","0","0","0","0","0","1","0","0","0","0","0","0","0","0","0","0","0","0","1","POINT (-73.646847 5.579713)"
"15455","Boyacá","Miraflores","2,026","1","0","0","0","0","0","0","0","1","0","0","0","0","0","0","0","0","0","0","0","0","1","POINT (-73.14563 5.196515)"
"05044","Antioquia","Anzá","2,023","0","0","0","0","0","0","0","0","0","0","0","0","0","0","0","0","0","0","0","0","0","0","POINT (-75.854442 6.302641)"
"50110","Meta","Barranca de Upía","2,026","0","0","0","0","0","0","0","0","0","0","0","0","0","0","0","0","0","0","0","0","0","0","POINT (-72.961083 4.566225)"
"50313","Meta","Granada","2,026","0","0","0","0","0","0","0","0","0","0","0","0","0","0","0","0","0","0","0","0","0","0","POINT (-73.712572 3.551865)"
"73026","Tolima","Alvarado","2,026","0","0","0","0","0","0","0","0","0","0","0","0","0","0","0","0","0","0","0","0","0","0","POINT (-74.953418 4.567356)"
"13001","Bolívar","Cartagena de Indias","2,025","1,100","983","0","65","0","1,172","794","90","66","26","1,207","4","0","0","0","0","7","0","0","0","0","2,148","POINT (-75.496269 10.385126)"
"15180","Boyacá","Chiscas","2,025","109","139","0","0","9","133","104","2","0","0","0","0","0","0","0","0","2","0","248","0","0","248","POINT (-72.501162 6.553845)"
"15533","Boyacá","Paya","2,025","66","122","0","0","6","81","98","1","2","0","0","0","0","0","0","0","1","0","186","0","0","188","POINT (-72.423775 5.625699)"
"63272","Quindío","Filandia","2,024","221","219","0","0","4","298","130","5","3","0","0","0","0","0","0","0","10","0","0","0","0","440","POINT (-75.658675 4.674213)"
"25758","Cundinamarca","Sopó","2,023","8","4","0","0","0","0","0","9","4","0","0","0","0","0","0","0","0","0","0","0","0","13","POINT (-73.945775 4.906331)"
"70523","Sucre","Palmito","2,023","34","8","0","0","1","0","3","9","25","4","3","7","0","0","0","0","0","0","0","0","0","42","POINT (-75.541264 9.333157)"
"68498","Santander","Ocamonte","2,025","2","0","0","0","0","0","0","0","2","0","0","0","0","0","0","0","0","0","0","0","0","2","POINT (-73.122563 6.339988)"
"85410","Casanare","Tauramena","2,026","1","0","0","0","0","0","0","0","1","0","0","0","0","0","0","0","0","0","1","0","0","1","POINT (-72.74662 5.018977)"
"54871","Norte de Santander","Villa Caro","2,026","1","0","0","0","0","0","0","0","1","0","0","0","0","0","0","0","0","0","0","0","0","1","POINT (-72.971282 7.915047)"
"25293","Cundinamarca","Gachalá","2,023","0","0","0","0","0","0","0","0","0","0","0","0","0","0","0","0","0","0","0","0","0","0","POINT (-73.520161 4.693579)"
"27413","Chocó","Lloró","2,024","0","0","0","0","0","0","0","0","0","0","0","0","0","0","0","0","0","0","0","0","0","0","POINT (-76.545238 5.498161)"
"05142","Antioquia","Caracolí","2,025","0","0","0","0","0","0","0","0","0","0","0","0","0","0","0","0","0","0","0","0","0","0","POINT (-74.757421 6.409829)"
"05652","Antioquia","San Francisco","2,025","0","0","0","0","0","0","0","0","0","0","0","0","0","0","0","0","0","0","0","0","0","0","POINT (-75.101467 5.961785)"
"15550","Boyacá","Pisba","2,026","0","0","0","0","0","0","0","0","0","0","0","0","0","0","0","0","0","0","0","0","0","0","POINT (-72.486023 5.72141)"
"18756","Caquetá","Solano","2,026","0","0","0","0","0","0","0","0","0","0","0","0","0","0","0","0","0","0","0","0","0","0","POINT (-75.253702 0.699077)"
"52083","Nariño","Belén","2,026","0","0","0","0","0","0","0","0","0","0","0","0","0","0","0","0","0","0","0","0","0","0","POINT (-77.015621 1.595719)"
"97889","Vaupés","Yavaraté (Anm)","2,025","48","47","0","0","2","21","64","8","0","0","0","95","0","0","0","0","0","0","0","0","0","95","POINT (-69.203337 0.609142)"
"73461","Tolima","Murillo","2,025","139","184","0","0","20","134","158","7","4","0","0","0","0","0","0","0","6","0","79","0","0","323","POINT (-75.170787 4.875071)"
"41668","Huila","San Agustín","2,024","113","107","0","0","1","90","124","4","1","0","0","22","0","0","0","0","0","0","0","0","0","220","POINT (-76.27036 1.881081)"
"41001","Huila","Neiva","2,024","266","276","0","1","7","398","105","17","14","2","3","17","0","0","0","0","3","0","0","0","0","543","POINT (-75.277285 2.935971)"
"44279","La Guajira","Fonseca","2,024","220","218","0","0","9","200","191","21","16","1","2","226","0","0","0","0","1","0","0","0","0","438","POINT (-72.846662 10.884301)"
"68092","Santander","Betulia","2,023","2","3","0","0","0","0","0","2","3","0","0","0","0","0","0","0","2","0","0","0","0","5","POINT (-73.283669 6.899525)"
"68020","Santander","Albania","2,023","4","3","0","0","0","0","0","4","3","0","0","0","0","0","0","0","0","0","0","0","0","7","POINT (-73.913823 5.758993)"
"19355","Cauca","Inzá","2,023","2","6","0","0","0","1","0","0","7","0","0","1","0","0","0","0","0","0","0","0","0","8","POINT (-76.063503 2.549183)"
"25120","Cundinamarca","Cabrera","2,023","4","0","0","0","0","0","0","4","0","0","0","0","0","0","0","0","0","0","0","0","0","4","POINT (-74.484144 3.984615)"
"27580","Chocó","Río Iró","2,023","2","1","0","0","0","0","0","3","0","0","3","0","0","0","0","0","0","0","0","0","0","3","POINT (-76.472925 5.1863)"
"63302","Quindío","Génova","2,023","0","2","0","0","0","0","0","1","0","1","0","0","0","0","0","0","0","0","0","0","0","2","POINT (-75.789584 4.207537)"
"13655","Bolívar","San Jacinto del Cauca","2,023","0","0","0","0","0","0","0","0","0","0","0","0","0","0","0","0","0","0","0","0","0","0","POINT (-74.721083 8.251599)"
"50287","Meta","Fuentedeoro","2,023","0","0","0","0","0","0","0","0","0","0","0","0","0","0","0","0","0","0","0","0","0","0","POINT (-73.618121 3.462875)"
"85315","Casanare","Sácama","2,023","0","0","0","0","0","0","0","0","0","0","0","0","0","0","0","0","0","0","0","0","0","0","POINT (-72.250157 6.096738)"
"25407","Cundinamarca","Lenguazaque","2,024","0","0","0","0","0","0","0","0","0","0","0","0","0","0","0","0","0","0","0","0","0","0","POINT (-73.711512 5.306131)"
"05086","Antioquia","Belmira","2,025","0","0","0","0","0","0","0","0","0","0","0","0","0","0","0","0","0","0","0","0","0","0","POINT (-75.667779 6.606319)"
"15507","Boyacá","Otanche","2,026","0","0","0","0","0","0","0","0","0","0","0","0","0","0","0","0","0","0","0","0","0","0","POINT (-74.180965 5.657536)"
"54743","Norte de Santander","Silos","2,026","0","0","0","0","0","0","0","0","0","0","0","0","0","0","0","0","0","0","0","0","0","0","POINT (-72.757128 7.204736)"
"66594","Risaralda","Quinchía","2,026","0","0","0","0","0","0","0","0","0","0","0","0","0","0","0","0","0","0","0","0","0","0","POINT (-75.730431 5.340456)"
"68079","Santander","Barichara","2,026","0","0","0","0","0","0","0","0","0","0","0","0","0","0","0","0","0","0","0","0","0","0","POINT (-73.223047 6.634111)"
"76403","Valle del Cauca","La Victoria","2,026","0","0","0","0","0","0","0","0","0","0","0","0","0","0","0","0","0","0","0","0","0","0","POINT (-76.036529 4.523603)"
"41001","Huila","Neiva","2,025","461","479","0","0","42","841","50","3","3","1","0","1","0","0","0","0","23","0","0","0","0","940","POINT (-75.277285 2.935971)"
"73124","Tolima","Cajamarca","2,025","622","642","0","0","50","663","529","21","1","0","1","0","0","0","0","0","6","0","932","0","0","1,264","POINT (-75.435748 4.436595)"
"15762","Boyacá","Sora","2,025","10","2","0","1","1","0","5","3","4","0","0","0","0","0","0","0","0","0","4","0","0","13","POINT (-73.450153 5.56684)"
"23807","Córdoba","Tierralta","2,024","243","177","0","1","0","198","196","23","4","0","5","5","0","0","0","0","0","0","0","0","0","421","POINT (-76.059797 8.170612)"
"19397","Cauca","La Vega","2,024","114","127","0","0","5","108","113","8","5","2","0","1","0","0","0","0","0","0","0","0","0","241","POINT (-76.779032 2.001109)"
"23068","Córdoba","Ayapel","2,024","494","516","0","3","11","353","593","51","5","0","0","1","0","0","0","0","1","0","0","0","0","1,013","POINT (-75.146048 8.313838)"
"20228","Cesar","Curumaní","2,024","5","11","0","0","0","0","0","8","8","0","2","0","0","0","0","0","2","0","0","0","0","16","POINT (-73.540843 9.201716)"
"18860","Caquetá","Valparaíso","2,024","0","5","0","0","0","0","0","0","5","0","0","1","0","0","0","0","0","0","0","0","0","5","POINT (-75.70671 1.194619)"
"05400","Antioquia","La Unión","2,024","6","2","0","1","0","0","0","8","1","0","0","0","0","0","0","0","0","0","0","0","0","9","POINT (-75.360874 5.973845)"
"50689","Meta","San Martín","2,023","7","5","0","0","0","0","0","10","2","0","0","0","0","0","0","0","0","0","0","0","0","12","POINT (-73.695812 3.701899)"
"05001","Antioquia","Medellín","2,023","711","516","9","0","1","218","493","247","262","17","112","7","0","0","0","0","134","0","0","0","0","1,238","POINT (-75.578661 6.250063)"
"23500","Córdoba","Moñitos","2,023","16","5","0","0","0","8","1","0","12","0","15","1","0","0","0","0","0","0","0","0","0","21","POINT (-76.1291 9.245223)"
"68377","Santander","La Belleza","2,023","3","1","0","0","0","0","0","4","0","0","0","0","0","0","0","0","1","0","0","0","0","4","POINT (-73.965494 5.85925)"
"13894","Bolívar","Zambrano","2,026","52","68","0","0","0","31","84","5","0","0","0","0","0","0","0","0","0","0","0","0","0","120","POINT (-74.813714 9.746985)"
"27001","Chocó","Quibdó","2,026","1,011","1,012","0","0","74","1,400","539","10","0","0","1,876","59","0","0","0","0","5","0","440","0","0","2,023","POINT (-76.626533 5.690997)"
"27073","Chocó","Bagadó","2,026","133","121","0","0","28","177","48","1","0","0","212","42","0","0","0","0","0","0","0","0","0","254","POINT (-76.416063 5.409681)"
"25817","Cundinamarca","Tocancipá","2,026","1","0","0","0","0","0","0","0","1","0","0","0","0","0","0","0","0","0","0","0","0","1","POINT (-73.912091 4.964786)"
"94885","Guainía","La Guadalupe (Anm)","2,024","0","0","0","0","0","0","0","0","0","0","0","0","0","0","0","0","0","0","0","0","0","0","POINT (-66.963692 1.632464)"
"25807","Cundinamarca","Tibirita","2,025","0","0","0","0","0","0","0","0","0","0","0","0","0","0","0","0","0","0","0","0","0","0","POINT (-73.504514 5.052278)"
"05368","Antioquia","Jericó","2,026","0","0","0","0","0","0","0","0","0","0","0","0","0","0","0","0","0","0","0","0","0","0","POINT (-75.785499 5.789748)"
"05649","Antioquia","San Carlos","2,026","0","0","0","0","0","0","0","0","0","0","0","0","0","0","0","0","0","0","0","0","0","0","POINT (-74.987831 6.188449)"
"20032","Cesar","Astrea","2,026","0","0","0","0","0","0","0","0","0","0","0","0","0","0","0","0","0","0","0","0","0","0","POINT (-73.975842 9.498062)"
"25123","Cundinamarca","Cachipay","2,026","0","0","0","0","0","0","0","0","0","0","0","0","0","0","0","0","0","0","0","0","0","0","POINT (-74.435711 4.730957)"
"52240","Nariño","Chachagüí","2,026","0","0","0","0","0","0","0","0","0","0","0","0","0","0","0","0","0","0","0","0","0","0","POINT (-77.281701 1.360328)"
"76275","Valle del Cauca","Florida","2,026","0","0","0","0","0","0","0","0","0","0","0","0","0","0","0","0","0","0","0","0","0","0","POINT (-76.234199 3.324118)"
"76020","Valle del Cauca","Alcalá","2,025","92","113","0","0","0","128","77","0","0","0","6","1","0","0","0","0","6","0","19","0","0","205","POINT (-75.779792 4.674994)"
"25398","Cundinamarca","La Peña","2,025","5","12","0","0","0","0","0","14","3","0","0","0","0","0","0","0","0","0","0","0","0","17","POINT (-74.393089 5.200211)"
"19397","Cauca","La Vega","2,025","163","181","0","0","12","146","184","2","0","0","0","0","0","0","0","0","0","0","344","0","0","344","POINT (-76.779032 2.001109)"
"68298","Santander","Gámbita","2,025","165","159","0","0","31","204","88","1","0","0","0","0","0","0","0","0","1","0","183","0","0","324","POINT (-73.344184 5.945981)"
"05809","Antioquia","Titiribí","2,024","141","149","0","0","1","194","91","4","0","0","0","0","0","0","0","0","0","0","0","0","0","290","POINT (-75.791549 6.06098)"
"18150","Caquetá","Cartagena del Chairá","2,024","290","241","0","0","0","278","228","19","4","2","1","1","0","0","0","0","0","0","0","0","0","531","POINT (-74.841591 1.33621)"
"68190","Santander","Cimitarra","2,024","200","257","0","0","5","195","224","30","3","0","0","0","0","0","0","0","7","0","0","0","0","457","POINT (-73.953011 6.320886)"
"52381","Nariño","La Florida","2,023","7","1","0","0","0","0","1","0","7","0","0","0","0","0","0","0","1","0","0","0","0","8","POINT (-77.407372 1.299257)"
"63001","Quindío","Armenia","2,023","703","439","1","0","32","504","556","27","23","1","5","0","0","0","0","0","1","0","0","0","0","1,143","POINT (-75.680787 4.53598)"
"81736","Arauca","Saravena","2,023","212","150","0","0","108","75","160","9","10","0","2","0","0","0","0","0","2","0","0","0","0","362","POINT (-71.872812 6.953926)"
"86755","Putumayo","San Francisco","2,023","38","36","0","0","0","0","0","65","9","0","1","42","0","0","0","0","5","0","0","0","0","74","POINT (-76.879283 1.174194)"
"27135","Chocó","El Cantón del San Pablo","2,023","4","0","0","0","0","0","0","0","4","0","4","0","0","0","0","0","0","0","0","0","0","4","POINT (-76.726844 5.335321)"
"05031","Antioquia","Amalfi","2,026","125","143","0","0","6","201","61","0","0","0","0","0","0","0","0","0","7","0","84","0","0","268","POINT (-75.082524 6.912305)"
"27600","Chocó","Río Quito","2,023","1","2","0","0","0","0","0","0","3","0","1","0","0","0","0","0","0","0","0","0","0","3","POINT (-76.740684 5.483667)"
"76036","Valle del Cauca","Andalucía","2,023","2","0","0","0","0","0","0","0","2","0","0","0","0","0","0","0","0","0","0","0","0","2","POINT (-76.167925 4.171713)"
"68370","Santander","Jordán","2,025","0","0","0","1","0","0","0","1","0","0","0","0","0","0","0","0","0","0","0","0","0","1","POINT (-73.096053 6.732727)"
"05129","Antioquia","Caldas","2,023","0","0","0","0","0","0","0","0","0","0","0","0","0","0","0","0","0","0","0","0","0","0","POINT (-75.633619 6.091296)"
"25335","Cundinamarca","Guayabetal","2,024","0","0","0","0","0","0","0","0","0","0","0","0","0","0","0","0","0","0","0","0","0","0","POINT (-73.815107 4.215306)"
"91407","Amazonas","La Pedrera (Anm)","2,024","0","0","0","0","0","0","0","0","0","0","0","0","0","0","0","0","0","0","0","0","0","0","POINT (-69.588421 -1.319313)"
"05240","Antioquia","Ebéjico","2,026","0","0","0","0","0","0","0","0","0","0","0","0","0","0","0","0","0","0","0","0","0","0","POINT (-75.764165 6.326128)"
"05541","Antioquia","Peñol","2,026","0","0","0","0","0","0","0","0","0","0","0","0","0","0","0","0","0","0","0","0","0","0","POINT (-75.242693 6.219349)"
"85001","Casanare","Yopal","2,026","0","0","0","0","0","0","0","0","0","0","0","0","0","0","0","0","0","0","0","0","0","0","POINT (-72.394588 5.332863)"
"27580","Chocó","Río Iró","2,025","175","224","0","0","24","165","179","29","2","0","193","206","0","0","0","0","0","0","391","0","0","399","POINT (-76.472925 5.1863)"
"27135","Chocó","El Cantón del San Pablo","2,025","277","272","0","0","2","259","271","15","2","0","549","0","0","0","0","0","0","0","246","0","0","549","POINT (-76.726844 5.335321)"
"63302","Quindío","Génova","2,025","99","89","0","0","18","112","44","9","5","0","3","0","0","0","0","0","5","0","0","0","0","188","POINT (-75.789584 4.207537)"
"44420","La Guajira","La Jagua del Pilar","2,024","17","5","0","0","0","0","0","1","21","0","6","0","0","0","0","0","0","0","0","0","0","22","POINT (-73.071679 10.510214)"
"70418","Sucre","Los Palmitos","2,024","5","2","0","1","0","0","0","7","0","1","0","0","0","0","0","0","0","0","0","0","0","8","POINT (-75.268716 9.380269)"
"15837","Boyacá","Tuta","2,024","102","118","0","0","0","200","14","3","2","1","0","0","0","0","0","0","0","0","0","0","0","220","POINT (-73.225178 5.690906)"
"05819","Antioquia","Toledo","2,023","3","3","0","0","0","0","0","4","2","0","0","0","0","0","0","0","0","0","0","0","0","6","POINT (-75.691442 7.010154)"
"68861","Santander","Vélez","2,023","4","4","0","0","0","0","0","4","1","3","0","0","0","0","0","0","0","0","0","0","0","8","POINT (-73.666299 6.010953)"
"47980","Magdalena","Zona Bananera","2,023","8","1","0","0","0","0","0","4","6","0","2","0","0","0","0","0","0","0","0","0","0","10","POINT (-74.140091 10.763024)"
"27073","Chocó","Bagadó","2,023","143","276","0","0","219","0","0","4","0","196","225","6","0","0","0","0","0","0","0","0","0","419","POINT (-76.416063 5.409681)"
"85410","Casanare","Tauramena","2,023","79","60","1","0","120","0","3","6","11","0","3","0","0","0","0","0","0","0","0","0","0","140","POINT (-72.74662 5.018977)"
"68318","Santander","Guaca","2,023","4","0","0","0","0","0","0","0","4","0","0","0","0","0","0","0","0","0","0","0","0","4","POINT (-72.856322 6.876563)"
"68573","Santander","Puerto Parra","2,023","4","0","0","0","0","0","0","4","0","0","0","0","0","0","0","0","0","0","0","0","0","4","POINT (-74.056129 6.650785)"
"47555","Magdalena","Plato","2,026","242","237","0","0","22","293","161","3","0","0","0","0","0","0","0","0","0","0","120","0","0","479","POINT (-74.784679 9.796769)"
"50683","Meta","San Juan de Arama","2,026","32","28","0","0","1","18","41","0","0","0","0","0","0","0","0","0","0","0","60","0","0","60","POINT (-73.875832 3.373728)"
"52685","Nariño","San Bernardo","2,023","0","1","0","0","0","0","0","0","1","0","0","0","0","0","0","0","0","0","0","0","0","1","POINT (-77.047412 1.514298)"
"05021","Antioquia","Alejandría","2,023","0","0","0","0","0","0","0","0","0","0","0","0","0","0","0","0","0","0","0","0","0","0","POINT (-75.141346 6.376061)"
"52083","Nariño","Belén","2,023","0","0","0","0","0","0","0","0","0","0","0","0","0","0","0","0","0","0","0","0","0","0","POINT (-77.015621 1.595719)"
"15232","Boyacá","Chíquiza","2,025","0","0","0","0","0","0","0","0","0","0","0","0","0","0","0","0","0","0","0","0","0","0","POINT (-73.449463 5.639834)"
"52260","Nariño","El Tambo","2,026","0","0","0","0","0","0","0","0","0","0","0","0","0","0","0","0","0","0","0","0","0","0","POINT (-77.390774 1.407914)"
"68207","Santander","Concepción","2,026","0","0","0","0","0","0","0","0","0","0","0","0","0","0","0","0","0","0","0","0","0","0","POINT (-72.694583 6.768918)"
"19780","Cauca","Suárez","2,025","211","227","0","0","0","184","241","5","8","0","240","38","0","0","0","0","1","0","132","0","0","438","POINT (-76.69357 2.959785)"
"47960","Magdalena","Zapayán","2,024","7","1","0","0","0","0","0","0","8","0","2","0","0","0","0","0","0","0","0","0","0","8","POINT (-74.716878 10.168297)"
"50251","Meta","El Castillo","2,023","5","9","0","0","0","0","4","5","5","0","0","0","0","0","0","0","3","0","0","0","0","14","POINT (-73.794225 3.563907)"
"19548","Cauca","Piendamó - Tunía","2,023","45","22","2","0","0","2","3","31","26","7","8","14","0","0","0","0","1","0","0","0","0","69","POINT (-76.528615 2.64228)"
"15778","Boyacá","Sutatenza","2,024","1","2","0","0","1","0","0","0","2","0","0","0","0","0","0","0","0","0","0","0","0","3","POINT (-73.452317 5.022989)"
"25797","Cundinamarca","Tena","2,026","0","0","0","0","0","0","0","0","0","0","0","0","0","0","0","0","0","0","0","0","0","0","POINT (-74.389193 4.655286)"
"27073","Chocó","Bagadó","2,025","416","375","0","0","57","306","346","82","0","0","535","256","0","0","0","0","0","0","0","0","0","791","POINT (-76.416063 5.409681)"
"08001","Atlántico","Barranquilla","2,024","474","460","0","7","0","274","495","110","47","15","79","1","0","0","0","2","4","0","0","0","0","941","POINT (-74.815324 10.977998)"
"50450","Meta","Puerto Concordia","2,024","189","161","0","0","8","186","135","9","12","0","1","0","0","0","0","0","0","0","0","0","0","350","POINT (-72.760209 2.624006)"
"54128","Norte de Santander","Cáchira","2,026","40","46","0","0","10","50","25","0","1","0","0","0","0","0","0","0","0","0","85","0","0","86","POINT (-73.048983 7.741248)"
"70265","Sucre","Guaranda","2,026","109","99","0","0","0","23","180","5","0","0","0","0","0","0","0","0","0","0","208","0","0","208","POINT (-74.538345 8.464847)"
"25290","Cundinamarca","Fusagasugá","2,026","1","1","0","0","0","0","0","0","2","0","0","1","0","0","0","0","0","0","0","0","0","2","POINT (-74.365398 4.337922)"
"05004","Antioquia","Abriaquí","2,024","1","0","0","0","0","0","0","1","0","0","0","0","0","0","0","0","0","0","0","0","0","1","POINT (-76.064703 6.631806)"
"05318","Antioquia","Guarne","2,024","1","0","0","0","0","0","0","0","1","0","0","0","0","0","0","0","0","0","0","0","0","1","POINT (-75.441612 6.27787)"
"25035","Cundinamarca","Anapoima","2,026","0","1","0","0","0","0","0","0","1","0","0","0","0","0","0","0","0","0","0","0","0","1","POINT (-74.528676 4.562737)"
"50686","Meta","San Juanito","2,026","1","0","0","0","0","0","0","0","1","0","0","0","0","0","0","0","0","0","0","0","0","1","POINT (-73.676699 4.458181)"
"91263","Amazonas","El Encanto (Anm)","2,024","0","0","0","0","0","0","0","0","0","0","0","0","0","0","0","0","0","0","0","0","0","0","POINT (-73.208974 -1.746288)"
"15180","Boyacá","Chiscas","2,026","0","0","0","0","0","0","0","0","0","0","0","0","0","0","0","0","0","0","0","0","0","0","POINT (-72.501162 6.553845)"
"15723","Boyacá","Sativasur","2,026","0","0","0","0","0","0","0","0","0","0","0","0","0","0","0","0","0","0","0","0","0","0","POINT (-72.712435 6.093183)"
"47205","Magdalena","Concordia","2,026","0","0","0","0","0","0","0","0","0","0","0","0","0","0","0","0","0","0","0","0","0","0","POINT (-74.83303 10.257314)"
"68498","Santander","Ocamonte","2,026","0","0","0","0","0","0","0","0","0","0","0","0","0","0","0","0","0","0","0","0","0","0","POINT (-73.122563 6.339988)"
"86755","Putumayo","San Francisco","2,026","0","0","0","0","0","0","0","0","0","0","0","0","0","0","0","0","0","0","0","0","0","0","POINT (-76.879283 1.174194)"
"91460","Amazonas","Mirití - Paraná (Anm)","2,026","0","0","0","0","0","0","0","0","0","0","0","0","0","0","0","0","0","0","0","0","0","0","POINT (-70.98893 -0.888833)"
"66682","Risaralda","Santa Rosa de Cabal","2,025","1,084","942","0","0","62","1,515","440","6","2","1","1","3","0","0","0","0","86","0","21","0","0","2,026","POINT (-75.620171 4.867454)"
"68318","Santander","Guaca","2,025","146","135","0","1","6","176","99","1","0","0","0","0","0","0","0","0","12","0","0","0","0","282","POINT (-72.856322 6.876563)"
"85410","Casanare","Tauramena","2,025","470","488","0","0","133","598","210","4","13","0","0","0","0","0","0","0","6","0","383","0","0","958","POINT (-72.74662 5.018977)"
"25754","Cundinamarca","Soacha","2,024","132","109","0","1","0","98","59","54","30","1","15","0","0","0","0","0","0","0","0","0","0","242","POINT (-74.215456 4.579298)"
"05665","Antioquia","San Pedro de Urabá","2,024","215","199","0","0","1","101","289","21","2","0","0","0","0","0","0","0","0","0","0","0","0","414","POINT (-76.380567 8.276884)"
"05861","Antioquia","Venecia","2,024","2","2","0","0","1","0","0","2","1","0","0","0","0","0","0","0","0","0","0","0","0","4","POINT (-75.735544 5.964693)"
"54743","Norte de Santander","Silos","2,023","15","3","0","0","0","0","0","14","4","0","0","1","0","0","0","0","0","0","0","0","0","18","POINT (-72.757128 7.204736)"
"44378","La Guajira","Hatonuevo","2,023","101","64","0","0","1","65","75","7","17","0","5","21","0","0","0","0","0","0","0","0","0","165","POINT (-72.759043 11.068859)"
"13760","Bolívar","Soplaviento","2,026","175","195","0","0","0","192","171","7","0","0","120","0","0","0","0","0","0","0","120","0","0","370","POINT (-75.136404 10.38839)"
"27430","Chocó","Medio Baudó","2,026","41","58","0","0","6","57","33","3","0","0","0","99","0","0","0","0","0","0","99","0","0","99","POINT (-76.950891 5.192471)"
"41132","Huila","Campoalegre","2,025","178","202","0","0","9","156","188","10","3","14","0","1","0","0","0","0","0","0","95","0","0","380","POINT (-75.325724 2.686757)"
"13655","Bolívar","San Jacinto del Cauca","2,025","246","262","0","0","0","183","311","12","2","0","0","0","0","0","0","0","0","0","508","0","0","508","POINT (-74.721083 8.251599)"
"20310","Cesar","González","2,025","161","166","0","0","15","165","144","1","0","2","0","0","0","0","0","0","0","0","0","0","0","327","POINT (-73.38004 8.389604)"
"68167","Santander","Charalá","2,024","95","97","0","0","1","90","79","17","5","0","0","0","0","0","0","0","9","0","0","0","0","192","POINT (-73.146873 6.284339)"
"25286","Cundinamarca","Funza","2,024","19","12","0","0","0","0","0","20","11","0","1","0","0","0","0","0","0","0","0","0","0","31","POINT (-74.211525 4.712763)"
"19142","Cauca","Caloto","2,023","149","133","0","0","255","2","1","7","13","4","45","25","0","0","0","0","0","0","0","0","0","282","POINT (-76.408941 3.034531)"
"88564","Archipiélago de San Andrés, Providencia y Santa Catalina","Providencia","2,023","110","101","0","0","211","0","0","0","0","0","211","0","0","0","0","0","0","0","0","0","0","211","POINT (-81.370912 13.3701)"
"17388","Caldas","La Merced","2,024","2","1","0","0","1","0","0","2","0","0","0","0","0","0","0","0","0","0","0","0","0","3","POINT (-75.547853 5.394867)"
"76036","Valle del Cauca","Andalucía","2,025","1","1","0","0","0","0","0","0","2","0","1","0","0","0","0","0","0","0","0","0","0","2","POINT (-76.167925 4.171713)"
"50270","Meta","El Dorado","2,024","0","1","0","0","0","0","0","0","1","0","0","0","0","0","0","0","0","0","0","0","0","1","POINT (-73.835264 3.739984)"
"25758","Cundinamarca","Sopó","2,026","0","1","0","0","0","0","0","0","1","0","0","0","0","0","0","0","0","0","1","0","0","1","POINT (-73.945775 4.906331)"
"15621","Boyacá","Rondón","2,024","0","0","0","0","0","0","0","0","0","0","0","0","0","0","0","0","0","0","0","0","0","0","POINT (-73.208474 5.357378)"
"68867","Santander","Vetas","2,024","0","0","0","0","0","0","0","0","0","0","0","0","0","0","0","0","0","0","0","0","0","0","POINT (-72.871041 7.30981)"
"15491","Boyacá","Nobsa","2,026","0","0","0","0","0","0","0","0","0","0","0","0","0","0","0","0","0","0","0","0","0","0","POINT (-72.939853 5.771043)"
"15720","Boyacá","Sativanorte","2,026","0","0","0","0","0","0","0","0","0","0","0","0","0","0","0","0","0","0","0","0","0","0","POINT (-72.708458 6.131132)"
"20621","Cesar","La Paz","2,026","0","0","0","0","0","0","0","0","0","0","0","0","0","0","0","0","0","0","0","0","0","0","POINT (-73.171365 10.387552)"
"27250","Chocó","El Litoral del San Juan","2,026","0","0","0","0","0","0","0","0","0","0","0","0","0","0","0","0","0","0","0","0","0","0","POINT (-77.35989 4.256823)"
"27361","Chocó","Istmina","2,025","2,249","2,123","0","0","100","2,125","2,030","95","20","2","3,995","361","0","0","0","0","17","0","1,623","0","0","4,372","POINT (-76.68518 5.153946)"
"25594","Cundinamarca","Quetame","2,025","11","0","0","0","0","0","0","3","7","1","1","1","1","0","0","0","0","0","0","0","0","11","POINT (-73.863214 4.329884)"
"70124","Sucre","Caimito","2,025","4","29","0","0","0","0","0","24","9","0","0","0","0","0","0","0","0","0","0","0","0","33","POINT (-75.117141 8.789324)"
"47980","Magdalena","Zona Bananera","2,025","792","686","0","0","6","475","961","31","4","1","2","1","0","0","0","0","1","0","284","0","0","1,478","POINT (-74.140091 10.763024)"
"23300","Córdoba","Cotorra","2,024","242","246","0","0","15","178","285","3","6","1","0","485","0","0","0","0","0","0","0","0","0","488","POINT (-75.799216 9.037163)"
"05475","Antioquia","Murindó","2,024","7","5","0","0","0","0","3","0","9","0","9","0","0","0","0","0","0","0","0","0","0","12","POINT (-76.817485 6.97771)"
"76736","Valle del Cauca","Sevilla","2,024","5","5","0","0","0","0","0","7","2","1","0","0","0","0","0","0","0","0","0","0","0","10","POINT (-75.930941 4.267033)"
"81794","Arauca","Tame","2,024","304","291","0","0","0","360","222","13","0","0","0","0","0","0","0","0","0","0","0","0","0","595","POINT (-71.75892 6.450575)"
"41799","Huila","Tello","2,024","20","20","0","0","0","0","36","3","1","0","0","2","0","0","0","0","1","0","0","0","0","40","POINT (-75.138773 3.067538)"
"19780","Cauca","Suárez","2,023","112","92","0","0","0","0","0","0","0","204","87","16","0","0","0","0","0","0","0","0","0","204","POINT (-76.69357 2.959785)"
"85001","Casanare","Yopal","2,023","419","410","0","0","470","84","244","21","11","0","1","0","0","0","0","0","4","0","0","0","0","830","POINT (-72.394588 5.332863)"
"81736","Arauca","Saravena","2,026","191","191","0","0","15","266","99","0","2","0","6","0","0","0","0","0","1","0","143","0","0","382","POINT (-71.872812 6.953926)"
"73026","Tolima","Alvarado","2,023","2","0","0","0","0","0","0","2","0","0","0","0","0","0","0","0","0","0","0","0","0","2","POINT (-74.953418 4.567356)"
"47460","Magdalena","Nueva Granada","2,026","1","0","0","0","0","0","0","0","1","0","0","0","0","0","0","0","0","0","0","0","0","1","POINT (-74.391841 9.80186)"
"91669","Amazonas","Puerto Santander (Anm)","2,023","0","0","0","0","0","0","0","0","0","0","0","0","0","0","0","0","0","0","0","0","0","0","POINT (-72.384213 -0.621184)"
"15114","Boyacá","Busbanzá","2,024","0","0","0","0","0","0","0","0","0","0","0","0","0","0","0","0","0","0","0","0","0","0","POINT (-72.884158 5.831393)"
"15212","Boyacá","Coper","2,024","0","0","0","0","0","0","0","0","0","0","0","0","0","0","0","0","0","0","0","0","0","0","POINT (-74.045636 5.475074)"
"25322","Cundinamarca","Guasca","2,024","0","0","0","0","0","0","0","0","0","0","0","0","0","0","0","0","0","0","0","0","0","0","POINT (-73.877143 4.866719)"
"68013","Santander","Aguada","2,024","0","0","0","0","0","0","0","0","0","0","0","0","0","0","0","0","0","0","0","0","0","0","POINT (-73.523187 6.162157)"
"13580","Bolívar","Regidor","2,025","0","0","0","0","0","0","0","0","0","0","0","0","0","0","0","0","0","0","0","0","0","0","POINT (-73.821638 8.666258)"
"05044","Antioquia","Anzá","2,026","0","0","0","0","0","0","0","0","0","0","0","0","0","0","0","0","0","0","0","0","0","0","POINT (-75.854442 6.302641)"
"18753","Caquetá","San Vicente del Caguán","2,026","0","0","0","0","0","0","0","0","0","0","0","0","0","0","0","0","0","0","0","0","0","0","POINT (-74.766451 2.11965)"
"52224","Nariño","Cuaspud Carlosama","2,026","0","0","0","0","0","0","0","0","0","0","0","0","0","0","0","0","0","0","0","0","0","0","POINT (-77.728947 0.862978)"
"68655","Santander","Sabana de Torres","2,026","0","0","0","0","0","0","0","0","0","0","0","0","0","0","0","0","0","0","0","0","0","0","POINT (-73.49906 7.391919)"
"44090","La Guajira","Dibulla","2,025","576","501","0","0","5","635","408","10","19","0","179","189","0","0","0","0","0","0","139","0","0","1,077","POINT (-73.307598 11.27155)"
"50568","Meta","Puerto Gaitán","2,025","321","348","0","0","0","535","112","14","4","4","14","14","1","0","0","0","13","0","118","0","0","669","POINT (-72.085275 4.315025)"
"50313","Meta","Granada","2,025","1,049","1,071","0","0","128","1,322","654","6","10","0","0","2","0","0","0","0","13","0","193","0","0","2,120","POINT (-73.712572 3.551865)"
"54239","Norte de Santander","Durania","2,025","3","1","0","0","0","0","0","0","4","0","0","0","0","0","0","0","0","0","2","0","0","4","POINT (-72.658491 7.714804)"
"05858","Antioquia","Vegachí","2,024","2","10","0","0","0","0","0","5","7","0","2","0","0","0","0","0","0","0","0","0","0","12","POINT (-74.798714 6.773525)"
"15176","Boyacá","Chiquinquirá","2,024","47","42","0","0","0","1","77","7","3","1","0","0","0","0","0","0","1","0","0","0","0","89","POINT (-73.818745 5.61379)"
"25326","Cundinamarca","Guatavita","2,023","2","4","1","0","0","1","0","3","3","0","0","0","0","0","0","0","0","0","0","0","0","7","POINT (-73.832893 4.934214)"
"76622","Valle del Cauca","Roldanillo","2,023","9","4","0","0","0","0","0","13","0","1","0","0","0","0","0","0","0","0","0","0","0","14","POINT (-76.152277 4.413601)"
"08849","Atlántico","Usiacurí","2,023","10","6","0","0","0","9","0","6","1","0","0","5","0","0","0","0","0","0","0","0","0","16","POINT (-74.976985 10.74298)"
"52240","Nariño","Chachagüí","2,023","4","0","0","0","0","0","0","1","3","0","0","0","0","0","0","0","0","0","0","0","0","4","POINT (-77.281701 1.360328)"
"41548","Huila","Pital","2,026","47","56","0","0","0","89","14","0","0","0","0","11","0","0","0","0","2","0","103","0","0","103","POINT (-75.805174 2.26752)"
"70713","Sucre","San Onofre","2,026","203","183","0","0","0","157","223","6","0","0","380","0","0","0","0","0","0","0","281","0","0","386","POINT (-75.522398 9.736955)"
"76020","Valle del Cauca","Alcalá","2,023","0","1","0","0","0","0","0","0","0","1","0","0","0","0","0","0","0","0","0","0","0","1","POINT (-75.779792 4.674994)"
"85315","Casanare","Sácama","2,025","1","0","0","0","0","0","0","0","1","0","0","0","0","0","0","0","0","0","0","0","0","1","POINT (-72.250157 6.096738)"
"25398","Cundinamarca","La Peña","2,023","0","0","0","0","0","0","0","0","0","0","0","0","0","0","0","0","0","0","0","0","0","0","POINT (-74.393089 5.200211)"
"25653","Cundinamarca","San Cayetano","2,023","0","0","0","0","0","0","0","0","0","0","0","0","0","0","0","0","0","0","0","0","0","0","POINT (-74.024754 5.332938)"
"97777","Vaupés","Papunahua (Anm)","2,024","0","0","0","0","0","0","0","0","0","0","0","0","0","0","0","0","0","0","0","0","0","0","POINT (-70.761467 1.907574)"
"15638","Boyacá","Sáchica","2,025","0","0","0","0","0","0","0","0","0","0","0","0","0","0","0","0","0","0","0","0","0","0","POINT (-73.542539 5.584305)"
"17513","Caldas","Pácora","2,026","0","0","0","0","0","0","0","0","0","0","0","0","0","0","0","0","0","0","0","0","0","0","POINT (-75.459621 5.527172)"
"25483","Cundinamarca","Nariño","2,026","0","0","0","0","0","0","0","0","0","0","0","0","0","0","0","0","0","0","0","0","0","0","POINT (-74.824732 4.399837)"
"05001","Antioquia","Medellín","2,025","1,603","1,820","1","22","42","1,792","1,331","118","160","3","31","4","0","0","0","0","50","0","7","0","0","3,446","POINT (-75.578661 6.250063)"
"76563","Valle del Cauca","Pradera","2,025","238","255","0","0","5","250","203","7","23","5","102","18","0","0","0","0","4","0","5","0","0","493","POINT (-76.241832 3.419847)"
"23500","Córdoba","Moñitos","2,025","204","226","0","0","7","377","41","0","3","2","422","0","0","0","0","0","0","0","158","0","0","430","POINT (-76.1291 9.245223)"
"68547","Santander","Piedecuesta","2,025","2,656","2,566","0","0","54","3,716","1,380","43","25","4","1","0","0","0","0","0","101","0","231","0","0","5,222","POINT (-73.054493 6.997272)"
"20621","Cesar","La Paz","2,025","379","344","0","0","0","408","307","0","7","1","2","0","0","0","0","0","7","0","0","0","0","723","POINT (-73.171365 10.387552)"
"25339","Cundinamarca","Gutiérrez","2,025","4","1","0","0","0","0","0","0","5","0","0","0","0","0","0","0","0","0","2","0","0","5","POINT (-74.003042 4.254679)"
"68573","Santander","Puerto Parra","2,025","391","399","0","0","40","364","376","9","1","0","0","0","0","0","0","0","0","0","310","0","0","790","POINT (-74.056129 6.650785)"
"76890","Valle del Cauca","Yotoco","2,025","50","51","0","0","8","88","4","0","1","0","0","0","0","0","0","0","0","0","100","0","0","101","POINT (-76.382698 3.861241)"
"85279","Casanare","Recetor","2,025","10","3","0","0","0","0","7","1","4","1","0","0","0","0","0","0","1","0","1","0","0","13","POINT (-72.760991 5.229181)"
"19256","Cauca","El Tambo","2,024","126","134","0","0","0","10","213","23","11","3","4","23","0","0","0","0","1","0","0","0","0","260","POINT (-76.810911 2.451409)"
"52354","Nariño","Imués","2,024","5","4","0","0","0","0","0","3","4","2","0","0","0","0","0","0","0","0","0","0","0","9","POINT (-77.496063 1.054815)"
"68615","Santander","Rionegro","2,024","241","287","0","0","31","281","211","5","0","0","0","0","0","0","0","0","0","0","0","0","0","528","POINT (-73.150147 7.26501)"
"52256","Nariño","El Rosario","2,024","97","93","0","0","2","97","82","8","1","0","0","0","0","0","0","0","0","0","0","0","0","190","POINT (-77.334566 1.742476)"
"70670","Sucre","Sampués","2,024","5","2","0","0","0","0","0","7","0","0","0","1","0","0","0","0","0","0","0","0","0","7","POINT (-75.380119 9.183271)"
"25807","Cundinamarca","Tibirita","2,023","6","0","0","0","0","0","0","0","6","0","0","0","0","0","0","0","0","0","0","0","0","6","POINT (-73.504514 5.052278)"
"44090","La Guajira","Dibulla","2,023","93","105","0","0","1","29","145","18","5","0","3","5","0","0","0","0","0","0","0","0","0","198","POINT (-73.307598 11.27155)"
"15507","Boyacá","Otanche","2,023","2","1","0","0","0","0","0","3","0","0","0","0","0","0","0","0","0","0","0","0","0","3","POINT (-74.180965 5.657536)"
"05842","Antioquia","Uramita","2,023","2","0","0","0","0","0","0","0","2","0","0","0","0","0","0","0","2","0","0","0","0","2","POINT (-76.173284 6.898393)"
"05142","Antioquia","Caracolí","2,023","1","0","0","0","0","0","0","0","1","0","0","0","0","0","0","0","0","0","0","0","0","1","POINT (-74.757421 6.409829)"
"15814","Boyacá","Toca","2,024","0","0","0","0","0","0","0","0","0","0","0","0","0","0","0","0","0","0","0","0","0","0","POINT (-73.184794 5.566464)"
"25368","Cundinamarca","Jerusalén","2,024","0","0","0","0","0","0","0","0","0","0","0","0","0","0","0","0","0","0","0","0","0","0","POINT (-74.695474 4.562273)"
"05819","Antioquia","Toledo","2,025","0","0","0","0","0","0","0","0","0","0","0","0","0","0","0","0","0","0","0","0","0","0","POINT (-75.691442 7.010154)"
"08296","Atlántico","Galapa","2,026","0","0","0","0","0","0","0","0","0","0","0","0","0","0","0","0","0","0","0","0","0","0","POINT (-74.866938 10.919641)"
"68079","Santander","Barichara","2,025","20","7","0","6","0","0","1","11","20","1","1","1","0","0","0","0","0","0","5","0","0","33","POINT (-73.223047 6.634111)"
"27050","Chocó","Atrato","2,025","248","233","0","0","1","224","239","15","2","0","473","8","0","0","0","0","0","0","218","0","0","481","POINT (-76.635674 5.531419)"
"85230","Casanare","Orocué","2,025","725","727","0","1","129","614","685","23","2","0","0","279","0","0","0","0","13","0","289","0","0","1,453","POINT (-71.338533 4.790258)"
"25473","Cundinamarca","Mosquera","2,025","430","481","0","0","54","806","43","1","7","0","0","1","0","0","0","0","18","0","4","0","0","911","POINT (-74.231775 4.711371)"
"76828","Valle del Cauca","Trujillo","2,025","83","91","0","0","0","35","138","1","0","0","0","0","0","0","0","0","2","0","0","0","0","174","POINT (-76.318818 4.212037)"
"05642","Antioquia","Salgar","2,024","123","109","0","0","0","51","175","4","2","0","6","0","0","0","0","0","0","0","0","0","0","232","POINT (-75.982237 5.965817)"
"15248","Boyacá","El Espino","2,024","13","2","0","0","0","0","0","3","12","0","0","0","0","0","0","0","12","0","0","0","0","15","POINT (-72.497007 6.483027)"
"05040","Antioquia","Anorí","2,024","463","407","0","0","18","748","100","2","2","0","3","0","0","0","0","0","1","0","0","0","0","870","POINT (-75.148355 7.074703)"
"52390","Nariño","La Tola","2,024","121","91","0","0","0","5","177","13","14","3","202","0","0","0","0","0","0","0","0","0","0","212","POINT (-78.189821 2.399689)"
"18592","Caquetá","Puerto Rico","2,024","119","114","0","0","3","86","125","5","14","0","1","0","0","0","0","0","0","0","0","0","0","233","POINT (-75.157544 1.909071)"
"05138","Antioquia","Cañasgordas","2,024","267","289","0","1","0","304","240","13","0","0","0","0","0","0","0","0","0","0","0","0","0","557","POINT (-76.03221 6.759478)"
"05649","Antioquia","San Carlos","2,023","43","8","0","0","2","23","5","6","9","6","0","0","0","0","0","0","0","0","0","0","0","51","POINT (-74.987831 6.188449)"
"18756","Caquetá","Solano","2,023","28","43","0","0","0","0","5","62","3","1","0","45","1","0","0","0","0","0","0","0","0","71","POINT (-75.253702 0.699077)"
"68121","Santander","Cabrera","2,024","3","0","0","0","0","0","0","0","3","0","0","0","0","0","0","0","0","0","0","0","0","3","POINT (-73.246475 6.592118)"
"76111","Valle del Cauca","Guadalajara de Buga","2,024","1","2","0","0","0","0","0","0","3","0","0","0","0","0","0","0","0","0","0","0","0","3","POINT (-76.298979 3.900736)"
"25123","Cundinamarca","Cachipay","2,023","0","1","0","0","0","0","0","0","1","0","0","0","0","0","0","0","0","0","0","0","0","1","POINT (-74.435711 4.730957)"
"50110","Meta","Barranca de Upía","2,025","1","0","0","0","0","0","0","1","0","0","0","0","0","0","0","0","0","0","0","0","0","1","POINT (-72.961083 4.566225)"
"25326","Cundinamarca","Guatavita","2,026","0","1","0","0","0","0","0","1","0","0","0","0","0","0","0","0","0","0","1","0","0","1","POINT (-73.832893 4.934214)"
"15723","Boyacá","Sativasur","2,025","0","0","0","0","0","0","0","0","0","0","0","0","0","0","0","0","0","0","0","0","0","0","POINT (-72.712435 6.093183)"
"50251","Meta","El Castillo","2,026","0","0","0","0","0","0","0","0","0","0","0","0","0","0","0","0","0","0","0","0","0","0","POINT (-73.794225 3.563907)"
"66440","Risaralda","Marsella","2,026","0","0","0","0","0","0","0","0","0","0","0","0","0","0","0","0","0","0","0","0","0","0","POINT (-75.738576 4.935559)"
"68318","Santander","Guaca","2,026","0","0","0","0","0","0","0","0","0","0","0","0","0","0","0","0","0","0","0","0","0","0","POINT (-72.856322 6.876563)"
"15759","Boyacá","Sogamoso","2,025","994","1,197","0","1","146","1,566","444","16","19","1","0","0","0","0","0","0","15","0","3","0","0","2,192","POINT (-72.9231 5.725677)"
"18785","Caquetá","Solita","2,024","26","25","0","0","4","14","26","3","4","0","0","0","0","0","0","0","0","0","0","0","0","51","POINT (-75.619902 0.87654)"
"19701","Cauca","Santa Rosa","2,024","8","4","0","0","0","0","0","2","10","0","1","0","0","0","0","0","0","0","0","0","0","12","POINT (-76.573252 1.700916)"
"05390","Antioquia","La Pintada","2,024","160","168","0","0","0","56","233","35","4","0","0","0","0","0","0","0","0","0","0","0","0","328","POINT (-75.60781 5.743808)"
"68229","Santander","Curití","2,024","430","379","0","0","15","595","180","12","7","0","0","0","0","0","0","0","5","0","0","0","0","809","POINT (-73.069388 6.605102)"
"68432","Santander","Málaga","2,024","539","477","0","0","1","356","629","23","6","1","0","0","0","0","0","0","50","0","0","0","0","1,016","POINT (-72.732089 6.703081)"
"54520","Norte de Santander","Pamplonita","2,024","243","309","0","0","7","191","317","25","12","0","0","1","0","0","0","0","6","0","0","0","0","552","POINT (-72.63925 7.436775)"
"54003","Norte de Santander","Ábrego","2,024","135","128","0","0","12","125","111","5","9","1","0","1","0","0","0","0","1","0","0","0","0","263","POINT (-73.221722 8.081616)"
"08675","Atlántico","Santa Lucía","2,024","3","1","0","0","0","0","0","3","1","0","2","0","0","0","0","0","0","0","0","0","0","4","POINT (-74.958971 10.323273)"
"19760","Cauca","Sotará Paispamba","2,024","2","2","0","0","0","0","0","3","1","0","0","0","0","0","0","0","0","0","0","0","0","4","POINT (-76.613365 2.253156)"
"05541","Antioquia","Peñol","2,023","4","0","1","0","0","0","0","4","1","0","0","0","0","0","0","0","0","0","0","0","0","5","POINT (-75.242693 6.219349)"
"08296","Atlántico","Galapa","2,023","71","54","0","0","0","77","31","6","8","3","16","3","0","0","0","0","2","0","0","0","0","125","POINT (-74.866938 10.919641)"
"05129","Antioquia","Caldas","2,026","295","303","0","0","5","495","98","0","0","0","0","0","0","0","0","0","22","0","33","0","0","598","POINT (-75.633619 6.091296)"
"27600","Chocó","Río Quito","2,026","143","167","0","0","0","106","194","10","0","0","293","17","0","0","0","0","0","0","310","0","0","310","POINT (-76.740684 5.483667)"
"17444","Caldas","Marquetalia","2,023","2","0","0","0","0","0","0","2","0","0","0","0","0","0","0","0","0","0","0","0","0","2","POINT (-75.053097 5.297525)"
"05145","Antioquia","Caramanta","2,025","0","1","0","0","0","0","0","1","0","0","0","0","0","0","0","0","0","0","0","0","0","1","POINT (-75.643868 5.54853)"
"05649","Antioquia","San Carlos","2,025","1","0","0","0","0","0","0","1","0","0","0","0","0","0","0","0","0","0","1","0","0","1","POINT (-74.987831 6.188449)"
"25123","Cundinamarca","Cachipay","2,025","1","0","0","0","0","0","0","0","1","0","0","0","0","0","0","0","0","0","0","0","0","1","POINT (-74.435711 4.730957)"
"05240","Antioquia","Ebéjico","2,023","0","0","0","0","0","0","0","0","0","0","0","0","0","0","0","0","0","0","0","0","0","0","POINT (-75.764165 6.326128)"
"25224","Cundinamarca","Cucunubá","2,024","0","0","0","0","0","0","0","0","0","0","0","0","0","0","0","0","0","0","0","0","0","0","POINT (-73.766113 5.249795)"
"52381","Nariño","La Florida","2,026","0","0","0","0","0","0","0","0","0","0","0","0","0","0","0","0","0","0","0","0","0","0","POINT (-77.407372 1.299257)"
"27495","Chocó","Nuquí","2,025","111","218","0","0","21","111","147","50","0","0","0","231","0","0","0","0","77","0","231","0","0","329","POINT (-77.265614 5.708753)"
"05240","Antioquia","Ebéjico","2,025","6","0","0","0","0","0","0","1","5","0","0","0","0","0","0","0","0","0","0","0","0","6","POINT (-75.764165 6.326128)"
"15664","Boyacá","San José de Pare","2,025","4","3","0","0","0","0","0","0","7","0","0","0","0","0","0","0","2","0","0","0","0","7","POINT (-73.545397 6.018924)"
"47545","Magdalena","Pijiño del Carmen","2,025","379","424","0","0","135","323","336","8","1","0","0","0","0","0","0","0","1","0","328","0","0","803","POINT (-74.459257 9.334376)"
"17444","Caldas","Marquetalia","2,025","304","343","0","0","31","356","251","9","0","0","0","0","0","0","0","0","1","0","8","0","0","647","POINT (-75.053097 5.297525)"
"52233","Nariño","Cumbitara","2,024","14","1","0","0","1","8","4","2","0","0","1","0","0","0","0","0","0","0","0","0","0","15","POINT (-77.578616 1.647163)"
"19050","Cauca","Argelia","2,024","4","5","0","0","0","0","0","4","2","3","0","0","0","0","0","0","1","0","0","0","0","9","POINT (-77.24905 2.257427)"
"73585","Tolima","Purificación","2,024","176","181","0","0","0","232","116","4","5","0","0","50","0","0","0","0","12","0","0","0","0","357","POINT (-74.936989 3.853147)"
"25430","Cundinamarca","Madrid","2,024","9","6","0","0","0","0","0","10","4","1","0","0","0","0","0","0","1","0","0","0","0","15","POINT (-74.265385 4.732802)"
"19809","Cauca","Timbiquí","2,024","159","154","0","5","3","118","161","29","7","0","308","7","0","0","0","1","0","0","0","0","0","318","POINT (-77.667541 2.777312)"
"52835","Nariño","San Andrés de Tumaco","2,024","966","1,026","0","6","15","826","805","208","125","19","1,490","145","0","0","0","0","55","0","0","0","0","1,998","POINT (-78.764073 1.807399)"
"66001","Risaralda","Pereira","2,024","369","476","0","3","0","302","491","38","15","2","11","1","0","0","0","0","10","0","0","0","0","848","POINT (-75.71715 4.805492)"
"05282","Antioquia","Fredonia","2,024","3","2","0","0","0","0","0","3","1","1","0","0","0","0","0","0","0","0","0","0","0","5","POINT (-75.670453 5.924363)"
"25483","Cundinamarca","Nariño","2,023","6","0","0","0","0","0","0","0","6","0","0","0","0","0","0","0","0","0","0","0","0","6","POINT (-74.824732 4.399837)"
"25797","Cundinamarca","Tena","2,023","4","1","0","0","0","0","0","0","3","2","1","0","0","0","0","0","0","0","0","0","0","5","POINT (-74.389193 4.655286)"
"73854","Tolima","Valle de San Juan","2,023","4","1","0","0","0","0","0","1","4","0","0","0","0","0","0","0","0","0","0","0","0","5","POINT (-75.115669 4.197494)"
"13894","Bolívar","Zambrano","2,023","93","83","0","0","1","11","141","15","7","1","2","3","0","0","0","0","0","0","0","0","0","176","POINT (-74.813714 9.746985)"
"27001","Chocó","Quibdó","2,023","330","265","0","0","0","156","301","116","22","2","553","7","0","0","0","0","2","0","0","0","0","597","POINT (-76.626533 5.690997)"
"70713","Sucre","San Onofre","2,023","112","95","0","0","1","62","89","22","27","6","181","2","0","0","0","0","3","0","0","0","0","207","POINT (-75.522398 9.736955)"
"76275","Valle del Cauca","Florida","2,023","290","290","0","0","0","363","179","18","19","1","540","8","0","0","0","0","5","0","0","0","0","580","POINT (-76.234199 3.324118)"
"05034","Antioquia","Andes","2,026","96","117","0","0","9","173","30","0","1","0","0","0","0","0","0","0","24","0","138","0","0","213","POINT (-75.878828 5.657194)"
"19548","Cauca","Piendamó - Tunía","2,026","245","309","0","0","0","214","339","1","0","0","1","11","0","0","0","0","2","0","320","0","0","554","POINT (-76.528615 2.64228)"
"25875","Cundinamarca","Villeta","2,024","0","1","0","0","0","0","0","0","1","0","0","0","0","0","0","0","0","0","0","0","0","1","POINT (-74.469686 5.012754)"
"20032","Cesar","Astrea","2,023","0","0","0","0","0","0","0","0","0","0","0","0","0","0","0","0","0","0","0","0","0","0","POINT (-73.975842 9.498062)"
"68324","Santander","Guavatá","2,024","0","0","0","0","0","0","0","0","0","0","0","0","0","0","0","0","0","0","0","0","0","0","POINT (-73.700906 5.954348)"
"05237","Antioquia","Donmatías","2,026","0","0","0","0","0","0","0","0","0","0","0","0","0","0","0","0","0","0","0","0","0","0","POINT (-75.39263 6.485603)"
"76622","Valle del Cauca","Roldanillo","2,026","0","0","0","0","0","0","0","0","0","0","0","0","0","0","0","0","0","0","0","0","0","0","POINT (-76.152277 4.413601)"
"76275","Valle del Cauca","Florida","2,025","136","85","0","12","19","70","122","12","10","0","63","25","0","0","0","0","2","0","0","0","0","233","POINT (-76.234199 3.324118)"
"18756","Caquetá","Solano","2,025","79","73","0","0","7","62","73","4","5","1","0","9","0","0","0","0","2","0","141","0","0","152","POINT (-75.253702 0.699077)"
"88564","Archipiélago de San Andrés, Providencia y Santa Catalina","Providencia","2,025","124","121","0","0","1","106","118","2","18","0","114","0","0","0","0","0","1","0","5","0","0","245","POINT (-81.370912 13.3701)"
"54720","Norte de Santander","Sardinata","2,025","375","363","0","0","15","327","389","7","0","0","0","0","0","0","0","0","5","0","392","0","0","738","POINT (-72.800577 8.082105)"
"76520","Valle del Cauca","Palmira","2,024","18","2","0","2","0","0","0","9","12","1","5","0","0","0","0","2","0","0","0","0","0","22","POINT (-76.298568 3.532355)"
"54206","Norte de Santander","Convención","2,024","538","522","0","0","19","542","465","26","8","0","0","5","0","0","0","0","27","0","0","0","0","1,060","POINT (-73.3372 8.470374)"
"52786","Nariño","Taminango","2,024","188","180","0","0","0","120","228","18","2","0","0","0","0","0","0","0","0","0","0","0","0","368","POINT (-77.2808 1.570358)"
"13688","Bolívar","Santa Rosa del Sur","2,023","4","1","1","0","0","0","0","3","2","1","0","0","0","0","0","0","0","0","0","0","0","6","POINT (-74.052943 7.963626)"
"54128","Norte de Santander","Cáchira","2,023","5","1","0","0","0","0","0","3","3","0","0","0","0","0","0","0","0","0","0","0","0","6","POINT (-73.048983 7.741248)"
"52250","Nariño","El Charco","2,023","13","10","0","0","0","0","5","11","6","1","13","0","0","0","0","0","0","0","0","0","0","23","POINT (-78.109865 2.477545)"
"54874","Norte de Santander","Villa del Rosario","2,023","385","128","1","0","0","64","93","141","214","2","11","3","0","0","0","0","31","0","0","0","0","514","POINT (-72.470277 7.847757)"
"19355","Cauca","Inzá","2,026","246","281","0","0","44","278","181","24","0","0","0","198","0","0","0","0","8","0","114","0","0","527","POINT (-76.063503 2.549183)"
"13838","Bolívar","Turbana","2,024","1","2","0","0","0","0","0","2","1","0","0","0","0","0","0","0","0","0","0","0","0","3","POINT (-75.44265 10.274585)"
"50686","Meta","San Juanito","2,023","2","0","0","0","0","0","0","0","2","0","0","0","0","0","0","0","0","0","0","0","0","2","POINT (-73.676699 4.458181)"
"15723","Boyacá","Sativasur","2,023","0","0","0","0","0","0","0","0","0","0","0","0","0","0","0","0","0","0","0","0","0","0","POINT (-72.712435 6.093183)"
"94888","Guainía","Morichal (Anm)","2,024","0","0","0","0","0","0","0","0","0","0","0","0","0","0","0","0","0","0","0","0","0","0","POINT (-69.919404 2.265132)"
"25120","Cundinamarca","Cabrera","2,026","0","0","0","0","0","0","0","0","0","0","0","0","0","0","0","0","0","0","0","0","0","0","POINT (-74.484144 3.984615)"
"44090","La Guajira","Dibulla","2,026","0","0","0","0","0","0","0","0","0","0","0","0","0","0","0","0","0","0","0","0","0","0","POINT (-73.307598 11.27155)"
"73275","Tolima","Flandes","2,026","0","0","0","0","0","0","0","0","0","0","0","0","0","0","0","0","0","0","0","0","0","0","POINT (-74.818754 4.276387)"
"85263","Casanare","Pore","2,026","0","0","0","0","0","0","0","0","0","0","0","0","0","0","0","0","0","0","0","0","0","0","POINT (-71.99286 5.72773)"
"85001","Casanare","Yopal","2,025","2,391","2,343","0","2","316","2,723","1,633","48","12","4","0","0","0","0","0","0","67","0","744","0","0","4,736","POINT (-72.394588 5.332863)"
"73026","Tolima","Alvarado","2,025","271","289","0","0","34","378","133","3","12","0","0","0","0","0","0","0","1","0","117","0","0","560","POINT (-74.953418 4.567356)"
"15507","Boyacá","Otanche","2,025","103","105","0","0","1","156","42","5","3","1","0","0","0","0","0","0","0","0","1","0","0","208","POINT (-74.180965 5.657536)"
"73873","Tolima","Villarrica","2,024","3","9","0","0","0","1","4","3","4","0","0","0","0","0","0","0","1","0","0","0","0","12","POINT (-74.600341 3.936729)"
"15464","Boyacá","Mongua","2,024","5","4","0","0","0","0","0","3","5","1","1","1","0","0","0","0","0","0","0","0","0","9","POINT (-72.79809 5.754242)"
"17486","Caldas","Neira","2,024","285","317","0","0","5","429","157","11","0","0","0","3","0","0","0","0","0","0","0","0","0","602","POINT (-75.519886 5.166799)"
"13442","Bolívar","María la Baja","2,024","225","190","0","0","0","116","246","43","9","1","308","0","0","0","0","0","0","0","0","0","0","415","POINT (-75.300528 9.982441)"
"25718","Cundinamarca","Sasaima","2,024","3","1","0","0","0","0","0","1","3","0","0","0","0","0","0","0","0","0","0","0","0","4","POINT (-74.432628 4.962167)"
"20621","Cesar","La Paz","2,023","8","9","0","0","0","1","1","7","7","1","1","0","0","0","0","0","0","0","0","0","0","17","POINT (-73.171365 10.387552)"
"66682","Risaralda","Santa Rosa de Cabal","2,023","10","6","0","0","0","0","0","10","6","0","1","0","0","0","0","0","8","0","0","0","0","16","POINT (-75.620171 4.867454)"
"27361","Chocó","Istmina","2,023","264","393","0","0","374","72","71","7","3","130","353","12","0","0","0","0","0","0","0","0","0","657","POINT (-76.68518 5.153946)"
"68547","Santander","Piedecuesta","2,023","93","79","0","0","0","114","28","10","20","0","0","17","0","0","0","0","1","0","0","0","0","172","POINT (-73.054493 6.997272)"
"85325","Casanare","San Luis de Palenque","2,023","28","19","0","0","46","0","1","0","0","0","0","0","0","0","0","0","0","0","0","0","0","47","POINT (-71.731853 5.421013)"
"70124","Sucre","Caimito","2,023","4","0","0","0","0","0","0","4","0","0","0","0","0","0","0","0","0","0","0","0","0","4","POINT (-75.117141 8.789324)"
"05250","Antioquia","El Bagre","2,026","303","289","0","0","35","403","151","3","0","0","5","0","0","0","0","0","4","0","0","0","0","592","POINT (-74.799097 7.5975)"
"68524","Santander","Palmas del Socorro","2,025","0","0","0","1","0","0","0","1","0","0","0","0","0","0","0","0","0","0","0","0","0","1","POINT (-73.287764 6.406139)"
"15808","Boyacá","Tinjacá","2,025","0","0","0","0","0","0","0","0","0","0","0","0","0","0","0","0","0","0","0","0","0","0","POINT (-73.646847 5.579713)"
"05021","Antioquia","Alejandría","2,026","0","0","0","0","0","0","0","0","0","0","0","0","0","0","0","0","0","0","0","0","0","0","POINT (-75.141346 6.376061)"
"15131","Boyacá","Caldas","2,026","0","0","0","0","0","0","0","0","0","0","0","0","0","0","0","0","0","0","0","0","0","0","POINT (-73.865553 5.55458)"
"68377","Santander","La Belleza","2,026","0","0","0","0","0","0","0","0","0","0","0","0","0","0","0","0","0","0","0","0","0","0","POINT (-73.965494 5.85925)"
"91669","Amazonas","Puerto Santander (Anm)","2,025","56","66","0","0","10","42","69","1","0","0","0","122","0","0","0","0","0","0","0","0","0","122","POINT (-72.384213 -0.621184)"
"05541","Antioquia","Peñol","2,025","7","2","0","0","0","0","0","3","6","0","0","0","0","0","0","0","0","0","0","0","0","9","POINT (-75.242693 6.219349)"
"54743","Norte de Santander","Silos","2,025","57","18","0","0","0","30","27","9","9","0","0","0","0","0","0","0","1","0","69","0","0","75","POINT (-72.757128 7.204736)"
"05197","Antioquia","Cocorná","2,024","79","73","0","2","1","137","4","3","9","0","1","0","0","0","0","2","0","0","0","0","0","154","POINT (-75.185483 6.058295)"
"52678","Nariño","Samaniego","2,024","442","458","0","0","0","313","577","3","5","2","6","4","0","0","0","0","0","0","0","0","0","900","POINT (-77.594341 1.335438)"
"25339","Cundinamarca","Gutiérrez","2,023","8","7","0","0","0","0","0","10","5","0","0","0","0","0","0","0","0","0","0","0","0","15","POINT (-74.003042 4.254679)"
"15759","Boyacá","Sogamoso","2,023","96","58","0","0","0","1","63","65","24","1","8","0","0","0","0","0","0","0","0","0","0","154","POINT (-72.9231 5.725677)"
"76563","Valle del Cauca","Pradera","2,023","18","12","0","0","0","0","1","23","6","0","19","1","0","0","0","0","0","0","0","0","0","30","POINT (-76.241832 3.419847)"
"05093","Antioquia","Betulia","2,026","49","54","0","0","0","102","1","0","0","0","0","0","0","0","0","0","0","0","7","0","0","103","POINT (-75.984452 6.115208)"
"05125","Antioquia","Caicedo","2,024","2","1","0","0","1","0","0","1","1","0","0","0","0","0","0","0","0","0","0","0","0","3","POINT (-75.98293 6.405607)"
"13580","Bolívar","Regidor","2,023","2","0","0","0","0","0","0","2","0","0","0","0","0","0","0","0","0","0","0","0","0","2","POINT (-73.821638 8.666258)"
"25843","Cundinamarca","Villa de San Diego de Ubaté","2,026","1","0","0","0","0","0","0","1","0","0","0","0","0","0","0","0","0","0","0","0","0","1","POINT (-73.814356 5.307528)"
"05842","Antioquia","Uramita","2,025","0","0","0","0","0","0","0","0","0","0","0","0","0","0","0","0","0","0","0","0","0","0","POINT (-76.173284 6.898393)"
"54223","Norte de Santander","Cucutilla","2,026","0","0","0","0","0","0","0","0","0","0","0","0","0","0","0","0","0","0","0","0","0","0","POINT (-72.772816 7.539633)"
"76020","Valle del Cauca","Alcalá","2,026","0","0","0","0","0","0","0","0","0","0","0","0","0","0","0","0","0","0","0","0","0","0","POINT (-75.779792 4.674994)"
"27001","Chocó","Quibdó","2,025","1,553","1,439","0","0","57","1,771","1,055","83","24","2","2,541","275","0","0","0","0","6","0","571","0","0","2,992","POINT (-76.626533 5.690997)"
"13894","Bolívar","Zambrano","2,025","260","339","0","0","0","97","487","13","2","0","152","0","0","0","0","0","0","0","154","0","0","599","POINT (-74.813714 9.746985)"
"25797","Cundinamarca","Tena","2,025","60","52","0","0","0","74","36","0","1","1","0","0","0","0","0","0","6","0","110","0","0","112","POINT (-74.389193 4.655286)"
"52685","Nariño","San Bernardo","2,025","193","181","0","0","11","216","146","1","0","0","0","0","0","0","0","0","0","0","114","0","0","374","POINT (-77.047412 1.514298)"
"15572","Boyacá","Puerto Boyacá","2,024","27","1","0","0","0","0","2","6","18","2","4","0","0","0","0","0","0","0","0","0","0","28","POINT (-74.587999 5.977935)"
"08832","Atlántico","Tubará","2,024","132","159","0","0","5","112","168","6","0","0","1","202","0","0","0","0","0","0","0","0","0","291","POINT (-74.978704 10.873586)"
"86571","Putumayo","Puerto Guzmán","2,024","268","268","0","0","2","289","203","34","7","1","15","75","0","0","0","0","1","0","0","0","0","536","POINT (-76.407274 0.962684)"
"25839","Cundinamarca","Ubalá","2,024","7","0","0","0","0","0","0","5","2","0","0","0","0","0","0","0","0","0","0","0","0","7","POINT (-73.533967 4.743995)"
"44855","La Guajira","Urumita","2,024","81","109","0","0","0","98","86","5","1","0","1","0","0","0","0","0","0","0","0","0","0","190","POINT (-73.012507 10.560169)"
"47551","Magdalena","Pivijay","2,024","270","267","0","0","3","198","316","19","1","0","0","0","0","0","0","0","0","0","0","0","0","537","POINT (-74.613312 10.460707)"
"23660","Córdoba","Sahagún","2,024","149","137","0","0","0","66","194","24","2","0","0","2","0","0","0","0","0","0","0","0","0","286","POINT (-75.445834 8.943048)"
"15500","Boyacá","Oicatá","2,024","83","102","0","0","1","111","71","2","0","0","0","0","0","0","0","0","0","0","0","0","0","185","POINT (-73.308399 5.595235)"
"47545","Magdalena","Pijiño del Carmen","2,023","8","2","0","0","0","0","0","8","2","0","0","0","0","0","0","0","0","0","0","0","0","10","POINT (-74.459257 9.334376)"
"50313","Meta","Granada","2,023","4","6","1","0","0","0","0","11","0","0","0","0","0","0","0","0","0","0","0","0","0","11","POINT (-73.712572 3.551865)"
"13001","Bolívar","Cartagena de Indias","2,026","512","445","0","0","0","483","459","7","8","0","361","3","0","0","0","0","0","0","0","0","0","957","POINT (-75.496269 10.385126)"
"44378","La Guajira","Hatonuevo","2,026","233","244","0","0","14","268","193","2","0","0","5","89","0","0","0","0","4","0","0","0","0","477","POINT (-72.759043 11.068859)"
"25807","Cundinamarca","Tibirita","2,026","0","0","0","0","0","0","0","0","0","0","0","0","0","0","0","0","0","0","0","0","0","0","POINT (-73.504514 5.052278)"
"19142","Cauca","Caloto","2,025","137","134","0","1","16","176","52","22","6","0","12","14","0","0","0","0","4","0","71","0","0","272","POINT (-76.408941 3.034531)"
"05361","Antioquia","Ituango","2,025","208","218","0","0","0","175","244","5","2","0","0","0","0","0","0","0","18","0","242","0","0","426","POINT (-75.764673 7.171629)"
"68861","Santander","Vélez","2,025","350","369","0","0","47","343","320","7","2","0","0","0","0","0","0","0","14","0","67","0","0","719","POINT (-73.666299 6.010953)"
"52240","Nariño","Chachagüí","2,025","217","255","0","0","16","169","277","5","5","0","0","1","0","0","0","0","1","0","145","0","0","472","POINT (-77.281701 1.360328)"
"20032","Cesar","Astrea","2,025","162","135","0","0","0","114","177","6","0","0","0","0","0","0","0","0","0","0","195","0","0","297","POINT (-73.975842 9.498062)"
"25653","Cundinamarca","San Cayetano","2,025","48","45","0","0","10","38","39","4","1","1","0","0","0","0","0","0","0","0","1","0","0","93","POINT (-74.024754 5.332938)"
"68344","Santander","Hato","2,025","3","0","0","2","0","0","0","2","3","0","0","0","0","0","0","0","0","0","0","0","0","5","POINT (-73.308399 6.543957)"
"76834","Valle del Cauca","Tuluá","2,024","6","8","0","1","0","0","0","11","3","1","0","0","0","0","0","0","0","0","0","0","0","15","POINT (-76.19761 4.085335)"
"19845","Cauca","Villa Rica","2,024","2","1","0","0","0","0","0","0","3","0","2","0","0","0","0","0","0","0","0","0","0","3","POINT (-76.458025 3.17762)"
"76828","Valle del Cauca","Trujillo","2,023","0","1","0","0","0","0","0","0","1","0","0","0","0","0","0","0","0","0","0","0","0","1","POINT (-76.318818 4.212037)"
"15638","Boyacá","Sáchica","2,023","0","0","0","0","0","0","0","0","0","0","0","0","0","0","0","0","0","0","0","0","0","0","POINT (-73.542539 5.584305)"
"52083","Nariño","Belén","2,025","0","0","0","0","0","0","0","0","0","0","0","0","0","0","0","0","0","0","0","0","0","0","POINT (-77.015621 1.595719)"
"05142","Antioquia","Caracolí","2,026","0","0","0","0","0","0","0","0","0","0","0","0","0","0","0","0","0","0","0","0","0","0","POINT (-74.757421 6.409829)"
"25506","Cundinamarca","Venecia","2,026","0","0","0","0","0","0","0","0","0","0","0","0","0","0","0","0","0","0","0","0","0","0","POINT (-74.478301 4.089056)"
"54344","Norte de Santander","Hacarí","2,026","0","0","0","0","0","0","0","0","0","0","0","0","0","0","0","0","0","0","0","0","0","0","POINT (-73.145997 8.321506)"
